Actual_RUL,LSTM_Prediction
113,122.04143
112,122.126495
117,119.91407
116,121.6079
115,120.4856
114,122.75378
113,122.97323
112,122.76104
111,121.19951
110,122.425026
109,122.00013
108,121.175026
107,121.93145
106,122.58257
105,122.428444
104,119.87412
103,118.4531
102,119.699745
101,119.15308
100,120.96088
99,121.01509
98,121.63256
125,111.23465
125,118.25438
125,115.54136
125,117.07821
125,110.02581
125,109.182976
125,112.8309
125,115.230484
125,110.88767
125,117.22612
125,116.56469
125,118.3148
125,113.83054
125,111.90108
125,108.00463
125,103.55698
125,108.35117
125,104.61625
125,115.433075
125,116.93815
125,117.77936
125,118.04699
125,119.023415
125,119.21981
125,117.93116
125,118.86553
125,119.031136
125,117.43952
125,115.31243
125,115.68928
125,117.67976
125,118.917694
125,120.79006
125,118.97566
125,119.88692
125,119.37033
125,120.21716
125,121.583725
125,119.88409
125,118.62256
125,118.41196
124,118.57688
123,116.983376
122,112.932625
121,116.84488
120,118.9864
119,120.348724
118,119.59084
117,120.557495
116,120.27858
115,121.76948
114,121.28367
113,121.59678
112,120.08525
111,117.96618
110,119.2114
109,117.95645
108,112.690926
107,106.84229
106,110.09212
105,108.69215
104,115.6363
103,116.70211
102,114.39959
101,116.69509
100,110.67806
99,114.3332
98,115.2938
97,115.120255
96,115.859695
95,117.03904
94,117.481735
93,114.33169
92,108.52626
91,106.72634
90,97.54757
89,105.674576
88,108.56687
87,112.275314
86,114.00062
85,117.63138
84,114.63124
83,114.80685
82,110.606834
81,102.33845
80,93.15993
79,90.07406
78,77.322105
77,73.818695
76,68.14898
75,61.348278
74,58.599064
73,56.3034
72,50.82422
71,46.828976
70,38.77875
69,37.467117
125,120.68505
125,121.30946
125,120.91749
125,121.49176
125,121.70521
125,122.28403
125,123.200745
125,121.52798
125,120.3557
125,120.424286
125,121.055984
125,121.55985
125,122.37312
125,121.91457
125,121.57452
125,121.02999
125,119.76503
125,116.93506
125,118.44841
125,120.34568
125,120.44998
125,118.69864
125,118.05096
125,118.36872
125,119.64886
125,118.525665
125,120.0313
125,119.80408
125,118.08643
125,117.94478
125,117.13381
125,118.58134
125,120.34952
125,120.97225
124,121.731384
123,120.18178
122,120.52725
121,121.59522
120,121.449684
119,119.632355
118,117.64354
117,116.48722
116,111.277275
115,103.64866
114,92.94668
113,81.41924
112,74.18135
111,74.98483
110,77.36981
109,78.61473
108,81.35911
107,78.69329
106,80.891945
105,79.59368
104,86.14825
103,89.98183
102,92.55114
101,94.686676
100,100.92797
99,106.30549
98,109.155235
97,118.49359
96,122.06655
95,122.12824
94,120.965675
93,120.81608
92,120.84915
91,119.60175
90,116.721306
89,113.6717
88,110.79446
87,106.35121
86,110.76869
85,111.486786
84,109.26534
83,105.635315
82,98.04702
125,122.08708
125,121.44744
125,122.16448
125,120.86555
125,121.09092
125,118.56202
125,116.92168
125,113.44633
125,112.61013
125,111.540245
125,110.62995
125,107.55949
125,98.3109
125,94.827126
125,88.372
125,87.08077
125,85.840996
125,83.02424
125,77.954735
125,75.14373
125,71.59393
125,70.37789
125,69.444435
125,69.39691
125,73.80105
125,70.58471
125,75.367256
125,86.9803
125,95.76123
125,99.75709
125,102.58882
125,114.02979
125,115.661934
125,114.87319
125,113.13811
124,116.50807
123,118.45245
122,119.05443
121,117.98915
120,115.21849
119,115.2174
118,111.41919
117,111.8712
116,115.719765
115,109.314
114,104.833626
113,96.91924
112,100.45797
111,103.729576
110,94.99142
109,88.23487
108,92.718666
107,93.96885
106,92.26507
105,87.577675
104,88.42693
103,99.18118
102,103.39744
101,95.682
100,92.92319
99,101.187416
98,108.272804
97,100.86687
96,94.50787
95,82.05816
94,86.07273
93,79.430504
92,89.82687
91,89.151054
125,122.767845
125,122.5919
125,121.721565
125,119.68485
125,118.35479
125,110.74854
125,108.68777
125,114.157455
125,120.10683
125,122.71523
125,117.28377
125,117.26199
125,120.33445
125,121.17855
125,114.48338
125,113.01234
125,117.17923
125,120.00814
125,120.85703
125,121.375755
125,121.7263
125,121.57139
125,120.14058
125,118.1473
125,117.6834
125,117.44186
125,114.80435
125,108.90894
125,111.455864
125,106.874596
125,109.18757
125,114.583824
125,115.43292
125,117.90595
125,117.51046
125,116.61128
125,117.28974
125,116.690346
125,115.87348
125,113.16823
125,109.93804
125,101.089485
125,98.482124
125,99.02638
124,106.236855
123,114.963554
122,118.55933
121,117.92015
120,118.02152
119,118.01297
118,118.002884
117,114.52267
116,119.28539
115,119.53604
114,120.77189
113,120.367714
112,119.60166
111,119.59287
110,120.020325
109,118.122444
108,118.2402
107,118.084145
106,109.90084
105,102.19358
104,117.33404
103,117.127235
102,107.89773
101,111.21176
100,112.56975
99,108.46417
98,104.63055
97,95.897835
96,78.44985
95,78.44732
94,80.00568
93,79.95959
125,124.0612
125,124.05384
125,124.13404
125,124.11983
125,123.92649
125,123.83378
125,123.426834
125,123.458496
125,123.58509
125,123.71256
125,123.586006
125,123.48572
125,123.332375
125,123.1904
125,123.073044
125,122.92342
125,123.2369
125,122.95092
125,122.92196
125,123.11132
125,122.94664
125,123.309906
125,123.589226
125,123.536095
125,123.49741
125,123.592445
125,123.272446
125,123.096115
125,123.097885
125,123.20605
125,123.53507
125,123.72416
125,123.82709
125,123.80727
125,123.7919
125,123.673485
125,123.41629
125,123.10652
125,122.88877
125,122.493004
125,123.154396
125,123.27865
125,123.51017
125,123.14712
125,122.493065
125,121.43775
125,121.59365
125,121.594604
125,121.20679
125,121.12333
125,120.74503
125,120.55685
125,120.972824
125,120.077965
125,120.20896
125,121.086784
125,121.447716
125,121.86845
125,121.07632
125,119.55487
125,119.088005
125,119.70445
125,121.47809
125,121.86408
125,121.73949
125,121.95589
125,120.84388
125,120.91726
125,119.647484
125,117.12391
125,114.721245
125,108.968376
125,107.98074
125,103.936386
125,105.025536
125,109.259415
125,116.485634
125,116.231575
125,117.25113
125,117.70948
125,115.39878
125,109.356026
125,107.66532
125,104.32507
125,99.55546
125,96.01846
125,97.46505
125,99.00544
125,96.00884
125,89.6467
125,86.82697
125,91.09957
125,94.96391
125,99.147766
125,105.06326
125,108.13426
125,103.54972
124,103.02948
123,99.70106
122,95.56706
121,95.75595
120,96.887596
119,96.69717
118,94.54026
117,95.75129
116,102.48745
115,105.32953
114,103.57046
113,96.92213
112,99.66147
111,103.14127
110,96.550064
109,87.75502
108,84.829216
107,78.847305
106,73.218346
105,72.7967
104,72.89499
103,69.63375
102,70.436806
101,71.90581
100,81.15345
99,88.11854
98,91.388725
97,92.02239
96,94.28089
95,95.20023
94,98.02001
93,96.8093
92,97.7669
91,96.92842
125,123.875435
125,123.104004
125,122.3366
125,121.21317
125,121.506615
125,121.002235
125,120.174515
125,120.31427
125,121.45296
125,121.24052
125,122.03292
125,122.37974
125,123.03564
125,122.277306
125,122.803795
125,122.98598
125,122.48272
125,122.21505
125,122.5745
125,123.07296
125,121.83556
125,122.422295
125,121.308784
125,119.78736
125,119.528496
125,120.23383
125,118.171524
125,118.66311
125,116.870964
125,119.19854
125,120.40322
125,121.36684
125,121.80199
125,122.0303
125,122.43671
125,122.478096
125,122.677895
125,122.97709
125,123.16672
125,123.173
125,123.30778
125,122.82604
125,123.10585
125,122.49848
125,122.49299
125,121.67365
125,121.05059
125,122.26386
125,121.9744
125,120.51562
125,120.26404
125,118.57926
125,119.10749
125,119.898705
125,117.65241
125,105.46466
125,110.00402
125,114.06811
125,112.120705
125,121.16976
125,118.09316
125,121.94746
125,122.9231
125,123.18577
125,123.57091
125,123.416306
125,123.24096
125,123.504005
125,123.67857
125,123.66303
125,123.47312
125,123.22457
125,122.29458
125,122.39924
125,122.56236
125,122.49113
125,122.32166
125,117.125175
125,103.83791
125,100.7046
125,95.71649
125,91.95665
125,80.10585
125,83.14512
125,102.831215
125,117.542206
125,120.63184
125,118.75608
125,122.32104
125,121.46469
125,122.74647
125,122.90325
125,121.844536
125,120.49648
125,120.106255
125,119.90414
125,117.90615
125,117.574295
125,116.951836
125,113.43138
125,108.862
125,109.94848
125,113.74465
125,109.93799
125,113.9982
125,117.35333
125,116.68595
124,113.64601
123,110.66624
122,112.08758
121,105.235664
120,102.48783
119,103.962906
118,107.1268
117,107.65969
116,97.95223
115,106.82787
114,113.2568
113,111.54831
112,114.52867
111,111.84037
110,106.18468
109,106.27809
108,104.07476
107,96.80344
106,105.780876
105,102.98047
104,105.52005
103,100.5371
102,99.48362
101,102.44305
100,102.90388
99,100.41828
98,104.34994
97,111.728294
96,112.5856
95,114.58318
125,120.22826
125,117.524956
125,119.90113
125,119.221794
125,118.91096
125,117.85679
125,119.49906
125,119.49583
125,121.17184
125,120.99633
125,120.6203
125,119.44069
124,115.21422
123,109.5951
122,105.89651
121,101.113884
120,104.55327
119,111.46163
118,120.073326
117,122.13389
116,122.804535
115,122.542076
114,122.323845
113,120.550545
112,120.69405
111,118.50764
125,118.67414
125,118.26622
125,118.79705
125,118.67099
125,118.44438
125,117.96305
125,117.28482
125,118.39698
125,120.7686
125,121.41967
125,122.51688
125,122.023125
125,121.9851
125,122.89568
125,122.99804
125,123.3439
125,123.49907
125,123.48837
125,123.38972
125,122.95846
125,122.71516
125,121.377556
125,120.47738
125,120.53884
125,121.547966
125,122.093575
125,122.283844
125,122.2066
125,121.464165
125,120.43826
125,120.61036
125,121.58629
125,121.71095
125,121.7136
125,121.66123
125,121.60448
125,119.88798
125,119.951935
125,118.295906
125,118.06995
125,116.42999
125,116.89024
125,117.15847
125,117.367424
125,118.320465
125,119.15475
125,119.52932
125,120.459465
125,121.49655
125,121.812386
125,121.72537
125,122.31805
125,122.17489
125,121.1448
125,121.52027
125,121.29829
125,120.7582
125,120.12754
125,119.95342
125,119.12874
125,118.88718
125,118.241035
125,116.348175
125,117.903435
125,118.61861
125,118.314705
125,118.239876
125,117.27154
125,113.50048
125,105.82213
125,105.8543
125,104.83173
125,100.9945
125,102.13683
125,99.12476
125,95.31597
125,91.44277
125,91.785446
125,93.16285
125,92.93174
125,97.29646
125,100.562355
125,104.29055
125,112.07377
125,115.595314
125,118.83943
125,119.3324
125,121.20564
125,120.96291
125,120.75626
125,120.272606
125,120.091484
125,121.345116
125,121.93269
125,122.61472
125,121.97147
125,120.71018
125,120.06346
125,119.883316
125,115.825645
125,116.46136
125,107.601166
125,96.32983
125,90.87229
125,88.201004
125,85.92875
125,84.69845
125,84.59325
125,84.47265
125,82.99415
125,84.28367
125,87.52825
125,90.91711
125,97.33406
125,101.933784
125,104.88839
125,109.739555
125,112.13198
125,113.52196
125,112.794624
125,107.43559
125,109.00771
125,115.050224
125,116.63244
125,119.61257
125,119.52256
125,119.61935
125,120.2739
125,117.49961
125,110.66411
125,95.36225
125,87.44308
125,82.50529
125,86.575264
124,84.279076
123,87.81984
122,90.02014
121,93.90989
120,91.89818
119,88.72172
118,86.644165
117,86.47414
116,86.21258
115,87.2
114,85.511604
113,82.990166
112,83.40137
111,79.98116
110,85.10647
109,89.71132
108,91.694115
107,93.29858
106,97.749916
105,97.0655
104,106.44987
103,109.37347
102,110.839424
101,106.78456
100,97.44679
99,88.47873
98,97.41865
97,104.12303
96,110.85271
125,120.4655
125,119.616684
125,119.03511
125,119.68488
125,119.88212
125,121.595345
125,122.55984
125,122.582726
125,122.99237
125,123.114525
125,122.96919
125,123.152245
125,123.28678
125,123.236404
125,123.40739
125,123.33137
125,123.22585
125,122.970695
125,122.35471
125,120.40856
125,118.03419
125,114.65615
125,111.97735
125,109.29359
125,106.98864
125,101.31628
124,106.84876
123,104.88057
122,108.903114
121,107.817635
120,104.08516
119,107.8135
118,109.99708
117,112.34345
116,116.40355
115,119.14041
114,121.17485
113,122.74633
112,122.66423
111,121.91446
110,121.54425
109,122.59192
108,122.42925
107,120.55128
106,117.40641
105,113.72468
104,111.96356
103,105.54633
102,98.44619
101,95.116646
100,86.52689
99,87.50971
98,87.0617
97,83.33431
125,123.96604
125,123.812004
125,123.6132
125,123.68085
125,123.954384
125,123.92632
125,124.17512
125,124.182884
125,124.00308
125,123.907936
125,123.93694
125,124.03605
125,124.09079
125,124.08235
125,124.003746
125,124.0198
125,123.807365
125,123.809235
125,123.720764
125,123.85325
125,123.50868
125,123.41401
125,123.58082
125,123.83883
125,123.98438
125,124.1781
125,123.935776
125,123.953285
125,123.77053
125,123.886314
125,124.05041
125,123.80549
125,123.73434
125,123.854805
125,123.712975
125,123.71574
125,123.92781
125,123.95973
125,123.76438
125,123.62951
125,123.47474
125,123.239876
125,122.85744
125,122.52197
125,122.79287
125,122.4641
125,121.780266
125,121.70652
125,120.04893
125,120.55475
125,121.44376
125,121.468185
125,121.65108
125,121.146416
125,119.59598
125,118.507454
125,118.00979
125,117.629456
125,117.53179
125,115.368385
125,117.841484
125,115.534
125,112.326805
125,116.5624
125,108.966156
125,107.911766
125,108.684746
125,113.90561
125,114.96433
125,114.10379
125,116.30071
125,109.11065
125,112.69761
125,113.3418
125,116.642845
125,119.617195
125,121.26864
125,121.82697
125,121.845955
125,121.92147
125,121.60688
125,122.09049
125,122.30757
125,122.0136
125,121.830956
125,121.40859
125,120.88155
125,121.87453
125,121.95856
125,122.17413
125,122.7233
125,123.233215
125,123.23457
125,123.13205
125,122.41818
125,121.8894
125,122.108604
125,122.53913
125,123.01207
125,122.62166
125,122.27236
125,122.423676
125,121.57093
125,122.30695
125,122.707825
125,122.31985
125,122.30863
125,122.07792
125,121.66968
125,120.65621
125,119.72639
125,117.95138
125,118.793816
125,118.20542
125,118.19517
125,119.22337
125,118.816605
125,119.37931
125,117.98931
125,110.304855
125,109.979546
125,109.52805
125,106.12094
125,105.88474
125,106.52099
125,111.177795
125,114.18667
125,115.08091
125,110.947655
125,109.41334
125,109.894936
125,106.98176
125,103.052086
125,105.97738
125,104.19634
125,104.511925
125,99.81914
125,95.63719
125,93.721565
125,90.94778
125,97.15313
125,101.36076
125,109.583206
125,113.14947
125,112.94608
125,116.067894
125,117.69785
125,118.8718
125,121.7647
125,122.49386
125,122.56959
125,123.48198
125,123.05982
125,122.02454
125,120.96433
125,119.97744
125,117.14823
125,111.063324
125,108.03903
125,113.16186
125,111.67071
125,111.34814
125,114.91736
125,111.53972
125,98.53591
125,88.87127
125,91.040764
125,93.73264
125,92.39885
125,94.21607
125,91.28558
125,91.88218
125,93.15434
125,94.34901
125,95.51241
125,96.71327
125,98.06691
125,101.84089
125,104.91749
125,106.86233
125,110.454544
125,112.33904
125,112.18034
125,111.31351
125,106.68075
125,103.87397
125,99.2068
124,94.71891
125,123.318184
125,123.50688
125,123.493034
125,123.64071
125,123.78106
125,123.95226
125,123.872116
125,123.14471
125,121.978355
125,121.50819
125,121.607765
125,122.25596
125,121.03081
125,120.94211
125,119.5578
125,119.555824
125,118.74464
125,116.411705
125,115.00246
125,114.67818
125,115.23649
125,116.22095
125,112.24654
125,114.847435
125,118.441216
125,118.1733
125,119.53666
125,120.778206
125,120.70492
125,121.21114
125,121.66514
125,122.52317
125,123.26014
125,123.58895
125,123.761375
125,123.48292
125,122.31472
125,121.085915
125,120.84192
125,120.225685
125,120.43803
125,120.441414
125,119.69985
125,120.62371
125,118.84458
125,119.184
125,119.73379
125,120.11527
125,120.84878
125,121.24641
125,119.887764
125,112.77726
125,109.72309
125,109.19195
125,102.192505
125,100.24599
125,99.18616
125,97.87888
125,99.45404
125,102.58049
125,104.65485
125,105.90192
125,109.480415
125,109.130875
125,109.23814
125,109.52052
125,108.08544
125,109.1106
125,110.699
125,112.2961
125,114.48623
125,112.58222
125,106.15683
125,108.607346
125,112.85724
125,116.02778
125,118.2097
125,119.27006
125,120.044914
125,118.4847
125,117.066154
125,116.62129
125,118.67278
125,119.53489
125,118.41825
125,117.746765
125,118.944145
125,114.297386
125,113.24271
125,113.38517
125,109.55718
125,106.366234
125,103.78019
125,98.68398
125,95.88999
125,94.1276
125,90.47327
125,90.34724
125,91.87161
125,96.219154
125,93.790695
125,91.59623
125,87.33053
125,87.91863
125,87.70789
125,89.30016
125,96.12898
125,98.46119
125,92.342064
125,90.66179
125,93.07482
125,97.813515
125,101.447266
125,108.69507
125,108.307465
125,110.67158
125,113.63514
125,116.55927
125,117.600006
125,116.180695
125,110.975044
125,102.92555
125,95.32498
125,97.57064
125,101.3225
125,106.27397
125,104.35165
125,108.872154
125,108.8809
125,102.3636
125,96.27078
125,95.194664
125,95.840614
125,99.65322
125,102.49461
125,106.26627
124,100.74716
123,98.60755
122,96.75405
121,103.02023
120,103.22692
119,110.41352
118,107.06748
117,106.23748
116,104.78895
115,102.77247
114,100.73255
113,101.94825
112,98.26062
111,91.80518
110,91.038216
109,96.05206
108,95.69761
107,100.73613
106,107.983376
105,102.494446
104,105.08305
103,100.31433
102,97.56567
101,90.59457
100,93.80579
99,96.3597
98,95.18252
97,97.37868
96,91.788574
95,82.4169
123,121.42805
122,119.2015
121,117.912285
120,118.55118
119,117.7242
118,118.36878
117,117.74998
116,117.207054
115,116.67846
114,118.47097
113,116.390785
112,113.518684
111,107.49709
110,104.55991
109,94.23215
108,93.0401
107,93.56037
125,122.54635
125,121.98602
125,122.14871
125,122.75945
125,122.81984
124,123.20098
123,123.085976
122,123.1265
121,121.40131
120,120.093895
119,119.69938
118,117.64533
117,119.08556
116,119.38772
115,120.64724
114,122.19364
113,121.87011
112,122.41482
111,122.72967
110,122.58102
109,122.47595
108,122.85958
107,123.02092
106,123.02277
105,123.23319
104,123.02459
103,123.40164
102,123.32459
101,123.12859
100,123.35932
99,122.34886
98,122.052315
97,121.16451
96,120.811516
95,121.54775
94,122.56575
93,121.48262
92,121.66176
91,121.183784
90,121.23536
89,120.63134
88,117.273964
87,108.35529
86,104.63064
85,104.53214
84,106.630066
83,109.08463
125,123.95881
125,123.968925
125,124.02956
125,124.13355
125,124.09496
125,123.792244
125,123.7402
125,123.68316
125,123.846275
125,124.02426
125,124.05859
125,124.02769
125,123.86481
125,123.74409
125,123.830574
125,123.763695
125,123.6948
125,123.603035
125,123.26471
125,123.22169
125,123.03477
125,122.95428
125,123.42555
125,123.55773
125,123.746155
125,123.87343
125,123.76034
125,123.91472
125,123.93242
125,123.71291
125,123.60822
125,123.71273
125,123.67664
125,123.81725
125,123.50703
125,123.36631
125,123.26382
125,123.35284
125,123.120705
125,123.03935
125,122.708824
125,122.13501
125,122.249565
124,122.52143
123,122.51704
122,122.20206
121,122.16178
120,121.573814
119,121.51419
118,121.656525
117,121.79299
116,121.573204
115,122.14965
114,122.43157
113,122.56055
112,122.79492
111,122.89236
110,122.821335
109,122.12055
108,121.15363
107,120.92174
106,119.85477
105,119.700066
104,117.22866
103,109.256134
102,104.83274
101,97.64428
100,98.903915
99,100.68464
98,104.37393
97,102.12966
96,104.61196
95,106.56434
94,105.9289
93,104.97744
92,102.93039
91,101.32452
90,101.97316
89,103.73453
88,104.247406
87,102.54911
86,98.23612
85,96.357315
84,91.43546
125,117.46665
125,117.92119
125,116.35798
125,117.29296
125,116.955605
125,116.85206
125,118.381065
125,121.0171
125,121.75437
125,121.60055
125,118.83894
125,119.90681
125,121.02941
125,121.81579
125,122.15055
125,122.82229
125,123.02254
125,123.1602
125,122.7891
125,122.99104
125,123.06409
125,123.126656
125,123.01827
125,123.016075
125,123.335945
125,123.3328
125,123.62108
125,122.88135
125,122.49749
125,121.801216
125,120.428314
125,120.37904
125,120.79553
125,119.837234
125,120.1256
125,120.89544
125,119.63596
125,119.33188
125,119.974556
125,120.36411
125,119.833786
125,119.28978
125,116.39283
125,113.288445
125,110.61961
125,106.49095
125,102.07867
125,98.28296
125,99.15702
125,103.05337
125,104.74385
125,110.42019
125,114.30986
125,117.39436
125,118.8664
125,118.86979
125,119.89884
125,119.24102
125,120.09188
125,121.07836
125,121.44863
124,121.505226
123,122.31231
122,122.55891
121,122.34889
120,122.673195
119,121.95298
118,122.31786
117,122.63031
116,122.21112
115,121.83779
114,120.593346
113,119.294975
112,113.94675
111,110.8553
110,108.99247
109,102.60406
108,91.51197
107,88.66697
106,83.58962
105,79.69611
104,79.68395
103,78.818
102,82.34048
101,89.443886
100,94.46093
99,95.71452
98,91.92234
97,93.62052
96,89.60389
95,85.580956
94,82.16328
93,81.379585
92,81.48641
91,80.66516
90,82.91906
89,82.76152
88,83.86375
87,85.20778
86,85.96332
85,87.29572
84,81.80224
83,75.91039
82,74.81659
81,75.43876
80,72.60482
79,69.427284
78,66.271
77,66.07238
76,61.571514
75,63.50525
74,62.283962
73,63.248413
72,64.55178
71,64.72911
70,67.04432
69,70.00602
68,72.97497
67,70.88764
66,72.12189
65,73.79164
64,69.764366
63,64.883385
62,63.121773
61,61.455334
60,57.421566
59,56.65713
58,54.658733
57,52.681812
56,52.132412
55,50.930485
54,49.57476
53,50.619698
52,49.545887
51,51.23161
50,50.341454
125,121.56209
125,120.20684
125,119.1806
125,116.40414
125,113.52325
125,108.72146
125,104.16522
124,102.042175
123,101.01893
122,99.29716
121,101.40519
120,102.92266
119,99.38383
118,102.28001
117,108.31388
116,115.09837
115,115.92451
114,116.71238
113,117.92253
112,118.63038
111,119.356415
110,119.97598
109,121.62788
108,122.74551
107,123.166176
106,123.62774
105,123.73951
104,123.73664
103,123.6496
102,123.005844
101,122.62726
100,121.02418
99,118.08957
98,117.81836
97,104.02113
96,100.6424
95,100.00173
94,108.39532
93,110.33433
92,113.718544
91,113.69454
90,113.03556
89,117.356865
88,117.95368
87,117.95287
86,118.76552
85,117.12896
84,119.29937
83,119.937935
82,118.82618
81,117.49876
80,115.04373
79,113.669304
78,110.56982
77,106.05461
76,103.08097
75,102.35969
74,101.00085
73,96.61718
72,95.28695
71,96.02047
70,80.36621
69,88.67138
68,88.88178
67,84.22408
66,86.98939
65,87.499985
64,98.267494
63,106.30143
62,112.608894
61,118.390274
60,120.70808
59,122.008965
58,122.34464
57,122.45133
56,122.35087
55,120.2746
54,120.910446
53,118.74803
52,117.63078
51,116.73609
50,111.98401
49,96.76905
48,84.06736
47,76.91013
46,71.752335
45,67.574455
44,64.62918
43,61.00152
42,58.538624
41,55.513172
40,49.726635
39,47.299786
38,42.25774
37,38.782005
36,39.273335
35,33.62543
34,30.315702
33,26.786312
32,25.568521
31,25.903933
30,27.492401
29,26.21215
28,26.71458
125,122.51494
125,122.97797
125,122.92818
125,123.33333
125,123.537704
125,123.57545
125,123.73835
125,123.67444
125,123.339455
125,123.201454
125,123.04043
125,123.29737
125,123.64139
125,123.75358
125,123.743004
125,124.08892
125,124.28619
125,124.26934
125,124.22482
125,123.78475
125,123.844894
125,123.98513
125,123.92304
125,123.87467
125,123.80125
125,123.85882
125,123.70362
125,123.71382
125,123.57708
125,123.47965
125,123.48951
125,123.351616
125,123.29615
125,123.32702
125,122.68635
125,122.2582
125,122.04763
125,122.25859
125,122.830696
125,122.6444
125,122.28158
125,122.31994
125,122.31277
125,122.107765
125,121.615524
125,121.225555
125,120.17634
125,121.033455
125,121.04922
125,121.90708
125,121.88419
125,122.05577
125,122.5344
125,121.75188
125,121.178474
125,121.45312
125,121.70414
125,121.58786
125,122.169914
125,122.60673
125,122.7812
125,122.73856
125,122.65369
125,122.37145
125,122.36466
125,122.3308
125,121.19532
125,120.09179
124,120.2554
123,119.04211
122,119.759865
121,119.38543
120,120.7463
119,118.96087
118,117.09306
117,117.43481
116,112.98478
115,109.8106
114,106.76734
113,108.45641
112,109.97594
111,106.23911
110,105.894714
109,105.11146
108,104.16581
107,101.09385
106,104.47698
105,92.51779
104,88.04832
103,97.48407
102,107.88265
101,112.85369
100,119.23885
99,121.7976
98,122.65005
97,122.37517
96,123.0066
95,123.33235
94,123.164986
93,122.78472
92,122.99468
91,123.3335
90,123.15899
89,122.85386
88,122.915184
87,121.86228
125,121.106606
125,122.066536
125,120.51889
125,121.30468
125,118.95554
125,113.40244
125,118.63432
125,119.875534
125,120.41604
125,119.88142
125,119.65495
125,121.634384
125,122.79189
125,123.4872
125,122.78068
125,122.96848
125,123.04402
125,122.09894
125,121.490974
125,121.683495
125,121.79978
125,122.30372
125,122.66261
125,122.217995
125,122.44332
125,120.25006
125,113.250656
125,119.04197
125,118.37002
125,118.949905
125,117.76787
125,119.33281
125,119.76803
125,119.55132
125,119.78481
125,120.51978
125,120.337074
125,120.59629
125,119.06086
125,119.130974
125,120.217834
125,121.610054
125,121.126335
125,120.2412
125,120.51201
125,121.17255
124,121.266426
123,121.63546
122,120.6336
121,121.26754
120,113.32988
119,107.67601
118,104.566376
117,108.97357
116,112.698616
115,119.42036
114,122.7581
113,123.40409
112,124.212975
111,124.45755
110,124.361336
109,124.332985
108,124.04841
107,123.75388
106,123.344
105,123.02845
104,122.86794
103,122.46623
102,122.61964
101,121.583885
100,118.79829
99,117.41383
98,111.80474
97,114.62053
96,111.7348
95,108.76121
94,108.53245
93,99.42651
92,101.898865
91,105.80848
90,112.97953
89,116.073044
88,116.828804
87,118.471115
86,117.486626
85,119.30163
84,120.55098
83,120.35159
82,120.81467
81,121.51563
80,120.99089
79,120.65345
78,119.487076
77,119.54505
76,119.56547
75,119.20097
74,114.69839
73,107.74383
72,100.88807
71,94.58589
70,89.736374
69,83.01402
68,79.613495
67,78.5224
66,75.44348
65,74.57496
64,73.96087
63,75.176476
62,72.40154
61,66.33945
60,72.37657
59,71.7835
58,70.13442
57,72.10186
56,71.69885
55,68.53571
54,75.87192
53,78.55533
52,74.115395
51,77.404
50,73.14902
49,71.84341
48,69.0823
47,65.72675
46,67.29223
45,62.247272
44,44.860516
43,37.53903
42,29.262575
41,28.66422
40,28.608648
39,31.987856
38,30.073069
37,32.845947
36,36.537487
35,42.182793
34,43.106846
33,47.394405
32,44.21461
31,44.78034
30,46.736523
29,45.61718
28,44.213497
27,44.239494
26,43.640804
25,42.14169
24,40.22215
23,38.597954
22,37.43661
21,32.677364
20,27.908184
19,25.26653
18,21.989069
17,17.372812
16,14.695644
125,124.062004
125,123.94187
125,123.7156
125,123.47373
125,123.46006
125,123.70397
125,123.68963
125,123.7326
125,123.773476
125,123.86818
125,123.8047
125,123.514824
125,123.629326
125,123.718956
125,123.802574
125,123.79319
125,123.66404
125,123.842
125,123.88402
125,123.750824
125,123.69619
125,123.91883
125,123.85467
125,123.99174
125,123.87427
125,123.955376
125,123.959175
125,124.1316
125,124.091866
125,123.917725
125,123.74116
125,123.46553
125,123.53394
125,123.53475
125,123.39785
125,123.5653
125,123.9174
125,123.86803
125,123.91961
125,123.89642
125,123.834274
125,123.74666
125,123.96402
125,124.24739
125,124.18728
125,124.35225
125,124.220955
125,124.14862
125,123.989746
125,123.86177
125,123.7541
124,123.928825
123,123.75091
122,123.71193
121,123.38289
120,123.33784
119,123.62655
118,123.65311
117,123.473015
116,123.4694
115,123.00501
114,122.43586
113,121.924126
112,122.04064
111,121.605316
110,122.517944
109,122.28652
108,123.06116
107,123.31576
106,123.37617
105,122.60231
104,121.7085
103,121.92382
102,122.30671
101,121.654305
100,122.16238
99,122.36959
98,120.49642
97,120.49972
96,119.024536
95,114.45338
94,114.7716
93,103.93323
92,103.223114
91,90.65644
90,90.75076
89,89.892006
88,90.580635
87,92.12212
86,88.663635
85,86.565636
84,87.35188
83,83.27139
82,72.68618
81,70.95521
80,69.84559
79,70.377205
78,72.12891
77,72.133675
76,73.790344
75,81.572975
74,84.90609
73,82.35972
72,84.407875
71,88.20566
70,93.85053
69,92.15763
68,97.049835
67,101.76173
66,101.38583
65,97.96996
64,98.40732
63,94.80839
62,96.84501
61,96.17127
60,98.40948
59,96.856804
58,94.70643
57,90.24082
120,121.18263
119,121.57586
118,121.26734
117,120.17635
116,121.63923
115,122.171005
114,121.803635
113,122.57432
112,121.64184
111,122.8305
125,124.048935
125,124.09553
125,124.24041
125,124.1039
125,124.15525
125,124.19485
125,124.26344
125,124.12492
125,124.17498
125,124.311455
125,124.28952
125,124.30185
125,124.37529
125,124.23957
125,124.25004
125,124.28092
125,124.35575
125,124.384544
125,124.47423
125,124.408394
125,124.43501
125,124.30613
125,124.352615
125,124.36878
125,124.23327
125,124.18725
125,124.40216
125,124.47512
125,124.53615
125,124.357994
125,124.4425
125,124.240944
125,124.10517
125,123.801765
125,124.19347
125,124.34083
125,124.337975
125,124.28037
125,124.08436
125,124.039375
125,124.03393
125,123.84928
125,123.743324
125,123.735794
125,123.683014
125,123.63732
125,123.68164
125,123.62645
125,123.56087
125,123.6708
125,123.484856
125,123.505745
125,123.48591
125,123.23149
125,123.46755
125,123.40902
125,123.45816
125,123.51879
125,123.380905
125,123.57751
125,123.57376
125,123.94321
125,123.908516
125,123.796295
125,123.90942
125,123.79392
125,123.75811
125,123.80971
125,123.74618
125,123.80848
125,123.82664
125,123.81498
125,123.58298
125,123.466774
125,123.44352
125,123.6455
125,123.467735
125,123.321815
125,123.46816
125,123.273315
125,123.3332
125,123.04622
125,123.234245
125,123.47576
125,123.46425
125,123.526276
125,123.55197
125,123.66067
125,123.6509
124,123.72277
123,123.66297
122,123.70402
121,123.69932
120,123.78155
119,123.80164
118,123.46549
117,123.66004
116,123.30204
115,123.37975
114,123.5251
113,123.38343
125,123.99825
125,123.851654
125,123.43201
125,123.14117
125,122.32178
125,122.56403
125,122.395096
125,122.25608
125,121.80988
125,122.63437
125,123.00199
125,123.24776
125,123.93282
125,123.868034
125,123.958786
125,124.25694
125,124.18183
125,124.27909
125,124.427155
125,124.42721
125,124.157974
125,123.96259
125,124.25832
125,124.24441
125,124.111336
125,124.14002
125,123.747765
125,123.86859
125,123.637596
125,123.91177
125,123.64407
125,123.399284
125,123.15187
125,122.77244
125,121.9809
125,121.83031
125,122.24182
125,122.47528
125,122.1139
125,121.59051
125,120.764305
125,119.44609
125,118.82964
125,118.70633
125,116.93347
125,117.89772
125,120.05105
125,121.666435
125,122.25906
125,122.09278
125,121.81402
125,119.83184
124,119.48452
123,121.18696
122,119.832466
121,118.93079
120,117.337975
119,114.9941
118,112.65231
117,111.25462
116,110.25942
115,109.86299
114,108.68859
113,108.57288
112,107.94743
111,109.08033
110,110.707214
109,112.98359
108,112.43491
107,111.99489
106,110.29867
105,110.97922
104,114.782845
103,116.46114
102,116.29505
101,116.14714
100,118.63205
99,119.40508
98,120.009926
97,119.70328
96,118.20119
95,119.79504
94,119.2132
93,118.72905
92,118.29084
91,116.26945
90,115.32225
89,115.13033
88,109.66426
87,107.45366
86,102.458336
85,101.354454
84,101.01201
83,100.12194
82,97.13061
81,97.607704
80,98.22541
79,98.74324
78,98.721275
77,97.8687
76,92.96596
75,89.236145
74,89.24763
73,85.51272
72,81.30315
71,76.53404
70,78.70608
69,75.89489
68,75.205345
67,71.36772
66,67.183266
65,72.271706
64,71.4898
63,67.05874
62,65.85146
61,62.175133
60,61.232548
59,61.576885
58,59.146236
57,54.434345
56,52.292904
55,51.145992
54,48.72224
53,48.04177
52,47.231678
51,45.688007
50,46.96478
49,46.483875
48,45.27554
47,44.497944
46,43.312016
45,41.72717
44,41.43565
43,39.88422
42,39.13152
41,38.475796
40,39.03166
39,38.87057
38,37.37957
37,34.31101
36,32.18641
35,31.811773
34,30.281775
33,28.671423
32,27.49109
31,25.445486
30,24.642801
29,24.60618
28,24.443514
27,24.128275
26,24.33153
25,22.979198
24,22.058897
23,21.320131
22,20.392143
21,19.636066
20,18.802435
125,122.24146
125,121.993965
125,121.35967
125,120.7938
125,119.98901
125,120.58805
125,120.11393
125,119.16245
125,117.58915
125,114.962585
125,113.44628
125,110.08678
125,105.25097
125,107.00941
125,106.54015
125,103.99362
125,106.19836
125,110.75376
125,106.79231
125,119.395485
125,121.091064
125,121.825035
125,122.07886
125,121.238976
125,120.97684
125,121.415344
125,120.98701
125,122.309326
125,122.557495
125,122.116135
125,120.80114
125,120.44813
125,118.59826
125,116.02595
125,114.323494
125,113.5937
125,112.80208
125,115.37309
125,116.2459
125,115.81192
125,116.67622
125,117.53588
125,117.396904
125,118.513405
125,120.17225
125,121.8502
125,121.91293
125,121.96981
125,122.09649
125,122.623856
125,122.15997
125,121.35557
125,120.795586
125,117.07574
125,117.56929
125,118.55653
125,111.87348
125,105.06688
125,106.751366
125,109.98461
124,110.347694
123,113.94599
122,117.19102
121,118.84384
120,120.32926
119,121.08752
125,124.31393
125,124.40473
125,124.39913
125,124.39879
125,124.26605
125,124.21062
125,124.3106
125,124.31417
125,124.26248
125,124.38853
125,124.33822
125,124.27117
125,124.20988
125,124.29153
125,124.273094
125,124.144104
125,123.8331
125,123.69639
125,123.86924
125,123.87238
125,123.876045
125,123.78123
125,123.894295
125,123.84857
125,123.75672
125,123.90444
125,123.89606
125,124.0255
125,123.96187
125,123.98182
125,124.085724
125,124.08959
125,124.22016
125,124.31894
125,124.20803
125,124.22189
125,124.29905
125,124.13496
125,123.83681
125,123.77964
125,123.79412
125,123.5578
125,123.60203
125,123.73177
125,123.78042
125,123.48592
125,123.6083
125,123.32954
125,123.392525
125,123.411285
125,123.444916
125,123.17533
124,122.55483
123,122.636345
122,122.97938
121,123.04631
120,122.83959
119,122.8863
118,123.38525
117,123.21957
116,123.31863
115,123.386375
114,123.22147
113,122.94109
112,122.680595
111,123.24088
110,123.1246
109,123.09942
108,122.8595
107,122.61755
106,122.50171
105,123.076096
104,123.31475
103,123.224365
102,123.01464
101,122.550674
100,122.42583
99,121.72163
98,121.99961
97,121.591606
96,122.29452
95,122.321465
94,121.57903
93,121.05453
92,120.59993
91,117.00777
90,115.37928
89,111.30732
88,106.156715
87,105.802155
86,102.82404
85,96.88122
84,94.74427
83,92.85624
82,86.03797
81,81.82297
80,78.068954
79,73.10304
78,70.90505
77,73.55851
76,78.32581
75,84.79218
74,84.58822
73,79.29691
72,78.702156
71,75.51452
70,73.55814
69,75.46009
68,83.386246
67,89.92419
66,90.44248
125,120.79101
125,121.82527
125,122.96312
125,123.15711
125,123.079834
125,123.286736
125,123.11459
125,122.58156
125,121.94553
125,122.82966
125,122.81127
125,122.83321
125,122.72059
125,123.275475
125,122.78235
125,122.656624
125,122.97858
125,123.181335
125,123.22474
125,122.90843
125,123.38767
125,123.2731
125,122.821205
125,122.9217
125,123.32524
125,122.65656
125,121.517075
125,120.6005
125,122.21499
125,122.266014
125,120.74353
125,117.5216
125,113.82021
125,118.13325
125,118.191246
125,116.26935
125,113.009766
125,120.024475
125,121.82433
125,121.06452
125,121.696396
125,120.43127
125,123.14433
125,122.725365
125,121.912025
125,123.254745
125,123.75554
125,123.03773
125,123.36788
125,123.39981
125,123.743095
125,123.668175
125,123.57151
125,123.02694
125,122.995995
125,123.218315
125,123.15424
125,122.10917
125,121.929985
125,122.6016
125,123.10575
125,123.31271
125,123.219765
125,123.05335
125,122.976654
125,123.48663
125,122.055824
125,121.93626
125,119.43981
125,119.81517
125,117.36526
125,119.064674
125,119.54136
125,119.769844
125,120.70578
125,122.46038
125,121.64714
125,122.286156
125,121.79853
125,119.97357
125,116.34156
125,116.088394
125,118.9762
125,120.71115
125,121.200485
125,121.66334
125,121.78332
125,122.190315
125,121.94079
125,120.406044
125,122.51856
125,121.751205
125,121.310616
125,122.87922
125,121.27114
125,117.520485
125,116.52542
125,118.00057
125,120.8363
125,120.86071
125,120.089195
124,121.24028
123,120.75956
122,119.92515
121,119.32604
120,117.41456
119,113.18397
118,114.190636
117,111.93274
116,114.15844
115,115.95149
114,112.08907
113,107.2789
112,105.334236
111,102.90467
110,101.42426
109,99.87864
108,109.43802
107,115.6553
106,112.84568
105,116.67539
104,113.265656
103,107.634224
102,108.87461
101,114.127396
100,117.57085
99,119.32397
98,118.983604
97,117.319466
125,122.52364
125,122.79885
125,122.80978
125,122.50587
125,122.660255
125,122.66042
125,122.5026
125,122.2938
125,122.8456
125,122.53871
125,121.380424
125,121.31644
125,121.65189
125,121.502815
125,121.39452
125,122.244255
125,122.724205
125,123.204765
125,122.53243
125,121.854576
125,115.39481
125,115.23022
125,117.31805
125,117.06669
125,114.10078
125,111.81737
125,113.536354
125,112.44058
125,111.679214
125,112.533844
125,112.21864
125,113.000305
125,112.389824
125,116.407166
125,118.86631
125,120.95212
125,121.54679
125,121.647644
125,121.61305
125,121.158485
125,121.503075
125,122.09878
125,122.137535
125,122.7119
125,122.84781
125,123.14843
125,122.95844
125,121.97291
125,121.56873
125,118.946106
125,114.92319
125,111.71119
125,113.49886
125,117.13781
125,118.4994
125,115.82923
125,117.29831
125,117.38537
125,116.39295
125,116.79495
125,117.76777
125,115.447426
125,111.508995
125,109.6277
125,107.81282
125,107.62001
125,104.07772
125,102.88051
125,111.9208
125,117.45061
125,119.59728
125,120.73414
125,121.73419
125,123.23554
125,124.019585
125,124.2592
125,124.17042
125,122.86847
125,123.53193
125,123.56178
125,123.19606
125,123.45343
125,123.467186
125,123.50049
125,123.33024
125,123.17447
125,123.32264
125,123.991234
125,123.48763
125,122.864685
125,121.59783
125,122.47654
125,122.36744
125,121.26791
125,120.74274
125,119.85615
125,120.49855
125,116.98742
125,114.994484
125,114.593285
125,115.10235
125,115.48608
125,118.22691
125,116.97552
125,118.04352
125,118.80967
125,118.14477
124,119.584236
123,121.00424
122,121.16929
121,119.786804
120,118.77462
119,119.44603
118,121.03939
117,122.02067
116,122.29456
115,121.50446
114,121.50229
113,122.09868
112,122.36974
111,122.520454
110,122.4606
109,120.66465
108,120.22668
107,119.56798
106,118.29113
105,113.80786
104,115.47703
103,118.07934
102,118.31985
101,118.597115
100,117.09646
99,111.21087
98,112.175476
97,105.085976
96,105.610825
95,105.444824
94,102.011055
93,102.86495
92,99.74665
91,98.78791
90,99.64144
125,122.00413
125,122.60693
125,122.239044
125,123.13538
125,122.40504
125,123.072174
125,122.99006
125,122.39332
125,123.483955
125,123.18859
125,122.64471
125,123.2215
125,123.42151
125,123.53098
125,123.17563
125,122.282906
125,120.979645
125,115.38576
125,116.49675
125,121.10244
125,120.78004
125,118.735085
125,114.4253
125,116.928696
125,115.83932
125,114.501816
125,116.14952
125,115.24898
125,120.50711
125,122.25009
125,120.62295
125,118.40999
125,115.34792
125,118.08817
125,120.85479
125,122.28419
125,122.76388
125,123.54543
125,123.71397
125,124.075935
125,124.43772
125,123.80407
125,123.663155
125,122.1924
125,121.893364
125,122.58651
125,123.0445
125,122.205086
125,121.9775
125,122.75903
125,122.842476
125,121.42054
125,120.082664
125,120.98324
125,119.21591
125,116.88089
125,112.87262
125,110.16113
125,104.78179
125,104.843254
125,111.245056
125,115.72585
125,114.500755
125,115.83089
125,116.30409
125,119.1113
125,118.18123
125,115.74078
125,111.705956
125,111.35243
125,113.209724
125,112.98791
125,117.44184
125,120.98913
125,121.643555
125,122.034706
125,121.94763
125,121.00245
125,121.86204
125,121.90652
125,120.120445
125,117.86326
125,110.94405
125,101.900246
125,93.29255
125,87.80361
125,81.02441
125,71.29847
125,75.071014
125,76.234566
125,74.55616
125,70.67385
125,77.289894
125,76.14374
125,73.1542
125,78.83759
125,78.9203
125,72.562874
125,73.9774
125,74.767555
125,82.42289
125,79.262
125,83.613075
125,99.307724
124,98.484955
123,106.72831
122,107.24773
121,106.37562
120,100.8491
119,111.28814
118,103.204704
117,96.787926
116,86.93539
115,83.92969
125,120.48703
125,120.04836
125,120.44097
125,119.718185
125,120.13793
125,119.774254
125,120.63844
125,120.961586
125,121.01084
125,121.79087
125,121.16032
125,119.833374
125,115.99763
125,117.73269
125,119.04978
125,119.30563
125,119.50857
125,119.25417
125,115.673225
125,115.905205
125,117.24482
125,120.6876
125,122.67423
125,123.09375
125,123.34992
125,122.87882
125,122.298294
125,121.01887
125,117.84877
125,113.69562
125,111.39312
125,101.44416
125,97.11561
125,94.82387
125,88.73556
125,93.11791
125,103.09336
125,102.99426
125,104.354706
125,108.01436
125,110.31272
125,111.197655
125,115.191734
125,115.78103
125,118.37386
125,119.83905
125,120.755974
125,121.61615
125,122.50443
125,122.70772
124,123.00637
123,123.24377
122,123.799576
121,123.83164
120,123.865555
119,123.86865
118,123.88055
117,123.547874
116,123.17544
115,122.575165
114,122.21012
113,119.81461
112,115.40499
111,108.85296
110,105.304184
109,102.659935
108,101.67024
107,99.010254
106,96.750374
105,94.504585
104,94.61776
103,93.96283
102,87.213356
101,83.28545
100,81.26658
99,87.23854
98,89.065636
97,86.254845
96,81.36527
95,84.9286
94,85.90284
93,92.200294
92,98.01495
91,98.13616
90,105.02596
89,106.64174
88,103.16333
87,96.211395
86,85.64445
85,78.674644
84,74.500015
83,70.156685
82,67.31551
81,63.08533
80,61.485554
79,58.649445
78,57.91744
77,55.850945
76,53.430138
75,52.16351
74,52.58346
73,52.446705
72,51.299313
71,51.461536
70,55.297
69,57.269184
68,58.07201
67,55.3682
66,59.964016
65,63.515873
64,74.76937
63,80.39469
62,81.0476
61,83.863464
60,85.43805
59,80.19118
58,75.918144
57,73.68946
56,63.969913
55,58.070515
54,52.852676
53,52.63037
52,49.154377
51,50.10306
50,47.09819
49,49.96368
48,54.693596
47,50.351124
46,51.885357
45,52.09506
44,52.008587
43,48.717613
42,44.613766
41,38.58415
40,37.833553
39,36.144863
38,37.320866
37,34.694298
36,34.412075
35,38.05698
34,36.853786
33,34.764606
32,35.278767
31,35.24195
30,36.48199
29,36.348316
28,32.31912
27,29.644014
26,28.137072
25,26.64664
24,26.75531
23,25.806757
22,23.058077
21,22.734625
20,23.73731
19,23.187206
18,21.142672
17,20.236769
16,19.101532
15,19.010126
14,19.032043
13,18.462366
12,16.391886
11,15.205916
10,14.170105
9,14.192737
8,13.164499
125,123.55488
125,123.44547
125,123.023994
125,123.379
125,123.52775
125,123.569664
125,123.763054
125,123.28998
125,123.300575
125,123.55186
125,123.75802
125,124.15786
125,124.388855
125,124.45895
125,124.489555
125,124.390144
125,124.255714
125,124.01786
125,124.19971
125,124.17376
125,124.08607
125,124.384094
125,124.378555
125,124.28578
125,124.36506
125,124.37908
125,124.150925
125,124.238884
125,124.32956
125,124.03391
125,123.76173
125,123.73117
125,123.559166
125,123.35325
125,123.34076
125,123.37325
125,122.623405
125,122.35162
125,121.65334
124,119.68877
123,118.24398
122,117.67394
121,118.175865
120,118.68933
119,118.84391
118,117.769775
117,114.86161
116,115.853004
115,116.26798
114,118.81989
113,119.305885
112,117.57238
111,117.756424
110,118.23158
109,117.86269
108,119.06699
107,119.4391
106,120.59885
105,121.566795
104,122.61664
103,122.93276
102,122.420235
101,121.9782
100,121.5926
99,121.88711
98,120.98633
97,120.39174
96,118.92416
95,116.28035
94,112.63866
93,108.702156
92,105.23401
91,101.8067
90,97.61449
89,91.21483
88,87.97405
87,85.58852
86,83.38709
85,84.405495
84,85.46958
83,88.74596
82,87.83265
81,89.33919
80,90.64267
79,94.49809
78,99.91576
77,104.16101
76,108.28628
75,105.19643
74,97.55744
73,91.10841
72,89.38474
71,85.59414
70,82.272446
69,81.9524
68,80.30236
67,78.86982
66,76.21784
65,75.51214
64,70.70693
63,67.346535
62,67.67649
61,68.14027
60,64.956375
59,64.03793
58,60.80009
57,60.085117
56,61.036526
55,58.358154
54,57.06277
53,56.6277
52,54.48426
51,53.9367
50,50.86105
49,49.765038
48,48.458237
125,116.9015
125,110.94864
124,112.246544
123,110.70496
122,109.17811
121,108.63334
120,113.475395
119,112.89339
118,108.79504
117,109.86007
116,108.463264
115,106.83161
114,104.16711
113,100.04795
112,100.70431
111,108.20786
110,113.387276
109,118.43845
108,115.95318
107,116.55305
106,117.08845
125,124.82536
125,124.81191
125,124.813354
125,124.7781
125,124.649635
125,124.71564
125,124.80196
125,124.79461
125,124.79014
125,124.71516
125,124.72835
125,124.62914
125,124.66156
125,124.62732
125,124.71253
125,124.644066
125,124.65097
125,124.55003
125,124.518524
125,124.16064
125,124.19478
125,124.14047
125,124.30279
125,124.105965
125,123.805824
125,123.50774
125,123.50701
125,123.05761
125,122.935326
125,122.572205
125,121.06977
125,119.52197
125,118.43175
125,119.76063
125,119.4851
125,119.19198
125,119.509094
125,119.29035
125,120.05164
125,118.09083
125,117.57749
125,118.8821
125,120.18069
125,121.60614
125,122.366356
125,121.68331
125,121.32837
125,122.0668
125,122.35817
125,121.62357
125,122.09644
125,122.836296
125,122.59009
125,122.93545
125,122.82458
125,122.85585
124,123.14999
123,123.00135
122,121.743866
121,121.48145
120,119.97993
119,117.01107
118,115.712395
117,114.93052
116,109.959785
115,104.518486
114,100.54778
113,93.817894
112,91.07928
111,90.62832
110,83.0438
109,76.09379
108,76.34975
107,79.33436
106,81.41623
105,83.966606
104,86.35955
103,89.28372
102,92.860664
101,94.82615
100,98.27744
99,97.175674
98,91.76666
97,90.92109
96,90.31103
95,95.1674
94,97.22067
93,100.28632
92,99.16344
91,100.70629
90,103.16812
89,110.06548
88,112.979164
87,112.976875
86,113.244064
85,110.46963
84,108.6054
83,107.172386
82,110.21638
81,113.64292
80,115.202354
79,116.25488
78,116.88434
77,119.01663
76,115.77743
75,113.97453
74,114.820404
73,117.40977
72,117.91267
71,117.561745
70,119.57189
69,116.98964
68,115.09204
67,108.8529
66,105.17187
65,98.94817
64,89.66125
63,85.884056
62,86.95338
61,81.18988
60,74.592354
59,64.147
58,58.08261
57,57.064194
56,52.78831
55,49.14958
54,49.234764
53,46.90554
52,44.963223
51,44.2183
50,45.860207
49,46.78535
48,44.40948
47,44.61599
46,43.179234
45,42.684513
44,40.39509
43,39.78368
42,40.319767
41,39.884808
40,41.05642
39,36.78069
38,33.228622
37,32.47623
36,33.36658
35,33.09361
34,32.602715
33,29.082193
32,28.568174
31,27.992311
30,27.599844
29,25.890554
28,26.724804
27,26.13603
26,24.329674
25,23.725998
24,24.642012
23,22.758715
22,21.127172
21,20.644476
20,20.326231
19,17.710592
18,17.873808
17,16.380808
16,16.464617
15,16.629416
14,16.144604
13,15.28224
12,13.960827
11,13.5134325
10,11.330015
9,10.355077
8,9.403679
7,7.159073
125,120.88538
125,118.39324
125,117.256874
125,115.06185
125,108.23116
125,100.27337
125,97.71516
125,95.087456
125,90.415535
125,76.999245
125,76.922104
125,78.96319
125,82.49077
125,88.31578
125,88.10541
125,79.31411
125,75.92593
125,83.05015
125,84.04183
125,90.80316
125,96.92762
125,106.90116
125,107.83046
125,111.14555
125,114.92167
125,119.38377
125,119.962975
125,120.07519
125,119.34773
125,120.249374
125,121.41992
125,123.21226
125,123.59694
125,123.84804
125,123.24642
125,123.905846
125,123.63389
125,122.267784
125,121.565865
125,120.02884
125,119.29943
125,118.97979
125,116.94141
125,114.63164
125,114.07024
125,116.20887
125,117.33133
125,116.95931
125,113.45734
125,109.225945
125,106.39274
125,102.95136
125,95.3801
125,87.69272
125,77.74967
124,73.52805
123,72.9383
122,67.988045
121,68.14724
120,69.90012
119,71.098915
118,70.00024
117,67.00284
116,67.41645
115,69.55813
114,74.06755
113,74.45188
112,75.600395
111,72.9553
110,68.84135
109,64.96233
108,65.500694
107,68.22895
106,70.471664
105,78.54343
104,81.850975
103,88.98559
102,96.2519
101,103.36052
100,104.293465
99,110.920334
98,109.5657
97,106.376625
96,106.57038
95,98.71116
94,99.74229
93,97.82549
92,98.64958
91,100.30016
90,102.91325
89,98.05446
88,94.78457
87,93.94233
86,92.85514
85,104.07499
84,108.847015
83,105.048805
82,101.18836
81,96.41936
80,84.69904
79,71.9992
78,66.29901
77,58.596905
76,53.111202
75,50.6445
74,47.638897
73,50.061
72,50.03635
71,53.6582
70,63.114513
69,57.400177
68,58.310757
67,54.128696
66,48.53288
65,50.068577
64,49.692062
63,54.369976
62,51.605785
61,44.894264
60,41.841724
59,45.571194
58,41.87009
57,42.94282
56,50.81452
55,52.298073
54,56.398422
53,55.54378
52,51.73529
51,55.19362
50,48.247486
49,44.48459
48,45.17126
47,46.26682
46,43.738487
45,48.116497
44,49.138
43,50.81484
42,50.602215
41,45.13634
40,41.379498
39,43.80872
38,45.51717
37,43.16145
36,40.00989
35,38.75664
34,37.03074
33,31.932394
32,26.921623
31,24.284231
30,24.825228
29,25.978369
28,24.561712
27,27.537045
26,25.925632
25,25.729784
24,25.51868
23,25.466763
22,21.747345
21,20.482695
20,20.583364
19,21.00186
18,21.7128
17,20.605412
16,19.412668
15,19.67734
14,17.565155
13,16.221064
12,14.164483
11,11.831307
115,98.332726
114,94.90808
113,90.687294
112,82.466835
111,79.83233
110,80.39503
109,82.93265
108,84.00149
107,84.21876
106,84.041756
105,79.662926
104,83.76522
103,84.15151
102,87.271484
101,92.46859
100,93.37525
99,93.66084
98,92.10874
97,88.65746
96,92.15201
95,99.46157
94,106.41362
93,110.38347
92,114.63986
91,119.204956
90,119.47576
89,120.097244
88,121.0668
87,122.1151
86,122.306335
85,122.01928
84,120.497185
83,120.70957
82,120.02006
81,121.14651
80,120.92497
79,121.11974
78,121.34515
77,121.7926
76,121.21789
75,120.4646
74,118.00347
73,115.45362
72,112.432625
71,109.28948
70,106.29888
69,107.42229
68,99.00428
67,86.55139
66,89.2985
65,94.39184
64,86.586685
63,77.34848
62,73.47538
61,69.796555
60,61.65701
59,65.78525
58,67.491905
57,68.4334
56,61.42986
55,60.59207
54,61.93489
53,61.008247
52,60.806038
51,56.985523
50,58.346714
49,52.860622
48,53.443188
47,50.460552
46,55.271614
45,48.72581
44,51.327045
43,50.8029
42,49.250343
41,47.605186
40,44.45844
39,48.64424
38,51.4727
37,47.44081
36,46.435513
35,42.670666
34,41.64778
33,44.149315
32,43.15057
31,40.41985
30,39.118767
29,38.155064
28,36.386784
27,35.230335
26,34.24393
25,35.65474
24,31.989286
23,31.768122
22,31.12816
21,29.373146
20,27.112917
19,25.544144
112,123.457466
111,123.58359
110,123.29015
109,123.15635
108,123.15775
107,123.391716
106,123.58006
105,123.48243
104,123.39206
103,123.28443
102,122.91827
101,123.03764
100,123.187065
99,123.0902
98,123.359726
97,123.44773
96,123.29256
95,122.92384
94,122.782005
93,122.73911
92,122.67017
91,122.86942
90,122.8668
89,122.82026
88,122.55771
87,122.68576
86,122.47511
85,123.21515
84,123.17368
83,123.360954
82,122.774925
81,122.47681
80,122.653854
79,122.5693
78,122.627464
77,122.10555
76,122.167564
75,122.26389
74,122.70754
73,122.03753
72,121.5166
71,121.92513
70,121.62629
69,121.4773
68,120.595245
67,119.89691
66,119.401375
65,120.07696
64,118.29102
63,115.34565
62,110.63001
61,111.013054
60,105.28739
59,101.77653
58,94.34707
57,90.159454
56,88.46212
55,91.54899
54,93.14301
53,83.728264
52,77.37484
51,75.23951
50,73.187294
49,70.07447
48,67.5413
47,65.82258
46,61.41013
45,60.42628
44,59.681168
43,59.333466
42,57.36098
41,55.648148
40,52.981094
39,54.172474
38,53.88635
37,52.864925
36,54.76129
35,55.052906
34,51.652676
33,49.84674
32,48.73998
31,45.93612
30,39.779537
29,37.52967
28,33.05126
27,31.4204
26,30.978376
25,30.957321
24,28.33353
23,26.956474
22,26.775171
21,26.030275
125,120.89595
125,121.63283
125,122.001625
125,120.21841
125,119.77027
125,118.24182
125,118.461006
125,119.0435
125,117.04524
125,114.4243
125,115.96265
125,118.41555
125,118.101364
125,116.75386
125,115.96305
125,115.051414
125,113.40751
125,114.42805
125,110.33309
125,102.10513
125,95.63131
124,100.30085
123,105.40137
122,108.83297
121,105.34762
120,101.68435
119,98.485634
118,97.500404
117,96.02916
116,96.03447
115,98.619545
114,104.00123
113,103.25026
112,104.59047
111,104.99352
110,102.84208
109,104.03868
108,108.4671
107,107.87707
106,110.03744
105,112.95417
104,113.51387
103,115.395195
102,116.00936
101,115.659744
100,117.710594
99,120.62262
98,122.11198
97,122.19652
96,122.97065
95,122.13244
94,122.55681
93,122.46436
92,122.04566
91,121.67849
90,121.07426
89,121.43036
88,119.65593
87,120.13132
86,121.431015
85,120.49513
84,120.219795
83,115.5698
82,113.52599
81,113.80262
80,110.09962
79,110.078156
78,112.61356
77,113.848366
76,114.128075
75,111.42373
74,106.09202
73,104.85987
72,96.569885
71,91.246414
70,88.55808
69,86.429115
68,90.20932
67,93.52847
66,94.84579
65,98.46487
64,94.95983
63,87.39121
62,85.545166
61,81.23246
60,78.73753
59,75.109184
58,74.38336
57,75.04444
56,71.46255
55,68.790245
54,64.918144
53,65.92341
52,62.943012
51,57.36769
50,52.537632
125,122.96445
125,123.31919
125,122.83318
125,123.33519
125,123.843994
125,123.74126
125,123.61761
125,123.48044
125,121.043945
125,120.8711
125,120.50895
125,120.54883
125,117.012794
125,115.51962
125,107.28395
124,107.90627
123,92.85566
122,88.24918
121,79.39256
120,79.887245
119,79.53417
118,82.76861
117,81.93435
116,85.000946
115,100.15421
114,93.98322
113,98.25307
112,91.431465
111,102.229256
110,94.334724
109,85.92617
108,78.65693
107,72.49976
106,71.74
105,73.85569
104,74.9564
103,77.12006
102,76.38958
101,80.52149
100,83.76673
99,97.92507
98,103.6235
97,102.3202
96,98.289696
95,86.64175
94,89.59274
93,89.10374
92,74.729744
91,67.93971
90,66.55422
89,70.94442
88,70.22946
87,73.24656
86,77.45726
85,79.394424
84,80.560104
83,81.069916
82,86.03689
81,91.37319
80,92.80287
79,97.27096
78,102.98221
77,102.9566
76,104.70393
75,104.944885
74,100.9469
73,98.25781
72,99.19363
71,99.5608
70,102.95612
69,103.8095
68,100.071754
67,101.57938
66,99.45071
65,94.110115
64,88.50141
63,93.767006
62,90.68806
61,90.06472
60,82.165794
59,82.315865
58,74.359276
57,67.61722
56,60.901814
55,59.29584
54,61.18526
53,58.475784
52,56.64455
51,59.737442
50,60.60735
49,61.92332
48,63.271282
47,65.606964
46,67.18932
45,62.451466
44,57.580814
43,55.937763
42,56.464077
41,54.586575
40,49.832268
39,49.06362
38,48.334457
37,47.28477
36,42.957485
35,41.3393
34,39.555176
33,38.2952
32,36.86329
31,35.138405
30,35.137367
29,35.485886
28,35.821163
111,124.12728
110,124.10699
109,123.91438
108,123.90118
107,123.88136
106,124.05101
105,124.079254
104,123.99772
103,124.12464
102,124.0891
101,124.07322
100,124.226685
99,124.10014
98,124.01568
97,123.598274
96,123.75755
95,123.92068
94,123.97132
93,123.83893
92,123.74341
91,123.77332
90,123.79238
89,123.631096
88,123.64611
87,123.72436
86,123.710236
85,123.76591
84,123.70516
83,123.552
82,123.43188
81,123.2525
80,122.81983
79,122.86854
78,122.754005
77,123.082436
76,123.002365
75,122.82365
74,122.570175
73,123.01675
72,123.39832
71,123.367805
70,123.024414
69,122.70357
68,122.20229
67,121.85207
66,121.98612
65,121.553764
64,121.28817
63,120.10113
62,119.59682
61,119.40532
60,119.66879
59,118.848625
58,118.33732
57,116.018654
56,112.301994
55,113.10351
54,113.97601
53,110.393326
52,105.1029
51,97.91125
50,91.14429
49,86.82336
48,91.88632
47,96.62549
46,98.4544
45,103.062874
44,107.5225
43,103.45646
42,99.33616
41,95.138664
40,89.57323
39,76.75121
38,72.84818
37,63.324913
36,58.116592
35,52.222866
34,48.87328
33,44.015163
32,42.307663
31,40.047062
30,39.34938
29,36.12246
28,30.27886
27,30.325216
26,30.02329
25,30.26866
24,31.804167
23,31.677504
22,30.126575
21,28.20923
20,25.328867
19,26.844002
18,24.60363
125,124.271355
125,124.34853
125,124.40606
125,124.4481
125,124.19675
125,124.03951
125,124.08876
125,124.097466
125,124.16182
125,124.14325
125,124.08354
125,124.08337
124,124.12896
123,124.06399
122,123.982445
121,123.80881
120,123.88466
119,123.99955
118,124.06092
117,124.04215
116,124.12994
115,124.159035
114,123.95016
113,124.16636
112,124.246254
111,124.20435
110,124.08104
109,124.20339
108,124.176216
107,124.07778
106,123.980125
105,124.00436
104,124.112495
103,124.23264
102,124.16702
101,124.08534
100,124.13418
99,124.16319
98,124.18284
97,124.12094
96,123.77801
95,123.670715
94,123.51331
93,123.607216
92,123.38128
91,123.15756
90,122.5655
89,122.19143
88,121.954216
87,121.393745
86,120.39611
85,120.107254
84,119.649254
83,119.23113
82,120.529366
81,120.73153
80,119.3602
79,119.69936
78,120.38056
77,120.83346
76,121.74044
75,121.54503
74,121.121315
73,120.22654
72,120.49739
71,120.13214
70,118.16475
69,117.69457
68,115.815346
67,112.78835
66,103.55297
65,101.70697
64,101.95935
63,103.166046
62,97.94058
61,94.32295
60,90.06226
59,84.055824
58,77.30157
57,68.75947
56,67.35635
55,69.07868
54,71.29098
53,69.52023
52,66.496506
51,63.246914
50,62.933697
49,61.34819
48,65.98962
47,66.91749
46,70.101364
45,66.73705
44,60.986927
43,61.000668
42,62.877514
41,60.872643
40,63.790234
39,58.454006
38,54.515354
37,49.005985
36,41.26411
35,40.74399
34,40.593323
33,46.79932
32,41.619793
31,39.81135
30,39.353275
29,36.90067
28,34.745518
27,31.861803
26,32.722775
25,31.63241
24,29.711126
23,27.288311
22,25.145306
21,25.179447
20,25.991484
19,27.443176
18,24.791727
17,23.964794
16,21.692934
15,19.274961
14,16.730352
13,15.134459
12,12.966017
11,12.2529545
10,11.962824
125,121.40469
125,122.53649
125,122.941765
125,123.054726
125,122.97088
125,122.65153
125,122.47611
125,122.8857
125,123.32746
125,123.666595
125,123.62892
125,123.81661
125,124.404366
125,124.72516
125,124.66981
125,124.35449
125,124.30908
125,124.55604
125,124.64049
125,124.6921
125,124.54256
125,124.19143
125,123.82378
125,123.01197
125,121.83873
125,116.85221
125,116.53431
125,105.7772
125,109.17504
125,106.96266
125,116.39435
125,117.42304
125,119.67257
125,119.424934
125,120.737434
125,120.19729
125,121.4105
125,122.41689
125,122.739006
125,122.50145
125,122.16461
125,121.648384
125,121.079735
125,120.217766
125,116.0704
125,116.31356
125,119.595406
125,121.26757
125,122.73461
125,123.10117
125,123.32575
125,123.481766
125,123.56104
125,123.377205
125,123.68334
125,124.028
125,123.793625
125,123.75399
125,123.98238
125,123.99883
125,123.483406
125,122.67295
125,121.82077
125,122.04142
125,121.8881
125,121.13559
125,119.29276
125,116.70228
125,112.551216
125,114.94063
125,112.76669
125,117.49161
125,109.604164
125,112.428
125,117.52597
125,120.16905
125,117.69092
124,115.31442
123,117.45426
122,115.91277
121,111.6002
120,116.74702
119,118.00358
118,120.504715
117,121.64213
116,121.29818
115,121.3271
114,118.95632
113,115.34649
112,114.2996
111,117.56001
110,116.98324
109,117.344444
108,120.54433
107,121.04801
106,122.5397
105,123.19775
104,122.46192
103,122.11541
102,119.48
101,114.94222
100,113.70807
99,113.87228
98,96.99495
97,106.55582
96,111.68335
95,111.586365
94,111.98084
93,106.942726
92,100.498955
91,107.75139
90,96.54265
89,93.983246
88,92.35998
87,91.68058
86,94.74123
85,99.7902
84,102.740555
83,88.22953
82,93.94518
81,103.18278
80,107.2167
79,114.63406
78,117.77477
77,115.18725
76,110.94257
75,103.62503
74,102.27404
73,100.20635
72,91.356865
71,81.705315
70,79.74326
69,75.439995
68,72.697136
67,70.46994
66,67.398735
65,64.78011
64,62.148796
63,61.63097
62,57.37437
61,56.09062
60,56.123184
59,56.10885
125,122.11591
125,122.52253
125,121.83036
125,121.5228
125,120.871666
125,121.39437
125,121.67861
125,120.728355
125,121.73032
124,119.88275
123,116.64939
122,119.49719
121,121.39834
120,119.558624
119,119.68992
118,120.09485
117,121.18308
116,121.45655
115,120.887695
114,120.95534
113,121.9679
112,121.36118
111,121.49699
110,122.25418
109,121.94576
125,95.55837
125,93.20186
125,88.71351
125,89.242615
125,87.5892
125,88.51052
125,90.14529
125,86.657936
125,79.27192
125,74.75303
125,75.7596
125,75.09563
125,72.19598
125,71.61901
125,71.718834
125,73.34355
125,71.633286
125,70.216484
125,70.65889
125,74.1162
125,78.31652
125,84.41086
125,85.351776
125,83.6386
125,79.1291
125,78.976135
125,82.266556
125,81.70951
125,80.52214
125,78.65104
125,83.13689
125,81.20691
125,82.68864
125,87.057076
125,85.04559
125,87.80926
125,83.36776
125,78.43908
125,75.65669
125,83.33517
125,92.74003
125,96.19247
125,94.54408
125,102.57285
125,107.188576
125,110.65164
125,105.572
125,100.631744
125,101.84647
125,104.060326
125,109.00908
125,108.023544
125,103.046875
125,98.4129
125,102.51879
125,99.09557
125,99.98371
125,94.882256
125,88.09801
125,83.24347
125,82.53216
125,75.8683
125,77.896904
125,75.50921
125,74.10787
125,75.30019
125,75.718994
125,83.96339
125,89.67151
125,95.77883
125,101.51755
125,100.207596
125,101.6885
125,104.64898
125,101.903206
125,104.379555
125,102.28727
125,104.12154
125,102.03533
125,94.69425
125,94.084694
125,93.70298
125,96.8191
125,104.58543
125,108.509346
125,112.92552
125,113.59297
125,113.76693
125,111.51969
125,110.975784
125,110.26681
125,108.392784
125,105.97313
125,107.9279
125,108.79833
125,111.014824
125,111.47058
125,117.18119
125,115.73583
125,110.33857
125,105.547424
125,98.85194
125,99.62583
125,102.16288
125,106.22114
125,105.6424
125,98.32555
125,89.81642
125,86.03895
125,83.322296
125,85.596
125,88.52356
124,92.02613
123,104.93636
122,104.444016
121,110.273155
120,114.168816
119,113.28155
118,110.42234
117,105.91425
116,95.522514
115,93.11846
114,88.4048
125,116.95156
125,118.17812
125,110.16871
125,113.391556
125,109.07461
125,113.32957
125,119.18446
125,120.73925
125,122.006165
125,123.02929
125,122.68026
125,122.33376
125,122.10495
125,120.03457
125,119.08868
125,120.26144
125,120.26968
125,121.61382
125,120.91334
125,121.60186
125,122.12078
125,121.98371
125,121.990135
125,122.32908
125,122.34599
125,120.368034
125,116.787834
125,114.05437
125,113.09869
125,114.296036
125,118.18654
125,117.464226
125,116.88211
125,115.521355
125,119.92831
125,120.07179
125,120.84237
125,121.22178
125,121.96982
124,121.90066
123,119.92804
122,117.492775
121,116.42244
120,115.18234
119,117.05958
118,118.852875
117,119.424126
116,118.582726
115,115.27863
114,117.132385
113,114.81641
112,115.28297
111,117.95278
110,116.86793
109,116.33225
108,114.30949
107,112.20256
106,106.75216
105,109.88415
104,102.06408
103,96.38108
102,88.350365
101,87.4491
100,86.732864
99,89.7471
98,87.94936
97,93.496666
96,93.39685
95,93.169586
94,92.553566
93,90.315414
92,84.14312
91,83.50765
90,83.88783
89,83.61269
88,83.266685
87,84.38465
86,82.82816
85,75.76773
84,73.72323
83,75.95716
82,74.820946
81,72.92414
80,74.71683
79,69.77532
78,67.24946
77,63.36863
76,61.85373
75,62.721752
74,58.284595
73,58.019066
72,56.321953
71,57.595543
70,55.155613
69,59.06056
68,56.53357
67,54.57291
66,52.69543
65,51.056446
64,50.20369
63,48.20187
62,47.738377
61,45.665974
60,44.705906
59,46.50192
58,45.240726
57,43.489895
56,43.51451
55,44.474968
54,42.874897
53,43.357845
52,42.20816
51,41.526634
50,42.04685
49,40.684765
48,37.77363
47,35.777084
125,116.24758
125,117.273415
125,115.03315
125,115.61583
125,115.63067
125,118.431404
125,121.05048
125,120.394325
125,120.103516
125,121.03654
125,120.53831
125,121.37762
125,116.982765
125,112.78263
125,108.177956
125,109.633064
125,106.90942
125,106.65721
125,107.332054
125,106.09858
125,105.68399
125,112.54109
125,112.46782
125,117.57641
125,120.83738
125,122.775055
125,122.86746
125,122.058205
125,121.95821
125,121.549934
125,121.72221
125,121.23037
125,121.55469
125,121.87441
125,121.96954
125,120.357414
125,119.743706
125,118.2207
125,119.48753
125,119.30687
125,117.89836
125,116.51423
125,104.56036
125,102.96566
125,122.64863
125,123.10435
125,122.93895
125,123.06075
125,123.43253
125,123.296684
125,122.81748
125,122.69041
125,122.61465
125,123.00822
125,122.58886
125,122.75445
125,123.34758
125,123.36737
125,122.67547
125,122.811966
124,123.341194
123,123.67681
122,123.533516
121,123.25322
120,122.44423
119,122.26905
118,122.99665
117,123.198296
116,123.387886
115,123.33202
114,123.50758
113,123.450966
112,123.34316
111,123.11971
110,123.39961
109,121.52179
108,121.17283
107,119.4378
106,114.03155
105,116.83994
104,119.093666
103,121.64051
102,121.88547
101,121.86328
100,122.2777
99,121.95696
98,120.18705
97,119.274475
96,118.580444
95,117.61138
94,117.01173
93,114.29493
92,110.033264
125,124.16685
125,124.05154
125,124.03913
125,124.02776
125,124.18095
125,124.37734
125,124.4016
125,124.393196
125,124.31749
125,124.48276
125,124.45989
125,124.45725
125,124.239296
125,124.04043
125,123.80061
125,123.351585
125,122.83556
125,122.79235
125,122.667694
125,123.30956
125,123.82031
125,123.89725
125,124.0644
125,123.89663
125,123.56806
125,122.8655
125,122.952545
125,123.19559
125,123.7105
125,123.66381
125,123.69081
125,123.73226
125,123.92396
125,123.86848
125,124.11817
125,124.111534
125,123.97605
125,123.89717
125,123.554375
125,123.5827
125,123.57325
125,123.13795
125,122.82406
125,122.60433
125,122.68661
125,123.02387
125,123.019295
125,123.16357
125,122.913155
125,122.0266
125,121.610634
125,122.03684
125,121.6544
125,121.36133
125,122.5589
125,122.67719
125,122.5365
125,122.005684
125,121.679146
125,121.29012
125,121.21696
125,121.79203
125,122.21411
125,121.20462
125,121.418106
125,121.40201
125,120.678566
125,121.99393
125,121.519196
125,121.03225
125,119.41467
125,120.00123
125,120.640495
125,118.87581
125,116.07107
125,117.85664
125,118.820465
125,120.72147
125,120.9975
125,121.44613
125,121.623474
125,122.484184
125,120.91787
125,120.909645
125,121.13979
125,121.78983
125,122.39064
125,122.107475
125,122.16244
125,121.02369
125,120.53598
125,119.96368
125,118.78434
125,118.57302
125,119.78219
125,117.656845
125,118.445526
125,120.46037
125,121.12864
125,119.92295
125,120.29244
125,120.59018
125,120.610374
125,120.82123
125,120.05431
125,119.32894
125,119.21329
125,119.84605
125,119.86113
125,119.55279
125,119.67809
125,119.86568
125,118.928185
125,118.75591
125,119.011925
125,115.445885
125,114.901985
125,113.245804
125,113.1831
125,112.83865
125,111.103226
125,109.12409
125,104.12923
125,108.587456
125,110.6845
125,111.34594
125,113.21272
125,115.59603
125,117.4481
125,117.53848
125,118.07481
125,118.535515
125,120.21499
125,121.9696
125,121.76735
125,121.451515
125,117.850784
125,114.04141
125,112.063484
125,111.50728
125,107.805954
125,100.43638
125,95.43374
125,87.504234
125,89.09548
125,89.64878
125,88.15683
125,87.29566
125,87.54345
125,89.45166
125,95.635735
125,99.067924
125,108.06139
125,115.70227
125,118.292885
125,115.792946
125,117.919106
125,119.34058
125,118.52129
125,119.50463
125,119.54463
125,119.13247
125,120.263084
125,118.544174
125,117.755455
125,114.79693
125,113.394646
125,113.30242
125,110.004906
125,113.74868
124,117.45364
123,118.958244
122,114.795784
121,117.04698
120,112.096306
119,114.095665
118,118.807976
117,120.76843
116,121.59875
115,120.711334
114,116.87345
113,110.50623
112,100.8651
111,87.57154
110,81.710236
109,66.3261
108,72.4424
107,78.82817
106,81.23777
105,76.830376
104,77.0323
103,75.82659
102,74.66082
101,71.304474
100,76.26864
99,83.240036
98,74.19511
97,75.49134
96,73.66331
95,76.93812
94,86.621056
93,95.93774
92,96.347855
91,93.88904
90,93.16826
89,100.67234
88,104.682045
87,111.67289
86,109.42823
85,104.16185
84,104.05195
83,105.83315
82,107.006134
81,103.979324
80,95.131256
79,88.165245
78,75.85343
77,72.17442
76,72.38156
75,67.88423
74,72.00835
73,69.4024
72,68.82125
71,63.48807
70,61.469246
69,60.313435
68,56.444683
67,53.317215
66,55.82369
65,56.852913
64,56.205647
63,57.13533
62,63.703236
61,61.58089
60,64.060555
59,65.00196
58,62.81804
57,59.61748
56,56.059612
55,55.71384
54,52.286278
53,50.477787
52,50.195896
51,46.220333
50,44.912323
49,44.23892
48,39.271107
47,39.23536
46,35.763046
45,30.64263
44,30.404684
43,29.718493
42,30.378643
41,31.748262
40,35.79241
39,37.46406
38,37.420895
37,39.111237
36,38.263767
35,35.46079
34,32.7696
33,31.23589
32,28.58683
31,30.17468
30,25.429665
29,25.741373
28,24.188608
27,21.984892
26,19.977102
25,20.031717
24,18.992125
23,19.475986
22,18.39309
21,17.235128
123,121.91195
122,121.5945
121,122.1395
120,122.089
119,122.70406
118,117.53321
117,109.80828
116,112.599976
115,114.11529
114,117.147446
113,118.31874
112,117.93928
111,117.59148
110,116.358376
109,112.34902
108,106.899956
107,102.6616
106,98.70344
105,99.056755
104,94.34586
103,90.69346
102,91.11128
101,93.82575
100,104.4525
99,108.70512
98,110.99473
97,117.87058
96,121.26537
95,119.307976
94,119.0552
93,106.87504
92,98.01375
91,91.60181
90,89.09411
89,97.39696
88,101.483925
87,108.43571
86,110.53739
85,105.45621
84,103.386
83,103.34835
82,94.99997
81,96.75769
80,89.0433
79,85.31155
125,107.77984
125,109.420296
125,100.32291
125,97.48045
125,95.91749
125,107.02542
125,119.57462
125,121.88829
125,122.058174
125,123.07232
125,122.940254
125,122.972015
125,122.2602
125,121.38323
125,122.019936
125,121.40428
125,121.4992
125,122.40021
125,122.80341
125,123.11206
125,123.36984
125,123.57788
125,123.29775
125,123.39136
125,123.287384
125,122.92957
125,123.300545
125,122.96624
125,123.25964
125,122.71371
125,122.45246
125,122.74834
125,123.11881
125,123.318634
125,123.10094
125,123.767296
125,123.8088
125,123.87743
125,123.7476
125,123.72654
125,123.59033
125,123.67065
125,123.123825
125,121.336174
125,121.40829
125,121.02514
125,121.54713
125,123.44836
125,123.23052
125,122.799934
125,122.934906
125,121.7766
125,120.32532
125,117.61693
125,118.16688
125,120.45428
125,120.54281
125,120.18749
125,120.24647
125,120.08956
125,120.8147
125,121.06085
125,121.73514
125,121.46836
125,120.35459
125,117.788795
125,114.81115
125,114.49749
125,114.396835
125,94.40536
125,92.07208
125,91.61236
125,87.13499
125,90.67461
125,100.99595
125,106.683556
125,108.798134
125,116.98406
125,119.633995
125,122.13693
125,122.93628
125,123.27463
125,123.84629
125,124.136894
125,123.72514
125,122.98523
125,122.64257
125,122.82011
125,121.62946
125,119.592804
125,118.37861
125,113.61462
125,106.95654
125,105.08703
125,112.53565
125,102.85524
125,107.062874
125,97.38326
125,83.230675
125,89.83973
125,81.1622
125,80.038185
125,74.647644
125,73.39646
124,74.78727
123,71.54731
122,78.77529
121,84.87957
120,90.848335
119,92.8312
118,102.789894
117,106.31376
116,109.037155
115,113.68833
114,115.199196
125,124.686264
125,124.68438
125,124.71758
125,124.762886
125,124.775185
125,124.83263
125,124.89888
125,124.91825
125,124.855675
125,124.90056
125,124.916565
125,124.912575
125,124.89951
125,124.89831
125,124.90644
125,124.86009
125,124.83642
125,124.85893
125,124.93201
125,124.932625
125,124.817276
125,124.88212
125,124.88798
125,124.898186
125,124.951866
125,124.935196
125,124.795876
125,124.830086
125,124.76023
125,124.56248
125,124.67907
125,124.53721
125,124.61298
125,124.558754
125,124.516174
125,124.31256
125,124.40009
125,124.355446
125,124.26063
125,124.35641
125,124.37414
125,124.14446
125,124.24119
125,124.37186
125,124.271675
125,124.359795
125,124.29568
125,124.328026
125,124.379944
125,124.33731
125,124.107704
125,124.07754
125,123.864845
125,124.208405
125,124.307556
125,124.3345
125,124.34925
125,124.32178
125,123.99452
125,124.17274
125,124.282585
125,124.31104
125,124.25828
125,124.233055
124,124.25065
123,124.42849
122,124.242676
121,124.347046
120,124.28407
119,124.21603
118,124.173775
117,124.08243
116,124.137375
115,124.28415
114,124.295235
113,124.07275
112,124.09379
111,123.95063
110,124.02874
109,124.14822
108,123.742485
107,123.67362
106,123.09469
105,122.84468
104,122.733025
103,122.0894
102,121.20293
101,120.828224
100,118.99933
99,117.237236
98,113.17626
97,106.726845
96,103.20055
95,99.04962
94,99.23282
93,99.1093
92,103.84966
91,105.21595
90,107.525894
89,108.79909
88,111.806145
87,116.31965
86,117.22759
85,116.54028
84,116.570465
83,115.57275
82,115.92359
81,105.32079
80,103.64923
79,97.64384
78,81.56744
77,74.922325
76,69.85323
75,70.419586
74,74.030975
73,74.052734
72,74.061325
71,74.278275
70,74.045876
69,75.52332
68,75.475044
67,76.96149
66,72.16417
65,69.55872
64,66.48337
63,63.609966
62,63.011524
61,63.43777
60,64.088356
59,64.52917
58,64.413994
57,65.429596
56,66.286736
55,68.30296
54,68.4564
53,65.52382
52,63.74406
51,62.073376
50,59.529995
49,58.46301
48,57.691166
47,56.81826
46,54.536472
45,54.139927
44,49.92639
43,48.75252
42,50.02454
41,51.09325
40,50.392235
39,48.211365
38,46.4695
37,42.700073
36,43.264973
35,40.558567
34,38.780422
33,36.24784
32,34.393665
31,32.648106
30,32.050068
29,30.705477
125,121.64504
125,121.8265
125,122.62053
125,122.91546
125,122.86574
125,122.8886
125,123.057106
125,122.35754
125,122.169044
125,122.47317
125,123.031906
125,122.351204
125,122.44261
125,122.52332
125,122.5817
125,123.15424
125,123.19451
125,123.11517
125,122.92492
125,122.53466
125,121.6916
125,121.262764
125,121.47858
125,120.1562
125,117.138985
125,112.963646
125,110.1951
125,106.533554
125,102.92466
125,102.047005
125,100.99283
125,104.12835
125,106.16063
125,105.22828
125,108.03121
125,108.20963
124,107.42478
123,106.64997
122,100.941505
121,102.1215
120,101.3521
119,101.64588
118,101.59091
117,104.81561
116,102.19868
115,110.4538
114,106.039604
113,100.79377
112,96.848045
111,101.472404
110,103.38076
109,111.372055
108,117.214424
107,113.93791
106,119.39123
105,122.4951
104,123.57221
103,123.158455
102,123.73993
101,123.74876
100,123.423485
99,122.93365
98,122.474556
97,121.412895
96,120.660194
95,118.908195
94,118.64535
93,118.43539
92,119.53771
91,117.195244
90,117.60776
89,118.520256
88,116.41108
87,107.79223
86,102.832466
85,106.645546
84,108.22456
83,112.251854
82,111.26075
81,109.55934
80,107.261505
79,113.25796
78,117.98405
77,113.45905
76,107.25415
75,105.94152
74,105.39185
73,102.107635
72,84.40799
71,74.77021
70,69.502785
69,66.64345
68,68.801
67,70.0362
66,65.60027
65,63.933357
64,62.75397
63,61.253056
62,58.215607
61,62.533188
60,63.021965
59,67.84872
58,67.833046
57,68.02811
56,67.80643
55,65.47572
54,64.2557
53,65.61465
52,65.86599
51,66.64884
50,68.967674
49,68.662224
48,67.29579
47,62.200695
46,60.258488
45,55.974968
44,52.670853
43,47.58328
42,47.187237
41,47.759632
40,49.227802
39,46.169792
38,44.127266
37,42.525143
36,42.35825
35,43.504253
34,42.031895
33,39.791176
32,37.54736
31,36.379333
30,34.134914
29,34.01521
28,31.59089
27,30.875317
26,29.836811
125,124.89623
125,124.8826
125,124.89056
125,124.8628
125,124.89437
125,124.88229
125,124.85519
125,124.85761
125,124.81381
125,124.77647
125,124.782845
125,124.73814
125,124.684555
125,124.694405
125,124.71022
125,124.74894
125,124.779686
125,124.81115
125,124.80598
125,124.81847
125,124.815544
125,124.819374
125,124.82455
125,124.80411
125,124.85811
125,124.83272
125,124.83127
125,124.825745
125,124.85857
125,124.827896
125,124.77244
125,124.70985
125,124.70356
125,124.68328
125,124.68317
125,124.67745
125,124.59634
125,124.62043
125,124.657616
125,124.636665
125,124.55863
125,124.50265
125,124.41138
125,124.28022
125,124.365456
125,124.331505
125,124.35812
125,124.323784
125,124.15127
125,124.21023
125,124.31643
125,124.42559
125,124.46251
125,124.488625
125,124.460495
125,124.28335
125,124.340034
125,124.469536
125,124.594536
125,124.58648
125,124.56542
125,124.56867
125,124.533424
125,124.29252
124,124.42938
123,124.419304
122,124.37639
121,124.23241
120,124.24922
119,123.992165
118,124.14709
117,123.83305
116,123.33159
115,123.21418
114,123.18835
113,123.349525
112,123.049385
111,122.757065
110,122.92375
109,121.94052
108,118.25858
107,113.99023
106,110.668434
105,104.82083
104,102.64969
103,105.00888
102,107.706024
101,103.18138
100,102.73344
99,105.05254
98,107.53832
97,109.679756
125,121.76979
125,121.68061
125,122.51357
125,121.953804
125,121.90496
125,122.49285
125,121.92364
125,121.66881
125,121.934166
125,121.38491
125,120.69392
125,119.85836
125,120.17274
125,119.60126
125,119.65606
125,120.571945
125,120.31959
125,118.24354
125,117.95591
125,119.23336
125,120.77342
125,121.712654
125,120.60346
125,120.70103
125,119.80161
125,119.39524
125,118.02447
125,115.96696
125,113.700035
125,113.79953
125,112.48728
125,110.12585
125,112.84391
125,117.293304
125,119.07364
125,120.0482
125,120.16482
125,121.475685
125,121.90191
125,121.38143
125,122.26247
125,122.05922
125,119.8105
125,118.11205
125,120.6121
125,112.04647
125,102.86533
125,103.409065
125,113.72323
125,120.673134
125,114.097115
125,113.1778
125,109.73631
125,106.84687
125,104.87833
125,104.08661
125,106.837105
125,109.41817
125,107.17008
125,104.94365
125,102.22481
125,98.60854
125,94.165276
125,89.102135
125,87.504425
125,91.34957
125,97.27765
125,97.72783
125,103.026024
125,112.29169
125,110.91752
125,115.260155
125,111.51693
125,114.14153
125,112.31469
125,111.61761
125,111.995865
125,98.34098
125,98.84969
125,106.75531
125,108.763664
125,103.3925
125,105.16154
125,106.80752
121,119.46383
120,119.76072
119,118.10798
118,118.882484
117,117.75478
116,106.39125
115,113.46796
114,120.96115
113,121.44491
112,121.81735
111,119.90455
110,118.52991
109,117.96614
108,117.777245
107,110.272125
106,104.94068
105,93.08631
104,97.87218
103,94.07092
102,92.46925
101,86.308754
100,89.29597
99,94.48367
98,101.41166
97,97.576546
96,90.30187
95,87.517296
94,81.427956
93,85.29281
92,91.781
91,97.443085
90,106.6773
89,112.367424
88,108.036514
87,107.94293
86,106.72672
85,103.86517
84,102.0765
83,98.76226
82,96.15267
81,93.90991
80,90.988655
79,83.23613
78,83.30315
77,76.18897
76,74.69656
75,75.813835
74,78.079285
73,77.136406
72,71.39746
71,68.40904
70,67.03428
69,64.463326
68,61.1724
67,57.446903
66,54.05412
65,53.820953
64,48.822773
63,52.19386
62,54.417267
61,57.423237
60,59.24352
59,60.10302
58,63.187153
57,56.476284
56,58.83747
55,51.68815
54,54.985897
53,50.440372
52,52.119
51,50.759495
50,51.88634
49,51.885616
48,47.202847
47,44.52854
46,43.73044
45,50.33501
44,57.41289
43,58.944786
42,55.434765
41,52.505745
40,49.686916
39,45.48518
38,37.466244
37,35.35789
36,33.459457
35,27.945797
34,32.0837
33,30.412897
32,29.601427
31,30.215878
30,27.424646
29,26.70194
28,25.361624
27,26.903288
26,27.794699
25,27.245964
24,25.9502
23,25.066813
22,23.76893
21,24.258842
20,22.742386
19,20.373196
18,19.545332
17,18.794369
16,17.56818
15,17.092113
125,122.26824
125,121.41558
125,120.9661
125,119.513824
125,114.56774
125,109.94097
125,104.36366
125,99.21714
125,104.116264
125,102.91767
125,101.13882
125,95.28945
125,97.58667
125,96.784645
125,96.96649
125,93.889084
125,90.43827
125,91.82965
125,88.251015
125,84.1636
125,80.378494
125,80.35823
125,87.74829
125,106.53492
125,118.323364
125,121.00894
125,121.76128
125,119.04589
125,120.9513
125,120.22988
125,121.67832
125,122.93368
125,123.526695
125,122.68563
125,123.568954
125,123.45966
125,122.91533
125,122.2017
125,120.43931
125,119.87391
125,120.17148
125,118.33972
125,110.44463
125,114.60278
125,94.46879
125,89.757286
125,101.9468
125,107.989784
125,121.15128
125,122.820145
125,123.892235
125,123.815125
125,123.730316
125,123.50671
125,123.06845
125,123.731674
125,122.95532
125,122.55926
125,120.6181
125,120.05433
125,115.83252
125,104.14182
125,96.52564
125,86.25448
125,83.28066
125,106.88332
125,105.5715
125,108.743965
125,110.46383
125,116.28628
125,96.698204
125,99.54912
125,98.00544
125,101.35241
125,110.71566
125,113.95051
125,119.040474
125,121.526405
125,119.99322
125,120.54136
125,119.870476
125,121.1464
125,121.1285
125,120.68632
125,118.67515
125,119.74648
125,120.65725
125,120.06193
125,121.12914
125,120.46162
125,120.7808
125,121.74029
125,121.82313
125,121.78223
125,121.52071
125,120.97614
125,119.2302
125,119.57423
125,119.54276
125,120.26787
125,121.045555
125,120.9486
125,120.62077
125,117.98309
125,115.39132
125,113.78983
125,115.79623
125,115.19697
125,115.99613
124,113.48286
123,113.60668
122,104.7891
121,92.66906
120,85.48446
119,83.876175
118,75.96643
117,71.58465
116,69.501045
115,67.44927
114,73.59875
113,69.31935
112,75.322914
111,82.271
110,92.20164
109,88.93611
108,90.30151
107,87.78924
106,91.684746
105,87.714325
104,83.529396
103,82.04899
125,122.162155
125,122.47411
125,122.33114
125,122.64271
125,122.26443
125,121.343025
125,120.37415
125,120.45492
125,121.43406
125,122.000984
125,121.748344
125,121.411354
125,121.71395
125,121.76185
125,121.354515
125,121.70196
125,122.5164
125,121.644264
125,121.70753
125,121.615326
125,120.5668
125,120.213066
125,120.298004
125,120.29514
125,119.96167
125,120.38356
125,121.39568
125,121.46796
125,121.86381
125,121.22364
125,121.44323
125,122.05353
125,121.99853
125,121.92889
125,122.3737
125,122.04675
125,121.92613
125,122.0561
125,122.095276
125,121.54381
125,121.62939
125,120.27499
125,120.27717
125,119.63093
125,121.15277
125,121.62182
125,121.385216
125,121.59557
125,122.287964
125,122.575294
125,122.66608
125,122.475334
125,122.58583
125,122.87089
125,122.675934
125,122.161804
125,121.31963
125,120.783775
125,119.91486
124,118.51039
123,120.48908
122,118.229515
121,115.94378
120,117.5032
119,118.22042
118,117.32036
117,118.96525
116,119.0235
115,117.82441
114,112.727
113,107.90554
112,105.4828
111,104.18161
110,98.26319
109,102.50985
108,100.03091
107,93.880516
106,102.76792
105,110.62749
104,111.48813
103,110.10561
102,105.72332
101,101.21898
100,102.882545
99,108.637856
98,112.63017
97,116.671455
96,117.40073
95,113.952675
94,108.75909
93,102.15028
92,90.37703
91,94.22709
90,95.250786
89,95.23554
88,88.9353
87,87.592255
86,87.38503
85,90.824425
84,90.77361
83,88.21554
82,91.145256
81,80.484985
80,73.29019
79,72.940735
78,76.91389
77,67.9997
76,68.1222
75,65.0317
74,64.31155
73,63.245785
72,65.85778
71,65.57491
70,72.56033
69,73.18876
68,59.3903
67,55.293636
66,54.024677
65,48.28651
64,43.872738
63,43.28681
62,44.76621
61,51.91977
60,54.661194
59,49.57288
58,51.270863
57,51.102314
56,44.811596
55,44.71272
54,48.64986
53,49.072002
52,51.083996
51,52.194714
50,51.41991
49,57.47144
48,65.787315
47,68.20486
46,70.85548
45,65.154625
44,63.15356
43,60.45692
42,59.921635
41,60.243916
40,60.607952
39,62.355103
38,55.12325
37,47.191456
125,123.79221
125,124.04733
125,123.98646
125,124.04533
125,124.30929
125,124.36712
125,124.30521
125,124.073555
125,124.190346
125,124.05024
125,124.25193
125,123.87741
125,123.74219
125,123.83422
125,123.84395
125,123.92791
125,123.83336
125,123.98855
125,124.18624
125,124.10216
125,124.0236
125,123.29905
125,123.45779
125,123.736595
125,123.8036
125,123.934944
125,123.85897
125,123.943596
125,123.94575
125,123.89247
125,123.81467
125,123.52119
125,123.43674
125,123.42869
125,123.44766
125,123.33425
125,123.12041
125,123.20515
125,123.297874
125,123.16473
125,123.3743
125,123.27412
125,123.69198
125,123.76432
125,123.710144
125,123.61906
125,123.56972
125,123.27026
125,122.89937
125,123.3003
125,123.20356
125,122.63787
125,122.88299
125,121.88209
124,121.74935
123,121.777885
122,121.80062
121,122.44787
120,122.407936
119,121.89736
118,122.04446
117,122.11268
116,121.94095
115,121.54389
114,121.814735
125,101.463066
125,109.76809
125,115.6325
125,119.11784
125,123.05645
125,124.27846
125,124.498985
125,124.70936
125,124.65678
125,124.32862
125,124.04356
125,123.81931
125,123.68575
125,122.67374
125,122.37492
125,122.34281
125,121.77915
125,118.02317
125,115.94022
125,115.912605
125,99.74508
125,88.70353
125,81.41701
125,77.631836
125,77.50045
125,77.89594
125,75.40139
125,77.193794
125,87.09444
125,83.31455
125,89.31725
125,98.69509
125,112.5451
125,121.51998
125,123.088684
125,123.768
125,123.7029
125,122.828094
125,122.81638
125,122.85082
125,123.26331
125,123.553734
125,123.55696
125,122.7791
125,123.35488
125,122.9226
125,123.584145
125,123.87793
125,124.051094
125,124.13527
125,124.209724
125,124.0964
125,124.09724
125,124.082825
125,124.040665
125,123.99663
125,123.390205
125,123.54188
125,122.71099
125,122.43336
125,121.71224
125,121.826866
125,121.62864
125,120.86798
125,120.470924
125,121.01089
125,119.524055
125,117.05826
125,110.15383
125,109.40688
125,105.913795
125,92.8769
125,80.03521
125,84.776184
125,83.80355
125,85.42288
125,98.51693
125,105.54594
125,111.13797
125,107.67417
125,104.57728
125,104.97802
125,114.60254
125,115.86184
125,118.942825
125,118.11298
125,116.864975
125,115.877304
125,117.229126
125,117.47608
125,117.63367
125,115.87473
125,112.91237
124,110.23491
123,107.74041
122,100.39734
121,91.151276
120,77.310295
119,71.14718
118,67.24944
117,66.95243
116,63.755844
115,67.15039
114,70.01503
113,75.49345
112,77.083954
111,70.97704
110,73.75443
109,72.79838
108,75.59791
107,86.682686
106,90.73965
105,95.83279
104,89.66176
103,86.78889
102,97.27622
101,97.65844
100,103.608055
125,105.16616
125,112.34484
125,118.07917
125,120.76838
125,121.54328
125,121.544426
125,122.282005
125,122.780235
125,122.955826
125,123.30224
125,123.07154
125,122.9838
125,123.207085
125,123.4956
125,123.963486
125,123.66619
125,123.55007
125,123.37886
125,123.75561
125,123.8675
125,123.81553
125,124.07493
125,123.69964
125,123.2501
125,122.7501
125,122.90922
124,122.80804
123,121.90817
122,121.66471
121,120.01948
120,118.63337
119,115.80416
118,114.638145
117,112.113686
116,107.831535
115,103.49651
114,102.49344
113,105.75355
112,105.84707
111,99.42451
110,94.185165
109,94.48182
108,101.53958
107,105.049416
106,110.27689
105,113.08967
104,117.4488
103,119.004814
102,118.84637
101,118.28007
100,117.34911
99,119.05964
98,116.242874
97,112.95185
96,108.45305
95,109.59553
94,107.41924
93,106.54225
92,106.85839
91,101.44022
90,98.2246
89,99.616264
88,103.839226
87,107.527725
86,104.454216
85,99.776924
84,102.501884
83,105.427956
82,102.70066
81,99.43981
80,100.140564
79,99.340675
78,104.10005
77,107.012825
76,110.396194
75,110.58673
74,113.55142
73,110.57664
72,105.35872
71,99.66281
70,93.37379
69,89.62864
68,85.53391
67,86.94901
66,83.00538
65,76.01342
64,68.27808
63,66.12718
62,60.671562
61,61.768845
60,58.80071
59,55.751198
58,54.934788
57,54.448666
56,53.402615
55,53.707096
54,52.59184
53,52.17292
52,51.931095
51,53.798847
50,57.059963
49,53.84636
48,53.768955
47,58.464954
46,57.914433
45,57.445206
44,55.774532
43,55.300507
42,55.928318
41,55.742374
40,58.020187
39,57.503784
38,55.60294
37,55.67407
36,52.676197
35,50.848988
34,48.48409
33,44.67258
32,40.91054
31,35.633667
30,31.627344
29,28.216084
28,26.782238
27,24.930792
26,23.322674
25,23.16294
24,21.884922
23,20.8333
22,22.008734
21,21.509048
125,124.71406
125,124.671196
125,124.566055
125,124.526665
125,124.589066
125,124.53759
125,124.57879
125,124.595604
125,124.57528
125,124.64998
125,124.551125
125,124.63267
125,124.62145
125,124.59588
125,124.363754
125,124.28759
125,124.44524
125,124.423836
125,124.27974
125,124.34586
125,124.38714
125,124.40042
125,124.20229
125,124.42611
125,124.50648
125,124.54472
125,124.52683
125,124.4877
125,124.56368
125,124.50437
125,124.44618
125,124.499664
125,124.474976
125,124.47259
125,124.38004
125,124.30007
125,124.37017
125,124.4276
125,124.35335
125,124.55075
125,124.59189
125,124.68978
125,124.65815
125,124.58181
125,124.487785
125,124.515656
125,124.42608
125,124.409325
125,124.548546
125,124.644875
125,124.63404
125,124.70505
125,124.676506
125,124.697014
125,124.70407
125,124.6307
125,124.63463
125,124.615685
125,124.58439
125,124.49418
125,124.325836
125,124.47142
125,124.439186
125,124.52605
125,124.36563
125,124.51181
125,124.534874
125,124.522896
125,124.52455
125,124.46026
125,124.44453
125,124.55654
125,124.61179
125,124.54777
125,124.47413
125,124.40352
125,124.36932
125,124.46279
125,124.25795
125,124.36895
125,124.344505
125,124.05898
125,124.00502
125,123.80687
125,123.75335
125,123.48444
125,123.57661
125,123.8066
125,123.71895
125,123.90067
125,124.05431
125,124.1707
125,123.98478
125,123.99203
125,124.17683
125,124.14802
125,124.12737
125,124.14912
125,124.27238
125,124.329956
125,124.37906
125,124.39655
125,124.040146
125,123.978226
125,123.660446
125,123.81359
125,123.759056
125,123.74122
125,123.50974
125,123.482765
125,123.725174
125,123.329414
125,123.30417
125,123.1935
125,123.257454
125,122.74656
125,122.59847
125,122.107155
125,121.93035
125,122.07988
125,122.12106
125,122.04842
125,120.7672
125,120.65446
125,120.02541
125,120.37487
125,120.734604
125,117.84385
125,114.19628
125,107.93137
125,99.69094
125,94.51391
124,93.70165
123,92.31026
122,95.18818
121,94.41227
120,97.3195
119,94.980675
118,92.42588
117,90.39669
116,86.57125
115,83.758194
114,82.9854
113,83.46652
112,83.13615
111,80.84573
110,83.97726
109,85.93991
108,91.57447
107,94.18931
106,89.49379
105,84.536064
104,82.492836
103,85.76893
102,84.53583
101,89.06097
100,92.09957
99,94.10763
98,91.69076
97,87.82986
96,89.084274
95,83.844475
94,82.00077
93,85.26396
92,90.63719
91,93.35204
90,95.50722
89,94.12447
88,88.51525
87,85.036285
86,86.53323
85,93.98356
84,89.78312
83,89.252556
82,91.845726
81,95.606125
80,97.31418
79,94.036545
78,93.92072
77,87.124435
76,80.542564
75,80.74485
74,80.33907
73,78.28137
72,77.89996
71,78.448135
70,74.704636
69,71.645164
68,70.190765
67,72.76257
66,73.8679
65,72.52552
64,71.400536
63,67.7664
62,65.41469
61,63.179455
60,60.8784
59,60.632076
58,60.686787
57,57.53362
56,53.798534
55,49.017338
54,45.996426
125,106.56278
125,104.31325
125,103.29853
125,100.87316
125,104.48743
125,104.33924
125,105.890335
125,111.56197
125,114.85969
125,121.153725
125,123.07456
125,122.886
125,123.252945
125,123.52432
125,123.35177
125,123.29229
125,122.853134
125,122.65113
125,122.80631
125,122.13004
125,120.58645
125,121.09292
125,120.23566
125,120.18465
125,113.11848
125,113.721886
125,112.516914
125,96.996704
125,102.54723
125,91.5937
125,83.401634
125,95.95438
125,92.71577
125,93.275024
125,98.51696
125,115.081184
125,113.08923
125,115.36068
125,96.69425
125,116.19877
125,115.64901
125,112.43184
125,119.343056
125,120.19185
125,121.241646
125,120.722084
125,121.44251
125,121.23673
125,121.40861
125,120.6075
125,119.42754
125,120.20299
125,121.708275
125,121.55435
125,121.44964
125,121.54955
125,121.53989
125,121.53019
125,121.75884
125,119.85246
125,121.04183
125,119.136345
125,120.00614
125,120.54434
125,120.872
125,118.624
125,118.66734
125,119.68406
125,121.027534
125,120.092445
125,121.51028
125,120.68574
125,121.803
124,121.42444
123,121.1661
122,121.52338
121,120.51921
120,121.857124
119,121.45674
118,120.82607
117,120.87344
116,120.928764
115,119.820366
114,120.40139
113,121.36546
112,121.76278
111,121.35079
110,118.7738
109,116.87142
108,113.71514
107,111.90501
106,106.48864
105,103.027725
104,99.31011
103,94.5265
102,92.358925
101,87.70608
100,81.409454
99,82.37974
98,77.79834
97,77.34348
96,82.669945
95,86.07976
94,88.565346
93,92.67373
92,92.68102
91,86.725975
90,80.422676
89,78.52487
88,72.601265
87,64.528336
86,67.90218
85,62.857853
84,62.81631
83,63.361748
82,68.843666
81,75.35739
80,73.62052
79,79.28022
78,79.51019
77,83.86362
76,84.6505
75,84.03353
74,84.30268
73,86.55733
72,83.56627
125,124.72023
125,124.75355
125,124.58943
125,124.64449
125,124.4045
125,122.51362
125,120.75211
125,119.53141
125,119.49466
125,122.32657
125,124.02494
125,121.93929
125,121.95585
125,108.731804
125,107.52816
125,96.6516
125,99.96204
125,101.359795
125,101.9193
125,103.67823
125,106.81084
125,108.93717
125,112.65107
125,115.719505
125,117.67326
125,120.15371
125,121.61677
125,121.55811
125,122.05825
125,122.681175
125,123.343025
125,123.506584
125,123.834755
125,123.55009
125,123.69834
125,123.85074
125,123.512794
125,122.69661
125,122.4119
125,122.91303
125,122.903625
125,122.05579
124,122.55229
123,123.74004
122,123.731926
121,124.01865
120,123.48418
119,123.09392
118,122.75182
117,121.724434
116,121.97413
115,121.684875
114,121.34821
113,119.74121
112,119.32984
111,118.628555
110,119.198326
109,120.85888
108,121.81217
107,122.512
106,121.30895
105,120.20327
104,118.511734
103,119.927986
102,116.923164
101,105.02884
100,95.56244
99,102.58592
98,108.17356
97,102.569214
96,108.21771
95,117.00989
94,118.32218
93,108.81363
92,111.256996
91,107.2894
90,108.76532
89,112.29048
88,107.24459
87,113.454185
86,113.71863
85,106.25228
84,104.43101
83,108.42949
82,107.468575
81,113.23637
80,112.82308
79,116.26034
78,118.35939
77,114.62495
76,114.11994
75,108.32052
74,94.87844
73,86.45583
72,76.40944
71,71.748924
70,68.47385
69,63.4857
68,58.84577
67,56.04285
66,55.097385
65,52.15276
64,47.38612
63,45.942005
62,44.09688
61,41.70489
60,43.09248
59,43.207077
58,41.775593
57,50.190567
56,50.534378
55,49.759727
54,47.06513
53,51.893555
52,49.08506
51,44.986904
50,49.820583
49,53.244938
48,59.022476
47,55.749905
46,56.18111
45,54.547367
44,53.141846
43,52.546772
42,52.20558
41,55.394825
40,59.089657
39,54.052143
38,48.77213
37,44.242855
36,43.951626
35,40.51804
34,36.204258
33,32.795666
32,29.361189
31,24.896244
30,25.109514
29,24.081038
28,23.096363
125,124.42889
125,124.53585
125,124.57279
125,124.55309
125,124.27387
125,124.35668
125,124.32485
125,124.029305
125,123.95598
125,123.87931
125,123.93888
125,123.54632
125,122.62881
125,122.347725
125,123.12435
125,123.48914
125,123.58216
125,122.69465
125,123.076706
125,122.92029
125,122.52614
125,122.58546
125,121.83937
125,121.806435
125,121.859276
125,120.74195
125,120.38618
125,119.090126
125,115.76108
125,114.78783
125,117.75202
125,119.4007
125,120.454796
125,118.97742
125,116.639755
125,116.24183
125,116.575
125,118.360855
125,119.652794
125,119.75706
125,119.52221
125,119.41761
125,112.22542
125,109.651764
125,106.09128
125,108.071236
125,114.59477
125,117.768585
125,117.57252
124,117.10882
123,113.991905
122,117.685165
121,114.79936
120,112.99198
119,112.698326
118,115.57987
117,118.20868
116,118.38279
115,118.74391
114,118.38999
113,119.4298
112,118.53295
111,117.87791
110,119.76583
109,119.487724
108,118.02782
107,118.67904
106,120.07259
105,121.4159
104,119.91738
103,120.421265
102,118.44077
101,116.92168
100,118.3478
99,118.251305
98,118.875084
97,118.405624
96,116.62909
95,116.17402
94,115.9734
93,113.64653
92,107.54235
91,103.287346
90,97.024376
89,95.09858
88,101.97737
87,101.258316
86,96.76304
85,91.78452
84,88.10848
83,92.15981
82,95.3756
81,89.54647
80,83.07932
79,82.58471
78,84.514656
77,86.64942
76,82.10096
75,82.27151
74,81.40404
73,79.10171
72,75.72448
71,71.32255
70,72.49374
69,70.68147
68,67.34378
67,63.839096
66,58.18557
65,62.05443
64,62.369762
63,64.76119
62,62.369175
61,63.821014
60,61.06706
59,60.808277
58,60.60348
57,59.510677
56,59.31274
55,58.087658
54,58.76646
53,61.34856
52,59.80347
51,54.631573
50,54.62331
49,54.770504
48,55.450344
47,51.40734
46,49.68182
45,48.10335
44,43.934254
43,39.598846
42,38.15263
41,35.470516
40,31.89726
39,30.043428
38,30.43301
37,30.74901
36,33.453476
35,33.82455
34,31.242384
33,32.04131
32,30.152824
31,31.717379
30,31.796793
29,31.3629
28,33.82332
27,33.64293
26,31.176374
25,30.686773
24,30.312971
23,28.14959
22,26.433002
21,26.69673
20,26.77937
19,26.704697
18,23.865007
17,21.473352
16,21.519417
15,20.40121
14,18.433435
118,118.167
117,110.71016
116,102.447075
115,101.371056
114,102.529686
113,105.97475
112,109.90332
111,105.40803
110,93.70926
109,89.65723
108,93.37441
107,98.8991
106,110.577965
105,117.09739
104,116.394684
103,119.57671
102,118.211586
101,117.96609
100,115.56019
99,119.50358
98,122.01906
97,122.64897
96,122.81071
95,122.49799
94,123.17683
93,123.22118
92,123.424835
91,123.47617
90,123.46709
89,122.89533
88,122.18702
87,121.5134
86,122.030815
85,122.67106
84,122.99309
83,123.61275
82,123.5927
81,124.134895
80,124.03657
79,124.299095
78,124.42962
77,124.35651
125,119.29047
125,118.216705
125,119.763115
125,121.1713
125,121.69797
125,121.24003
125,120.78994
125,119.61195
125,118.08898
125,116.95443
125,117.698845
125,117.68124
125,118.91193
125,120.436325
125,120.055305
125,120.02802
125,117.96049
125,116.60689
125,116.64965
125,116.52016
125,118.62237
125,119.88076
125,120.355225
125,120.64547
125,120.541374
125,121.778404
125,120.48657
125,120.88981
125,120.37858
125,120.00895
125,117.86602
125,114.44264
125,108.48162
125,103.08297
125,98.82104
125,96.541466
125,96.33447
125,93.72203
125,91.266106
125,100.27594
125,103.84226
124,111.54127
123,114.828316
122,117.08701
121,119.51658
120,120.18747
119,113.701065
118,117.550545
117,121.122055
116,122.55039
115,123.33007
114,123.80163
113,123.87599
112,124.08753
111,124.23589
110,124.26961
109,124.11056
108,123.79926
107,123.67777
106,123.64063
105,123.3859
104,122.56732
103,123.29804
102,123.520424
101,123.76818
100,123.44099
99,123.03376
98,122.67719
97,122.07069
96,119.11483
95,117.36572
94,118.59808
93,102.583595
92,93.1885
91,99.214066
90,97.074974
89,93.88895
88,85.11993
87,76.89474
86,75.80622
85,73.885414
84,73.6291
83,78.395065
82,81.034645
81,74.98651
80,67.187164
79,67.01029
78,74.81889
77,80.91582
76,73.00782
75,67.22736
74,68.0032
73,69.4325
72,83.16603
71,80.73295
70,81.71186
69,78.805534
68,75.07574
67,72.63787
66,66.92335
65,59.499
64,58.359703
63,60.937145
62,62.7471
61,73.07836
60,88.05964
59,90.107796
58,95.15625
57,85.63949
56,87.96872
55,92.253456
54,91.85017
53,99.087975
52,105.42709
51,103.47465
50,100.411156
49,94.99841
48,86.937035
47,82.65936
46,75.839554
45,74.60618
44,72.39845
43,67.57505
42,61.71258
41,56.119717
40,56.709377
39,52.765614
38,50.2716
37,49.932823
36,51.45934
35,48.819996
34,49.20483
33,46.272945
32,44.797234
31,38.403694
30,40.221943
29,37.063286
28,32.860825
27,33.91402
26,31.349707
25,29.411293
24,30.075567
23,29.233437
22,26.672346
21,23.795435
20,24.843914
19,26.473177
18,23.24956
17,23.722818
16,22.309069
15,19.273746
14,16.82279
13,14.395793
12,12.962538
11,11.189567
10,10.481382
9,9.968466
8,9.711012
125,107.39373
125,112.51306
125,116.772896
125,120.21489
125,121.16552
125,120.432556
125,121.8794
125,122.71066
125,122.80657
125,122.96743
125,123.14634
125,123.77745
125,123.74786
125,123.60062
125,123.92959
125,123.1124
125,123.21824
125,123.34587
125,121.872154
125,121.713295
125,122.79877
124,123.00202
123,123.004425
122,123.276375
121,122.09988
125,120.76421
125,121.7221
125,122.83544
125,123.607376
125,124.175865
125,124.188736
125,124.3516
125,124.56324
125,124.74749
125,124.734825
125,124.477196
125,124.47294
125,124.65751
125,124.58699
125,124.56852
125,124.13661
125,124.333824
125,124.16312
125,123.68244
125,123.62356
125,123.365265
125,122.561195
125,122.87327
125,123.39128
125,123.34409
125,123.46479
125,123.07467
125,123.12128
125,123.07813
125,122.962776
125,122.43775
125,122.81217
125,121.357315
125,118.65369
125,117.05556
125,118.3149
125,118.88452
125,118.745094
125,116.05772
125,118.35267
125,120.196815
125,120.48898
125,119.36265
125,119.36373
125,115.69297
125,111.91986
125,103.14541
125,91.41407
125,97.565735
125,101.556946
125,105.983574
125,113.08929
125,118.45878
125,122.91351
125,123.6751
125,123.93687
125,123.96029
125,123.76922
125,123.744446
125,123.75579
125,122.64639
125,121.2224
125,120.825615
125,121.18957
125,119.91541
125,120.900085
125,120.163734
125,116.06338
125,119.281105
125,119.82911
125,117.107185
125,115.904305
125,115.087944
125,114.590256
125,116.631935
125,113.51353
125,113.89702
125,110.84049
125,114.86494
125,116.98278
125,108.23944
125,108.97222
125,113.64272
125,107.75172
125,105.36158
125,106.2922
125,113.29133
125,119.54207
125,120.58106
125,114.76536
125,114.06986
125,116.95983
124,121.00918
123,121.63996
122,122.10848
121,120.93833
120,120.08078
119,121.280495
118,120.486305
117,122.01704
116,121.69615
115,120.33102
114,120.8865
113,119.565994
112,114.24631
111,109.27311
110,89.75985
109,83.40525
108,80.59445
107,92.322975
106,97.99319
105,86.34841
104,80.868996
103,82.1898
102,82.053215
101,96.60549
100,97.662544
99,93.517586
98,96.00784
97,107.16232
96,107.38375
95,109.93602
94,110.07222
125,118.81305
125,118.81134
125,119.52756
125,120.2262
125,118.37367
125,116.32728
125,116.26873
125,116.575874
125,117.59365
125,118.74546
125,119.12945
125,120.72798
125,122.955925
125,123.45076
125,123.33228
125,123.26799
125,123.41809
125,123.43558
125,122.91421
125,122.42274
125,120.31165
125,119.6619
125,116.51342
125,112.0337
125,111.676506
125,114.277855
125,114.91873
125,111.20667
125,116.69645
125,115.93922
125,112.21185
125,117.56542
124,120.28391
123,119.654625
122,117.96662
121,119.70495
120,119.812004
119,119.6217
118,118.98548
125,106.36353
125,108.601616
125,111.1709
125,110.97601
125,111.811485
125,113.126015
125,114.67356
125,112.51908
125,115.27062
125,118.56653
125,119.663414
125,121.20339
125,121.19858
125,121.27056
125,120.26995
125,120.726036
125,121.32011
125,122.19013
125,122.4365
125,122.678795
125,122.50143
125,122.37574
125,121.91425
125,121.920616
125,121.49258
125,120.43099
125,120.74937
124,121.98479
123,120.51414
122,115.30606
121,105.30962
120,103.84242
119,105.47119
118,106.64521
117,110.78257
116,110.590866
115,111.48007
114,115.243324
113,118.298004
112,118.50456
111,121.08654
110,122.05153
109,119.9515
108,118.423096
107,117.4432
106,110.73642
105,113.43668
104,118.83278
103,118.752075
102,122.21359
101,121.94415
100,122.8872
99,121.27895
98,121.922165
97,121.329
96,118.630684
95,110.42541
94,106.16439
93,99.48134
92,108.51003
91,104.43073
90,107.9568
89,107.60827
88,108.0775
87,110.7777
86,111.80886
85,111.828255
84,113.370125
83,107.48246
82,110.21825
81,103.771965
80,102.66645
79,100.85479
78,96.465034
77,87.53498
76,79.94714
75,76.52642
74,74.24535
73,75.05458
72,77.22107
71,80.61354
70,80.632095
69,77.76997
68,78.67971
67,78.04059
66,73.6008
65,71.22326
64,69.35186
63,69.663155
62,67.311554
61,62.978176
60,61.605232
59,63.08562
58,67.03124
57,67.96032
56,64.60917
55,60.797413
54,63.477768
53,70.75884
52,66.10787
51,63.149715
50,57.71285
125,124.076485
125,124.16102
125,124.11849
125,124.044464
125,123.95188
125,123.91132
125,123.9734
125,124.0549
125,124.230286
125,124.28141
125,123.9882
125,123.968445
125,124.0348
125,124.06184
125,124.100136
125,123.98786
125,123.82514
125,123.485374
125,123.371475
125,123.67727
125,123.94966
125,123.99229
125,123.87522
125,123.94249
125,123.77931
125,123.85462
125,123.78916
125,123.67957
125,123.57185
125,123.56387
125,123.64971
125,123.692825
125,123.48196
125,123.6513
125,123.57374
125,123.63756
125,123.67541
125,123.67364
125,123.53948
125,123.36996
125,123.376915
125,123.56955
125,123.74711
125,123.906395
125,123.88133
125,123.830795
125,123.887985
125,123.8978
125,123.4394
125,123.580864
125,123.30062
125,123.316216
125,123.3731
125,123.30201
125,123.2019
125,123.15603
125,122.975685
125,123.25722
125,123.147446
125,122.991585
125,122.24575
125,122.640236
125,122.926704
125,122.92545
125,123.0474
125,122.74823
125,121.97725
125,122.181786
125,120.79114
125,118.698814
125,117.30604
125,116.77418
125,118.46845
125,120.84795
125,121.847534
125,122.37213
125,122.36142
125,121.7839
125,118.99502
125,115.09069
125,109.00127
125,103.136314
125,101.26822
125,121.11648
125,120.23907
125,121.41311
125,122.55988
125,123.22141
125,123.78997
125,123.87444
125,124.09527
125,124.220375
125,124.20141
125,123.804504
125,123.291916
125,122.64975
125,122.85874
125,122.494484
125,121.03021
125,117.20394
125,111.517166
125,103.51911
125,92.400986
125,82.702965
125,87.45897
125,87.11178
125,95.45789
125,102.88013
125,108.454994
125,119.42861
125,121.45234
125,121.029205
125,120.98254
125,120.92376
125,121.67123
125,122.00053
125,122.05718
125,121.83556
125,122.5135
125,123.39744
125,123.48756
125,123.749565
125,123.170586
125,122.75627
125,122.47007
125,122.03962
125,121.35566
125,121.26168
125,121.66881
125,122.65836
125,122.388565
125,122.57731
125,122.45977
125,122.663475
125,122.329605
125,121.82026
125,121.88044
125,121.85365
125,120.92715
125,118.63553
125,119.93616
125,121.03428
125,120.58762
125,119.0133
125,117.73675
125,116.65386
125,114.94051
125,116.870674
125,117.02286
125,114.2106
125,101.1937
125,87.75869
125,101.98274
125,109.25175
125,109.92791
125,110.47547
125,114.17682
125,118.354866
125,118.50709
125,120.89638
125,119.683266
125,120.629166
125,121.2998
125,121.40131
125,121.962906
125,120.76895
125,119.64073
125,117.20443
125,116.50961
125,119.14056
125,118.69102
125,119.1128
125,119.87742
125,119.935135
125,119.073235
125,119.36249
125,117.578674
125,113.82602
125,113.13713
125,111.15754
125,110.5772
125,110.625755
125,112.85072
125,113.23493
125,112.25137
125,105.93134
125,100.06524
125,94.62191
125,85.55529
125,86.268684
125,78.623184
125,110.834526
125,114.80402
125,117.27184
125,116.09173
125,111.528076
125,111.16783
125,109.74279
125,109.582115
125,114.16884
125,121.596016
125,122.189644
125,123.24468
125,124.06658
125,124.202446
125,124.03832
125,123.756874
125,121.81921
125,121.86533
125,120.622795
125,115.69781
125,116.825615
125,120.57943
125,121.677086
125,121.84383
125,119.81657
125,119.7644
125,116.83674
125,117.994225
125,113.93249
125,113.60375
125,113.62068
125,114.271774
125,117.59339
125,119.970795
125,120.97488
125,121.62602
125,122.31624
125,122.59603
125,123.34559
125,123.892
125,123.77444
125,123.70547
125,123.29565
125,123.00895
125,122.559044
125,121.76203
125,122.0156
124,122.266785
123,117.38407
122,120.22315
121,122.47152
120,122.77027
119,123.085075
118,123.5457
117,123.14965
116,122.767624
115,121.436005
114,120.57735
113,121.595024
125,122.53379
125,122.604645
125,122.744125
125,122.765274
125,122.78295
125,122.56135
125,122.91632
125,123.31949
125,123.248695
125,123.32261
125,123.58432
125,123.86332
125,123.8684
125,124.01479
125,123.86677
125,123.82692
125,123.32888
125,123.245026
125,123.45808
125,123.703545
125,123.84783
125,123.733696
125,123.674446
125,123.48719
125,123.48746
125,123.47532
125,123.21024
125,122.69169
125,122.77427
125,122.38935
125,122.33613
125,122.67584
125,122.882484
125,122.86592
125,122.54599
125,123.03521
125,123.19806
125,122.82865
125,122.35898
125,121.973656
125,121.945206
125,121.47375
125,120.774956
125,121.11515
125,121.81018
125,121.71247
125,121.78309
125,120.85544
125,116.26806
125,116.47103
125,114.259254
125,112.21581
125,110.97785
125,111.049
125,114.467155
125,114.84063
125,112.82973
125,113.473076
125,114.42544
125,117.33398
125,119.898445
124,121.775536
123,121.990364
122,122.146355
121,121.85215
120,122.49784
119,121.98283
118,122.02972
117,121.90057
116,120.84295
115,117.945465
114,115.77964
113,113.19845
112,107.89477
111,104.65842
110,106.309364
109,103.754395
108,103.03213
107,97.129234
106,93.368996
105,94.4322
104,96.43983
103,94.88679
102,94.56892
101,91.34112
100,90.89721
99,91.23573
98,88.26369
97,82.25394
96,79.31929
95,80.56255
94,76.31032
93,77.19992
92,75.17158
91,75.99
90,71.73398
89,72.39451
88,78.024086
87,77.93302
86,79.16049
85,75.33399
84,71.96277
83,71.94309
82,72.37507
81,72.5042
80,71.00497
79,66.41447
78,66.89109
77,70.259514
76,71.60642
75,71.36668
74,73.62405
73,70.55973
72,68.93151
71,72.13061
70,76.44165
69,81.925476
68,85.25182
67,85.518486
66,89.797066
65,87.06155
64,81.63615
63,83.568184
62,84.212074
61,84.840744
60,83.21912
59,86.7955
58,84.93512
57,80.365234
56,73.90029
55,71.83065
54,67.725365
53,64.00107
52,61.999935
51,57.043148
50,52.354362
49,49.464405
48,44.25854
47,39.2663
46,37.626797
45,35.93788
44,36.148914
43,34.88042
42,33.124317
41,34.527504
40,34.644104
39,35.545666
38,35.41522
37,34.51309
36,32.92876
35,31.491587
34,31.466393
33,30.962296
32,31.230654
31,32.02409
30,30.56708
29,29.14598
28,26.695723
27,24.615768
26,22.415106
25,21.44744
24,20.525274
23,19.485693
22,17.10111
21,13.60326
20,13.380808
19,14.660662
18,15.096212
17,14.581578
16,15.988129
15,15.309311
14,13.800503
13,12.969959
12,11.813015
11,10.483494
10,9.419835
125,122.824524
125,123.16276
125,122.45803
125,122.4306
125,122.45884
125,121.6545
125,120.92853
125,120.30723
125,119.913734
125,121.1063
125,121.597435
125,121.8215
125,122.25641
125,121.881035
125,121.37377
125,121.57329
125,119.75691
125,119.50533
125,120.39703
125,119.748245
125,118.720116
125,119.72007
125,119.11844
125,120.16276
125,121.03055
125,121.54498
125,121.7492
125,121.79586
125,121.43412
125,121.71368
125,120.93868
125,120.54099
125,120.1811
125,118.18498
125,116.37266
125,114.624855
125,116.776505
125,117.00649
125,117.113205
125,117.38836
125,116.01458
125,113.98087
124,115.520706
123,114.553474
122,112.201935
121,108.38081
120,105.16036
119,98.595924
118,98.7719
117,97.91339
116,92.23
115,90.01809
114,91.72641
113,96.30735
112,99.506355
111,109.69886
110,117.613556
109,119.32407
108,122.03715
107,122.26508
106,122.86326
105,123.01838
104,123.24742
103,123.30636
102,123.708755
101,123.641685
100,123.50626
99,122.85074
98,122.59965
97,122.64686
96,121.455
95,121.65661
94,120.402985
93,119.73474
92,119.223274
91,117.57613
90,114.51239
89,117.290764
88,110.926346
87,110.25354
86,109.97938
85,117.33564
84,104.807365
83,97.175476
82,99.23744
81,84.749245
80,76.890114
79,76.751625
78,78.669754
77,71.788345
76,79.11071
75,71.56368
74,72.02679
73,69.77816
72,72.8366
71,77.52084
70,80.74479
69,83.67898
68,84.96211
67,82.33549
66,79.25798
65,84.23145
64,93.60964
63,98.456985
62,105.79032
61,106.17852
60,115.36276
59,118.5604
58,119.76389
57,120.21084
56,121.73692
55,122.05867
54,121.846016
53,120.773796
52,120.254654
51,117.387985
50,113.81368
49,110.37118
48,89.88561
47,61.479855
46,47.531338
45,41.6781
44,41.85104
43,37.147278
42,38.044067
41,33.777195
40,34.36632
39,34.265167
38,34.61635
37,34.147842
36,32.032894
35,31.912432
34,29.49233
125,124.93522
125,124.95151
125,124.91187
125,124.91236
125,124.890205
125,124.928215
125,124.95628
125,124.95767
125,124.92238
125,124.920044
125,124.85501
125,124.8449
125,124.7985
125,124.8026
125,124.77378
125,124.70912
125,124.65395
125,124.665985
125,124.55285
125,124.72376
125,124.63357
125,124.77742
125,124.809944
125,124.673454
125,124.67422
124,124.77708
123,124.61674
122,124.69237
121,124.71006
120,124.766045
119,124.77529
118,124.792305
117,124.60915
116,124.61706
115,124.57436
114,124.490814
113,124.57457
112,124.620926
111,124.723335
110,124.74915
109,124.60284
108,124.6316
107,124.76339
125,118.96635
125,119.148
125,120.26441
125,120.669395
125,120.85397
125,120.95313
125,121.135445
125,120.3424
125,120.344086
125,119.17744
124,119.95736
123,120.185295
122,119.346214
121,118.83837
120,117.06129
119,117.34461
118,117.978386
117,118.937195
116,120.96748
115,121.74209
114,120.998405
113,120.1471
112,117.716835
111,116.92843
110,115.11391
109,114.171135
108,114.9396
107,114.389824
106,117.33804
105,119.0926
104,120.52791
103,120.278206
102,119.620804
101,119.54403
100,118.56678
99,119.12541
98,120.48313
97,120.835144
96,119.93034
95,119.8086
94,112.30212
93,110.160194
92,102.49935
91,103.74451
90,108.62718
89,112.3827
88,111.47292
87,113.30352
86,112.947426
85,112.68409
84,110.655754
83,105.072105
82,101.220276
81,102.93871
80,106.272484
79,102.40451
78,113.411964
77,117.73078
76,116.78397
75,115.40366
74,113.606155
73,109.58964
72,108.34228
71,102.44249
70,92.90261
69,88.37187
68,82.38118
67,80.81403
66,75.69431
65,81.685616
64,81.21835
63,75.84533
125,123.046196
125,122.962906
125,123.16271
125,123.787315
125,123.869514
125,123.993996
125,123.99186
125,124.12255
125,124.23014
125,124.077736
125,123.63152
125,123.48835
125,123.03035
125,123.13534
125,122.77131
125,122.63481
125,121.03368
125,119.325066
125,117.85653
125,114.911766
125,115.692924
125,117.972374
125,118.59486
125,121.04714
125,115.2362
125,115.12366
125,109.85822
125,104.63735
125,105.22463
125,113.16474
125,119.60107
125,121.92027
125,123.265755
125,123.92264
125,124.01064
125,124.41064
125,124.188194
125,123.92106
125,124.10549
125,123.8773
125,123.62486
125,123.49942
125,123.206024
125,122.93638
125,122.85338
125,123.1863
125,122.712975
125,120.64215
125,120.49621
125,121.81226
125,119.65661
125,118.10623
125,116.52952
125,117.2817
125,121.027824
125,120.34997
125,118.141396
125,118.76421
125,119.16004
125,119.03275
125,119.02501
125,121.180275
125,120.541176
125,122.11502
125,121.92106
125,119.59839
125,118.31687
125,116.671394
125,116.53432
124,111.75834
123,108.742966
122,107.02015
121,112.664085
120,119.02466
119,117.88272
118,106.22755
117,93.767944
116,84.27708
115,75.6676
114,73.913925
113,77.80625
112,80.37621
111,83.90738
110,87.31275
109,87.70463
108,92.019264
107,93.92272
106,90.62011
105,89.28862
104,85.684166
103,79.20283
102,79.38372
101,70.88289
100,68.80771
99,69.314835
98,67.04937
97,69.668785
96,70.302956
95,77.02019
94,74.838524
93,76.27062
92,76.66017
91,77.0574
90,73.193504
125,122.93873
125,123.23609
125,123.24299
125,123.64518
125,123.15161
125,122.134605
125,114.90923
125,108.48927
125,106.67135
125,113.82697
125,105.06883
125,106.29381
125,104.40414
125,95.68619
125,99.786064
125,95.336296
125,92.83779
125,92.465996
125,92.74076
125,89.91745
125,93.2921
125,100.868
125,101.79198
125,105.76826
125,99.1449
125,99.808014
125,100.05919
125,105.37815
125,112.6136
125,114.43186
125,116.555626
125,115.96128
125,115.86552
125,112.270744
125,110.01919
125,116.811134
125,120.59757
125,122.99495
125,123.47108
125,123.89708
125,123.74763
125,123.454315
125,123.27738
125,122.81985
125,119.21495
125,118.0304
125,112.155136
125,107.69199
125,100.12304
125,102.21405
125,115.515465
125,114.83486
125,109.6209
125,110.05379
125,111.29034
125,113.74379
125,115.32015
125,116.757805
125,118.28567
125,118.49218
125,117.54676
125,116.99634
125,112.163445
125,114.1665
125,119.04248
125,119.872444
125,117.99885
124,116.56664
123,111.52107
122,110.65989
121,109.635056
120,104.865486
119,105.86416
118,108.068016
117,99.47468
116,93.223976
115,89.64776
114,89.46572
113,91.30158
112,84.02517
111,81.69944
110,75.89525
109,76.22078
108,76.416466
107,78.06361
106,81.66726
105,80.99493
104,81.68831
103,83.482796
102,82.58293
101,86.19732
100,90.74905
99,95.41803
98,90.67775
97,87.99316
96,87.97079
95,87.18011
94,88.65467
93,94.2669
92,100.07496
91,101.917046
90,103.52392
89,103.872116
88,97.35334
87,94.80424
86,96.01802
85,97.82829
84,98.230644
83,100.983116
82,95.02787
81,91.84925
80,88.738914
79,91.91365
78,97.831184
77,97.34025
76,96.73646
75,97.788246
74,93.04643
73,86.42243
72,80.97553
71,75.53597
70,71.17675
69,66.87183
68,62.95914
67,59.501247
66,56.88647
65,56.0416
64,54.910767
63,54.342777
62,57.548267
61,61.869587
60,61.72475
59,61.581165
58,61.267723
57,58.220005
56,57.024296
55,54.55687
54,52.04245
53,50.310184
52,47.832577
51,44.19308
50,42.012173
49,41.735558
48,39.87189
47,39.05255
46,34.54414
45,39.571568
44,43.11435
43,45.9635
42,44.223736
41,43.958847
40,43.930782
39,46.260418
38,41.684544
37,38.23978
36,33.100883
35,33.324085
34,34.82113
33,38.57312
32,34.339222
31,34.315
30,33.177547
29,31.66667
28,29.253748
27,31.263866
26,26.630184
25,22.910318
24,23.86301
23,25.21107
22,23.159851
21,24.508114
20,23.681751
19,22.408247
18,21.4683
17,22.134874
16,21.714813
15,18.702429
14,19.281622
13,17.806677
12,16.078314
11,15.28681
10,13.733887
9,11.265474
8,10.154661
125,95.23904
125,96.38162
125,100.168076
125,101.759254
125,108.01586
125,110.97181
125,112.34476
125,111.705315
125,112.18478
125,111.39818
125,113.75678
125,115.32412
125,116.53474
125,115.24627
125,116.329414
125,118.48609
125,121.471565
124,122.016365
123,122.51075
122,122.99554
121,123.12771
120,122.81038
119,119.915016
118,115.043274
117,110.06965
116,105.553085
115,108.17314
114,98.75474
113,100.05399
112,103.62806
111,110.97837
110,113.486916
109,112.590065
108,110.43099
107,111.83555
106,115.345215
105,117.78689
104,119.60412
103,121.60776
102,121.53872
101,121.864075
100,122.5525
99,122.83045
98,122.97944
97,122.917534
96,121.55573
95,120.857735
94,119.93943
93,119.25067
92,115.69138
91,114.58495
90,104.20428
89,95.11533
88,92.27082
87,93.39893
86,89.87299
85,88.88547
84,87.91578
83,85.581474
82,79.66231
81,78.841064
80,80.41358
79,82.563934
78,84.59359
77,89.38826
76,102.29979
75,103.92323
74,105.539696
73,104.459946
72,104.12499
71,97.55314
70,96.493355
69,90.94011
68,82.090645
67,76.56694
66,70.68727
65,66.68075
64,71.570274
63,62.27882
62,58.727577
61,53.403225
60,50.222607
59,49.95428
58,51.63575
57,50.410004
56,46.91144
55,48.895462
54,48.923325
53,50.607143
52,57.046154
51,65.90275
50,74.0473
49,92.52293
48,93.79298
47,100.24491
46,104.699135
45,104.24937
44,108.71543
43,108.38662
42,105.03176
41,100.19499
40,97.800415
39,95.46056
38,92.29744
37,89.90857
36,89.31733
35,88.75612
34,88.6353
33,73.997154
32,74.07489
31,67.62674
30,51.789875
29,44.929962
28,36.75316
27,33.691074
26,32.773197
25,33.957012
24,36.80685
23,33.039158
22,32.5266
21,30.265207
20,29.963194
19,26.048796
18,24.3851
17,20.75949
16,20.087545
15,16.913763
14,15.964434
13,14.46695
12,13.557657
11,12.166401
10,11.468527
9,9.347431
125,123.76132
125,123.57505
125,123.360565
125,123.00043
125,122.75482
125,122.717995
125,123.57367
125,122.86002
125,120.5827
125,114.22935
125,122.04728
125,123.751495
125,124.36726
125,124.36645
125,123.84202
125,118.43846
125,109.73768
125,99.151184
125,94.70684
125,96.404755
125,88.39481
125,84.57169
125,82.882545
125,81.95471
125,82.23358
125,92.87565
125,104.055534
125,108.51187
125,115.813705
125,113.05787
125,113.14568
125,116.526665
125,120.206245
125,123.451485
125,123.79717
125,123.94067
125,123.65671
125,123.474525
125,123.72163
125,123.59312
125,123.54681
125,123.60608
125,123.522835
125,122.496574
125,123.70992
125,123.316925
125,122.50913
125,121.56278
125,120.730064
125,112.34106
125,106.03724
125,99.67804
125,106.193985
125,105.92429
125,112.27108
125,118.56193
125,119.94076
125,120.441025
125,120.0638
125,120.3861
125,118.61538
125,118.58282
125,117.235664
125,117.71013
125,116.97988
125,115.69015
125,118.34826
125,119.32169
125,118.21398
125,116.92927
125,117.46057
125,112.122444
125,103.32028
125,92.11028
125,77.24781
125,72.06924
125,81.76009
125,88.98362
125,106.13787
125,117.740166
125,121.846275
125,120.66902
125,120.155365
125,120.939476
125,120.481476
125,121.48451
125,121.04163
125,120.27744
125,122.17618
125,122.6726
125,122.007965
125,122.655174
125,122.76412
125,122.1311
125,121.962585
125,121.67408
125,121.24416
125,119.90049
125,119.96922
125,120.470345
125,119.64445
125,118.3227
125,119.30389
125,117.7841
125,116.43241
125,116.33666
125,114.80706
125,112.934105
125,108.62092
125,108.428925
125,96.87084
125,91.811775
125,86.01084
125,93.8693
125,87.79949
125,91.04723
125,94.51763
125,99.90559
125,112.67115
125,117.55627
124,119.73533
123,119.917915
122,118.33645
121,112.23275
120,111.69978
119,108.80626
118,107.74416
117,106.246376
116,105.94422
115,103.69789
114,99.11088
113,106.59629
112,106.025505
111,110.34436
110,103.78938
109,98.03973
108,89.7178
107,91.29908
106,93.45577
105,90.998146
104,88.82775
103,99.46004
102,100.65
101,100.73436
100,99.097755
99,102.41419
98,105.89919
97,104.95219
96,107.26049
95,104.47262
94,108.84972
93,107.991104
92,110.349236
91,111.18427
90,113.85346
89,111.309166
88,108.23815
87,94.14917
86,86.08536
85,83.05854
84,86.0886
83,86.87241
82,86.432686
81,80.0335
80,72.3202
79,76.64631
78,74.4112
77,77.65313
76,72.771614
75,70.89893
74,78.86375
73,84.63148
72,86.7305
71,87.79569
70,89.92952
69,94.52755
68,88.52253
67,83.570305
66,87.13777
65,90.30099
64,88.42028
63,83.66981
62,91.14566
61,88.62166
60,94.81083
59,96.89295
58,92.89015
122,123.0867
121,121.208435
120,122.35171
119,119.508644
118,114.002556
125,114.30143
125,112.224625
125,115.29511
125,119.48705
125,120.61909
125,122.108086
125,122.59281
125,122.84533
125,123.465706
125,123.699455
125,123.946236
125,123.87261
125,123.68668
125,123.336235
125,123.22521
125,123.34917
125,123.44674
125,123.631714
125,123.293365
125,122.65686
125,122.34791
125,122.18997
125,123.00344
125,122.30641
125,122.9679
125,123.148026
125,123.03469
125,123.26525
125,122.041466
125,122.10177
125,121.50289
125,121.24181
125,121.52313
125,122.15105
125,122.50239
125,122.51397
125,121.88715
125,122.152275
125,122.3468
125,121.75387
125,121.17568
125,120.767914
125,119.63275
125,118.05425
125,117.89721
124,116.39089
123,115.95223
122,115.907875
121,117.96967
120,118.53742
119,117.811226
118,118.898796
117,119.231224
116,120.39829
115,121.03611
114,121.46445
113,120.10528
112,111.729836
111,110.18752
110,101.35776
109,102.48253
108,111.84675
107,112.508156
106,112.53093
105,108.16182
104,110.05207
103,112.997795
102,114.00142
101,108.82667
100,113.777275
99,118.20908
98,117.42642
97,118.54357
96,119.949104
95,118.81054
94,113.41544
93,107.34461
92,103.014885
91,99.49003
90,94.866104
89,85.79187
125,103.2161
125,102.332886
125,103.600136
125,105.717804
125,111.35685
125,116.534096
125,115.131874
125,117.969246
125,118.85972
125,119.80053
125,120.62561
125,119.60427
125,120.10473
125,120.1881
125,120.09824
125,119.84525
125,119.67153
125,116.90284
124,117.64635
123,115.76371
122,113.41962
121,114.0764
120,108.25914
119,107.640274
118,104.51931
117,107.72744
116,107.912926
125,124.09008
125,123.019646
125,122.1578
125,122.10469
125,121.46401
125,118.11718
125,109.376205
125,102.56883
125,102.156105
125,103.405
125,114.22242
125,110.56089
125,102.92467
125,103.30958
125,102.73056
125,115.97369
125,120.785736
125,121.960556
125,122.08495
125,122.400475
125,121.196556
125,121.701195
125,123.11176
125,122.453476
125,122.55549
125,121.93923
125,122.09446
125,122.892746
125,121.10294
124,118.61809
123,118.00979
122,118.44644
121,119.648865
120,118.63761
119,116.842476
118,119.89945
117,122.09883
116,121.590904
115,122.39533
125,123.50446
125,123.276085
125,122.656494
125,123.57073
125,123.937614
125,123.379234
125,122.32075
125,122.31002
125,122.21574
125,122.531815
125,122.527855
125,122.74884
125,123.35819
125,123.54242
125,123.59328
125,122.09194
125,122.081024
125,121.80566
125,122.47498
125,122.9867
125,123.12716
125,123.25549
125,123.33238
125,123.579506
125,122.60522
125,122.44805
125,122.80015
125,122.5183
125,121.70351
125,122.39262
125,122.04687
125,121.68966
125,120.88622
125,118.88482
125,106.381226
125,115.01899
125,113.85767
125,119.41419
125,121.177864
125,118.88239
125,118.940285
125,113.27431
125,113.90924
125,120.2111
125,117.16641
125,122.43688
125,122.95304
125,122.60745
125,122.99146
125,123.94562
125,123.43862
125,123.59727
125,123.32235
125,122.9669
125,123.2513
125,123.454155
125,122.544586
125,122.5283
125,122.77801
125,121.83464
125,123.00277
125,123.51774
125,123.672264
125,123.73046
125,123.8732
125,123.38351
125,122.85523
125,122.84835
125,122.994484
125,122.05998
125,121.3424
125,121.792404
125,121.563034
125,121.45723
125,120.39829
125,122.66273
125,122.8625
125,122.104645
125,122.1524
125,122.17965
125,122.81939
125,123.586685
125,123.86707
125,124.09144
125,124.03662
125,123.91113
125,123.55285
125,123.99593
125,123.751816
125,123.85057
125,122.52875
125,122.694824
125,121.859215
125,121.21507
125,121.73084
125,121.446205
125,121.356735
125,121.7511
125,121.97701
125,122.301834
125,121.58039
125,121.62217
125,120.17393
125,120.56356
125,120.72913
125,118.960594
125,120.025185
125,119.886894
125,118.573814
125,120.55297
125,120.62655
125,118.514435
125,117.46435
125,114.96027
125,117.51182
125,118.62756
125,121.36599
125,121.01429
125,120.27275
125,118.36929
125,121.09824
125,121.48058
125,121.50914
125,121.101906
125,121.5314
125,120.52265
125,121.45869
125,122.27795
125,121.213844
125,119.45666
125,118.435135
125,117.98741
125,120.13026
125,120.21638
125,119.80442
125,118.17128
125,117.244804
125,116.02831
125,117.75009
125,112.19921
125,118.545715
125,119.29133
125,120.555115
125,121.591415
125,121.935684
125,121.76192
125,122.18004
125,122.54299
125,123.7198
125,123.59314
125,123.837
125,123.87505
125,123.89902
125,123.64742
125,123.63945
125,123.59619
125,123.58116
125,123.29668
125,123.52444
125,123.07411
125,122.3571
125,122.13404
125,120.37899
125,120.548805
125,119.26307
125,119.72086
125,117.81867
125,118.182365
124,117.94977
123,118.843636
122,118.3576
121,120.488304
120,121.31775
119,120.5217
118,120.09222
117,119.90406
116,118.98652
115,119.875534
114,120.91918
113,120.780846
112,119.0881
111,113.81822
110,105.28571
109,103.10101
108,105.373116
107,109.76134
106,106.58566
105,109.41556
104,104.56245
103,103.443985
102,109.874825
101,100.10851
100,98.23817
99,107.55814
98,98.3002
97,100.339165
96,93.72294
95,97.77273
94,94.88669
93,104.21752
92,109.29186
91,112.432976
90,99.63696
89,77.38569
88,70.927956
87,68.12693
86,70.27204
85,73.52398
84,73.00576
83,75.52807
82,72.74498
81,75.23727
80,75.66398
79,74.1916
78,79.397255
77,75.50382
76,75.286446
75,72.57012
74,74.2282
73,77.63645
72,80.47072
71,77.87603
70,72.335526
69,71.59695
68,69.65579
67,71.05012
66,67.66314
65,70.305984
64,71.90517
63,64.92035
62,61.579174
61,61.360714
60,61.543217
59,63.962902
58,64.75742
57,65.744804
56,66.210594
55,63.26465
54,62.76131
53,63.00719
52,62.270367
51,62.29945
50,62.565655
49,55.712307
48,53.622444
47,51.389084
46,45.207783
45,41.25937
44,40.461514
43,37.373047
42,36.78443
41,42.228626
40,41.639454
39,44.825222
38,49.340878
37,50.54997
36,55.023148
35,58.915127
34,57.45197
33,59.636242
32,53.220863
31,52.59598
30,49.444508
29,41.406116
28,39.215916
125,120.773384
125,119.66581
125,116.05803
125,119.39117
125,120.14638
125,111.4441
125,117.50201
125,117.50202
125,110.24019
125,117.09284
125,111.3756
125,105.7648
125,117.25413
125,118.904396
125,119.81428
125,121.29155
125,120.406746
125,121.574234
125,121.855515
125,120.65952
125,119.95904
125,119.46605
125,119.49933
125,117.8464
125,114.85891
125,112.73467
125,113.28425
125,110.97893
125,108.65243
125,106.70901
125,113.81823
125,115.24723
125,120.2628
125,120.99944
125,121.92383
125,123.12755
125,122.88158
125,122.13668
125,123.05784
125,123.19518
125,123.14048
125,123.52912
125,124.19686
125,124.31015
125,124.11615
125,123.544815
125,121.92776
125,121.94512
125,121.85398
125,121.14227
125,120.18528
125,120.3104
125,119.64802
125,120.2698
125,118.132996
125,115.43654
125,109.457245
125,103.09365
125,101.008354
125,103.46694
125,109.4358
125,105.48931
125,106.88271
125,110.929634
125,108.34771
125,117.47567
125,119.855446
125,120.76591
125,121.25478
125,121.77384
125,120.8841
125,118.35158
125,120.23815
125,119.68538
125,119.820946
125,118.11641
125,116.63203
125,114.84443
125,110.96363
125,103.99587
125,106.0016
125,110.518196
125,110.29627
125,111.90386
125,108.37223
125,103.15007
125,109.97617
125,112.8421
125,115.2002
125,117.02229
125,115.90966
125,115.50059
125,113.25558
125,116.13265
125,115.62377
125,110.60263
125,111.56869
125,114.37226
125,118.16787
125,117.7649
125,118.073326
125,117.40872
125,119.011955
125,115.8599
125,113.28061
125,112.88498
125,109.371086
125,103.94114
125,99.84469
125,83.14855
125,84.01413
125,89.05788
125,85.533104
125,81.627365
125,73.397896
125,73.569954
125,74.499016
125,76.92452
124,73.724236
123,71.71393
122,70.82989
121,73.78041
120,75.11134
119,79.086334
118,79.68262
117,84.85514
116,84.11026
115,86.466774
114,83.00177
113,81.78632
112,82.85366
111,89.613686
110,88.04362
109,85.45266
108,82.43543
107,82.94372
106,87.50637
105,82.0062
104,78.794365
103,75.89838
102,75.9635
101,74.36753
100,70.18926
99,66.43877
98,66.50036
97,66.066284
96,62.11764
95,61.392605
94,62.992687
93,59.399822
92,55.103634
91,48.57951
90,49.31651
89,49.25627
88,55.068546
87,60.083405
86,60.704617
85,64.18994
84,63.473053
83,66.31665
82,66.98457
81,67.00863
80,70.103065
79,66.684746
78,68.82664
77,67.64204
76,65.95283
75,63.65569
74,61.40334
73,61.568874
72,58.473255
71,57.47553
70,59.147648
69,63.814148
68,60.698574
67,60.21043
66,57.282856
65,55.61165
64,52.458096
63,51.499607
62,47.77326
61,45.283794
60,45.49261
59,44.727604
58,47.810123
57,47.8699
56,43.09001
55,41.104904
54,42.15749
53,41.667427
52,39.80493
51,38.707977
50,38.623856
49,37.325108
48,35.771175
47,35.958866
46,32.442043
45,32.050438
44,30.829191
43,29.76059
42,28.955181
41,25.766275
40,25.562757
39,24.016726
38,25.316305
125,120.89495
125,122.25602
125,120.19187
125,120.10201
125,111.68558
125,118.17161
125,122.695885
125,123.49819
125,123.57281
125,123.23699
125,123.80976
125,123.84385
125,124.17028
125,124.00172
125,123.33082
125,123.49767
124,123.27695
123,122.8843
122,121.15405
121,121.61895
120,121.153786
119,121.99941
118,121.68513
117,119.3239
116,120.80874
115,121.43163
114,121.0975
113,117.03736
112,120.757286
111,121.48434
110,120.49993
109,118.01885
108,115.06942
107,112.285385
106,98.634285
105,105.41224
104,115.37444
103,118.16136
102,119.237434
101,118.04536
100,119.097984
99,119.21929
98,121.59231
97,122.02716
96,121.67769
95,119.936195
94,119.58834
93,116.73066
92,115.189
91,114.96203
90,116.312775
89,114.18322
88,113.285515
87,103.724525
86,97.918015
85,91.663025
84,77.2431
83,72.32508
82,68.480774
81,73.58732
80,71.54904
79,74.9349
78,72.59145
77,70.396515
76,74.66046
75,71.479836
74,69.11527
73,71.43192
72,73.58788
71,69.77729
70,66.05801
69,68.99955
68,75.823906
67,72.18435
66,72.311646
65,74.36872
64,74.66819
63,70.90306
62,70.0813
61,64.854164
60,70.97655
59,63.955738
58,64.8727
57,63.63105
56,59.006504
55,62.070625
54,61.04571
53,55.003407
52,58.402756
51,57.05962
50,55.035732
49,51.113678
48,47.204876
47,43.580654
46,42.861015
45,43.64701
44,48.10731
43,45.14221
42,46.956753
41,45.32146
40,47.077724
39,42.255867
38,42.69642
37,37.951916
36,37.214954
35,38.42318
34,33.779266
33,29.48278
32,26.660112
31,29.134666
30,30.698717
29,31.820868
28,32.04225
27,32.231304
26,33.308807
25,32.784718
24,33.79376
23,34.112988
22,31.155214
21,28.960554
20,26.44189
125,121.64304
125,122.05389
125,121.87468
125,121.45236
125,121.49358
125,119.24439
125,114.53767
125,112.39548
125,107.796
125,105.55027
125,99.43705
125,96.836
125,92.37765
125,84.79664
125,80.00584
125,81.59531
125,81.35725
125,79.43226
125,79.2559
125,80.64537
125,76.81971
125,84.01871
125,78.89069
125,79.34585
125,88.78513
125,104.927895
125,113.70658
125,118.72709
125,121.58735
125,121.86089
125,121.82321
125,121.561516
125,121.30969
125,119.88041
125,117.910866
125,119.76412
125,121.38456
125,121.594734
125,121.651184
125,120.97698
125,120.0073
125,119.63256
125,120.263756
125,121.03304
125,119.31399
125,116.432274
125,115.359245
125,110.947105
125,109.82809
125,107.40647
125,102.818855
125,99.10291
125,98.08962
125,99.877075
125,104.763405
125,106.5685
125,96.21087
125,91.79363
125,105.35417
125,103.51188
125,101.60386
125,97.17379
125,90.8895
125,84.591484
125,77.01809
125,79.60057
125,82.727646
125,81.582924
125,82.75567
125,85.215355
125,86.46897
125,93.66178
125,107.5558
125,115.92704
125,113.264305
125,115.806755
125,119.84639
125,122.44554
125,122.25167
125,121.83895
125,122.3751
125,121.25721
125,121.02439
125,120.76918
125,119.55816
125,116.35792
125,114.17739
125,107.3621
125,107.7432
125,108.349304
125,104.13704
125,94.61237
125,92.25562
125,91.61599
125,89.872154
125,99.619835
125,95.67458
125,90.609184
125,82.858315
125,78.97477
125,79.28961
125,79.73202
125,84.19832
125,86.54798
125,87.56195
125,88.83603
125,97.39088
125,105.236855
125,97.76437
125,98.38953
125,98.25931
125,97.1217
125,104.453255
125,113.5246
125,115.75772
125,117.897484
125,116.9285
125,110.15984
125,112.81267
125,112.9741
125,115.22999
125,114.48925
125,111.5837
125,117.966805
125,119.95385
125,121.40981
125,122.03347
125,122.5292
125,122.733765
125,120.3196
125,120.57023
125,120.18942
125,118.93905
125,117.61393
125,116.021355
125,111.98208
125,116.55094
125,116.73541
125,115.86099
125,116.244316
125,115.07297
125,109.87151
125,109.78164
125,110.976616
125,114.753716
125,110.82691
125,107.42253
125,100.89478
125,94.284
125,88.12581
125,97.22933
125,96.852974
125,96.78144
125,87.44772
125,87.75039
125,80.171486
125,76.354576
125,84.69989
125,80.98347
125,86.92332
125,86.0644
125,93.22452
125,86.97207
125,79.43677
125,85.881935
125,86.67766
125,87.84777
125,83.85825
125,84.74143
125,80.59997
125,77.976265
125,76.25445
125,78.76778
125,78.95467
125,81.585266
124,85.38858
123,89.91149
122,86.746284
121,84.17655
120,83.84963
119,84.59005
118,82.76185
117,82.43528
116,82.677055
115,78.85646
114,76.352394
113,74.885765
112,74.33259
111,74.92342
110,75.63682
109,79.0924
108,77.820015
107,74.38303
106,70.46584
105,70.681725
104,68.81011
103,65.813576
102,62.292664
101,60.117954
100,60.671566
99,59.24354
98,58.244675
97,58.4399
96,55.20019
95,56.750416
94,55.865887
93,53.031357
92,51.644356
91,50.097324
90,50.421688
89,49.850697
88,51.18217
87,48.072704
86,47.453106
85,47.878582
125,105.23577
125,104.65578
125,104.45101
125,106.11669
125,106.29473
125,103.41183
125,109.08455
125,113.25204
125,113.27966
125,116.43418
125,116.94367
125,118.89413
125,120.434586
125,120.52607
125,121.53928
125,121.71006
125,122.01658
125,121.36872
125,121.89934
125,120.813255
125,119.26457
125,116.89485
125,113.995224
125,113.48144
125,112.93502
125,110.48991
125,110.55922
125,112.23933
125,112.54097
125,112.092804
125,113.82638
125,112.76413
125,114.44505
125,115.24227
124,116.78451
123,117.52128
122,118.20009
121,117.79492
120,117.90621
119,118.16227
118,118.04092
117,117.54702
116,116.4428
115,112.98795
114,110.41243
113,106.664406
112,100.54826
111,99.31904
110,94.18223
109,97.92608
108,93.3755
107,89.90081
106,90.99946
105,88.35167
104,84.06071
103,85.02313
102,85.08891
101,78.87064
100,71.98962
99,72.82683
98,74.74677
97,81.89038
96,87.39421
95,93.78216
94,96.61947
93,104.128586
92,110.355965
91,112.238785
90,114.41904
89,114.81079
88,116.07595
87,117.298256
86,117.535164
85,117.53555
84,113.025826
83,103.31602
82,96.933655
81,94.33468
80,84.807495
79,88.67968
78,76.34255
77,75.99212
76,77.80041
75,80.64187
74,81.13098
73,80.70092
72,81.51406
71,81.62836
70,83.325005
69,88.46581
68,78.54541
67,84.82361
66,81.30995
65,80.94465
64,85.79504
63,84.40354
62,75.61631
61,81.042015
60,79.378876
59,85.64379
58,82.91639
57,75.53461
56,78.6332
55,73.62803
125,123.316376
125,123.08834
125,123.28115
125,122.856834
125,122.96429
125,123.04893
125,123.21853
125,123.16459
125,123.17426
125,123.018425
125,123.16946
125,122.93378
125,123.03549
125,122.65862
125,122.46859
125,122.5369
125,122.64503
125,121.97979
125,121.62723
125,121.65111
125,121.87568
125,121.595055
125,120.94026
125,120.15786
125,120.8934
125,119.73539
125,119.23121
125,119.93929
125,118.77695
125,119.81159
125,120.66007
125,120.873856
125,120.80543
125,121.38969
125,122.111534
125,123.39258
125,123.64393
125,123.73795
125,123.88009
125,123.45237
125,123.70876
125,123.95992
125,124.27872
125,124.19314
125,124.22195
125,123.98829
125,124.41582
125,123.88885
125,123.24574
125,122.998116
125,123.55824
125,122.88362
125,123.18142
125,120.342926
125,119.57833
125,117.38991
125,111.51586
125,113.494835
125,113.09231
125,110.70588
125,110.300804
125,106.05178
125,103.44832
125,99.77828
125,98.87935
125,98.42951
125,100.80279
125,106.82604
125,111.2938
125,116.5548
125,119.53336
125,121.49819
125,122.563896
125,122.751976
125,123.51838
125,124.035286
125,124.34568
125,124.48772
125,124.568214
125,124.50419
125,123.86794
125,123.36295
125,121.79984
125,121.40687
125,119.89492
125,118.422676
125,117.08229
125,114.1814
125,112.731926
125,110.68151
125,110.14971
125,110.211845
125,111.719185
125,113.024376
125,115.01264
125,113.04529
125,113.1269
125,115.68206
125,115.88342
125,118.93812
125,119.30892
125,119.33084
125,119.72011
125,121.30413
125,122.643234
125,123.31767
125,123.11207
125,122.669624
125,121.42552
125,121.84847
125,120.56963
125,119.479454
125,115.18668
125,114.20336
125,112.28457
125,109.21897
125,105.974464
125,106.5712
125,102.30444
125,101.22227
125,97.01745
125,95.833466
125,100.48046
125,107.97805
125,111.63836
125,115.31275
125,115.107216
125,117.74357
125,119.62611
125,116.714066
125,118.3441
125,117.84557
125,116.54803
125,117.828804
125,119.07535
125,115.84851
125,117.51556
125,120.70927
125,121.45823
125,122.26365
125,122.67841
125,123.19685
125,123.39536
125,123.603424
125,123.6981
125,123.94975
125,123.87534
125,123.80386
125,123.49542
125,123.08639
125,122.87157
125,122.77886
125,122.66335
125,122.47073
125,122.22222
125,122.1996
125,121.622795
125,121.66301
125,121.23885
125,121.40058
125,121.42625
125,121.50737
125,122.375175
125,122.539536
125,122.27665
125,122.22944
125,121.59026
125,120.43823
125,120.781944
125,119.07739
125,119.05836
125,119.0234
125,117.500336
125,116.93238
125,115.25635
125,115.46462
125,116.54707
125,119.154884
125,119.88811
125,119.55022
125,120.495605
125,120.646645
125,121.94262
125,120.572784
125,121.353615
125,120.21014
125,118.329155
125,120.33788
125,121.17404
125,122.065575
124,121.324715
123,121.469955
122,122.61614
121,123.14068
120,123.09214
119,122.65244
118,121.98821
117,120.40152
116,120.72282
115,120.44964
114,119.72761
113,117.66738
112,110.49897
111,110.48208
110,110.80207
109,111.811874
108,113.64654
107,114.19045
106,114.34671
105,112.95875
104,111.290955
103,110.474724
102,110.67695
101,111.20543
100,110.979744
99,111.41041
98,113.10164
97,111.47947
96,109.42758
95,107.94144
94,108.77228
93,110.81427
92,114.09417
91,112.31983
90,110.43697
89,108.74846
88,109.13456
87,104.131386
86,102.13185
85,100.83058
84,94.447754
83,91.35584
82,83.97816
125,121.87368
125,120.787025
125,116.78994
125,113.91335
125,102.107445
125,93.010895
125,93.37415
125,94.3482
125,102.630684
125,107.96271
125,116.01863
125,114.132256
125,115.035774
125,116.38997
125,116.20998
125,119.2539
125,121.57604
125,123.18015
125,123.03658
125,123.45876
125,122.9666
125,120.84948
125,119.62433
125,118.797356
125,118.688545
125,119.71517
124,120.228775
123,121.669586
122,121.36242
121,117.620056
120,94.05152
119,73.54629
118,76.0169
117,77.86597
116,76.40728
115,76.02952
114,81.71114
113,75.50321
112,79.493095
111,91.85549
110,108.55105
109,112.97336
108,115.907555
107,117.84881
106,118.76698
105,119.48063
104,118.6757
103,116.0277
102,111.74364
101,104.535324
100,101.37594
99,96.691475
98,93.67562
97,90.33608
96,89.41786
95,93.127495
94,93.53037
93,87.325386
92,84.37928
91,81.074104
90,78.62302
89,79.25351
88,80.11405
87,81.0033
86,84.11514
85,84.00959
84,81.832085
83,84.456825
82,84.54778
81,91.74872
80,93.44599
79,86.16745
78,90.50334
77,85.523
76,78.94941
75,88.60589
74,82.39971
73,81.18269
72,76.50099
71,78.13203
70,75.50597
69,75.689926
68,67.023796
67,60.921444
66,62.72788
65,59.106335
64,56.348473
63,56.39538
62,52.792503
61,51.985493
60,51.951912
59,51.711544
125,124.74646
125,124.76602
125,124.78472
125,124.73034
125,124.74138
125,124.73264
125,124.67009
125,124.56933
125,124.67756
125,124.66392
125,124.67033
125,124.76336
125,124.78027
125,124.86639
125,124.771675
125,124.81325
125,124.76916
125,124.73731
125,124.75336
125,124.71028
125,124.755714
125,124.78855
125,124.78919
125,124.72715
125,124.71035
125,124.68988
125,124.679756
125,124.67811
125,124.66169
125,124.481834
125,124.38118
125,124.36581
125,124.388115
125,124.40052
125,124.55837
125,124.58207
125,124.55361
125,124.44518
125,124.44473
125,124.18156
125,124.266846
125,124.31591
125,124.38409
125,124.25833
125,124.13352
125,124.44008
125,124.24886
125,124.3301
125,124.36686
125,124.41306
125,124.352234
125,124.17124
125,123.87513
125,123.9618
125,124.063484
125,124.11169
125,124.23311
125,124.11438
125,123.99142
125,123.81205
124,123.82434
123,123.317635
122,123.11402
121,122.53213
120,121.50291
119,119.590996
118,117.82114
117,116.77195
125,123.07354
125,123.305115
125,123.283134
125,123.41385
125,123.50003
125,123.437256
125,123.55487
125,123.54601
125,123.287125
125,123.56461
125,123.68304
125,123.243965
125,123.38584
125,123.466705
125,123.03364
125,123.30131
125,122.96084
125,122.525085
125,122.64666
125,122.875206
125,122.38906
125,122.22715
125,122.63073
125,122.19984
125,122.53392
125,122.6789
125,123.20046
125,123.05511
125,122.51707
125,122.705666
125,122.694695
125,122.95172
125,122.86213
125,122.7414
125,122.843834
125,122.90947
125,123.23737
125,123.43119
125,123.316826
125,122.914566
125,122.26229
125,121.29579
125,121.38681
125,121.00975
125,120.97994
125,121.807
125,121.62252
125,119.05865
125,119.86836
125,119.93246
125,121.47306
125,121.95283
125,122.47306
125,122.610405
125,122.83895
125,123.402756
125,122.88445
125,122.19578
125,120.72709
125,118.94987
125,118.51789
125,119.486046
125,119.077934
125,116.5722
124,112.913666
123,106.85566
122,100.497765
121,100.22065
120,104.8376
119,106.983345
118,109.11075
117,112.08828
116,111.478325
115,111.40392
114,112.482475
113,109.186295
112,106.4343
111,99.45259
110,95.682915
109,91.55118
108,88.68252
107,92.14819
106,93.64782
105,92.680176
104,91.88526
103,96.67787
102,94.60796
101,98.60288
100,104.07954
99,105.1094
98,101.79327
97,100.28864
96,96.92127
95,92.352455
94,92.54051
93,87.24729
92,85.38558
91,82.26918
90,82.83021
89,81.8327
88,81.28376
87,80.266945
86,80.26668
85,82.45934
84,84.98579
83,85.24137
82,89.06803
81,95.2446
80,101.3591
79,104.47759
78,105.50068
77,102.213585
76,102.55859
75,102.46931
74,101.476135
73,100.35311
72,101.146126
71,99.387856
70,97.97929
69,96.2074
68,92.870384
67,82.61551
66,76.462105
65,74.26392
64,72.10416
63,71.21992
62,70.88276
61,69.07569
60,67.85116
59,68.18639
58,67.19582
57,65.656334
56,62.516617
55,60.983288
54,59.690937
53,57.86395
52,56.78928
51,53.59738
50,49.53554
49,48.591785
48,46.903736
47,45.406837
46,44.395863
45,41.60534
44,41.798923
43,41.60038
42,39.296238
41,36.45252
40,35.75169
39,34.062477
38,31.203966
37,30.738564
36,30.024485
35,30.273653
34,29.57908
33,29.359764
32,28.005339
31,27.450697
30,27.186369
29,25.656301
28,24.662098
27,23.682367
26,22.565592
25,21.960281
24,21.16239
23,20.683271
22,19.907518
21,18.957232
20,17.923862
