engine_id,cycle,RUL,RandomForest_Prediction,XGBoost_Prediction
1,1,125,120.91246412754951,122.37656
1,2,125,112.65053803341048,116.35103
1,3,125,120.32761211123919,119.64695
1,4,125,120.86007917130928,117.6586
1,5,125,124.07801780011766,123.6292
1,6,125,122.80805341218534,127.61692
1,7,125,121.25867300233074,118.798935
1,8,125,121.41522456359056,123.86542
1,9,125,111.12389027040678,123.4882
1,10,125,124.4521310494397,121.60618
1,11,125,123.96666600787957,124.43327
1,12,125,124.34809379020648,124.14557
1,13,125,119.82822845277633,122.34909
1,14,125,123.49680844153477,125.140465
1,15,125,122.04929948639945,121.63705
1,16,125,116.8275109504817,122.18792
1,17,125,120.89819302780636,124.26375
1,18,125,119.57249073664333,117.82821
1,19,124,122.87761951492895,122.437294
1,20,123,121.61660881128914,122.216965
1,21,122,121.43683225972069,123.60573
1,22,121,122.1309657608124,120.42312
1,23,120,123.99557967702825,124.195465
1,24,119,117.55361627606763,117.336815
1,25,118,121.88730529637132,121.737785
1,26,117,118.09900085076859,114.94482
1,27,116,122.68155786983718,123.8312
1,28,115,112.93055591739021,119.474304
1,29,114,121.93488068929545,120.177704
1,30,113,119.39169604852235,118.78021
1,31,112,119.58832745031508,120.16503
2,1,125,119.61760825923437,120.5017
2,2,125,117.89291191156738,114.59478
2,3,125,112.24266471316785,114.503716
2,4,125,120.36851100272084,123.67762
2,5,125,122.43047676429977,118.767914
2,6,125,117.6146629522547,119.24411
2,7,125,112.95099032225413,114.40983
2,8,125,109.16202849241134,113.58975
2,9,125,116.3892837237709,117.79498
2,10,125,119.68306182570255,121.993004
2,11,125,121.2672596731326,120.86941
2,12,125,103.04719073238326,115.02823
2,13,125,120.67433495169966,115.57027
2,14,125,114.45549030280583,112.1146
2,15,125,119.6998379931486,119.70368
2,16,125,117.27418872435798,116.7116
2,17,125,106.56707205408935,107.33706
2,18,125,114.03332962784434,112.963005
2,19,125,108.77781250506885,114.65415
2,20,125,114.1787567320214,117.73933
2,21,125,115.51581731939889,116.772255
2,22,125,110.97491349380041,113.10292
2,23,124,117.0024719231147,120.37303
2,24,123,110.11226332106659,114.976
2,25,122,113.82528423564501,122.38489
2,26,121,106.64406544245495,111.10549
2,27,120,113.13725984847801,112.491516
2,28,119,121.42997991854116,121.82212
2,29,118,118.09492162293509,119.85703
2,30,117,115.65347339071074,112.91024
2,31,116,119.68559584308535,117.07222
2,32,115,101.27317990119417,96.12611
2,33,114,116.34857137978734,118.00768
2,34,113,116.30146190280459,119.2494
2,35,112,117.6866880676711,121.62376
2,36,111,114.28679633404235,113.705284
2,37,110,112.43946058593308,117.489716
2,38,109,119.83609896441875,123.07343
2,39,108,115.90801064674949,120.77044
2,40,107,121.65076592118896,123.6574
2,41,106,122.4147709282446,119.75391
2,42,105,114.77316482223237,123.0284
2,43,104,110.78153669008243,109.793976
2,44,103,114.07266179520116,112.958435
2,45,102,118.59712010910393,117.66542
2,46,101,116.23482069561256,114.89002
2,47,100,112.42389856373387,115.68547
2,48,99,116.54740662178563,115.62044
2,49,98,121.10062276859071,122.05353
3,1,125,109.27551230787304,112.77221
3,2,125,111.93205810625291,113.207375
3,3,125,112.45629026476699,117.28636
3,4,125,110.71129015548608,110.13261
3,5,125,106.96038091535728,99.08559
3,6,125,118.6933738575941,115.89538
3,7,125,113.79807738184866,116.71574
3,8,125,117.44724754580449,116.356964
3,9,125,106.57113344592034,110.20345
3,10,125,113.22655818169291,104.879364
3,11,125,106.83583572120646,107.77501
3,12,125,111.64414233950625,109.557434
3,13,125,118.31223339141108,117.915886
3,14,125,109.32185107891647,107.81469
3,15,125,97.50884139074596,94.97756
3,16,125,119.16875202426498,123.78105
3,17,125,115.77060796313293,117.98661
3,18,125,106.96318271276722,121.665565
3,19,125,110.09404198702003,115.25959
3,20,125,114.88440029302454,113.43437
3,21,125,114.07103287413003,118.59169
3,22,125,113.39909657093357,110.436806
3,23,125,100.41050853696925,102.43801
3,24,125,116.27831848663824,118.27188
3,25,125,100.4422506210922,98.1883
3,26,125,117.04597483892712,114.29945
3,27,125,110.98774720850956,118.03056
3,28,125,109.48473610757428,109.68693
3,29,125,106.13042202811657,112.30978
3,30,125,88.68891446334042,103.23269
3,31,125,109.62976442363176,105.97033
3,32,125,113.56853507877352,107.48958
3,33,125,73.03365548340543,66.72228
3,34,125,90.23808009553763,86.61728
3,35,125,117.4563321472793,118.31629
3,36,125,103.56338544958227,104.7604
3,37,125,112.92017417395012,114.20975
3,38,125,111.07044663074383,107.15856
3,39,125,106.93292543857069,112.63052
3,40,125,108.38197248215579,101.14397
3,41,125,105.96225354840912,107.12656
3,42,125,109.3006023938226,118.29626
3,43,125,110.33801385176344,117.03612
3,44,125,113.98681824132973,110.4142
3,45,125,107.55822602589704,115.04062
3,46,125,108.90827860117676,115.74175
3,47,125,108.46057583671491,102.514656
3,48,125,111.0710838859553,106.44682
3,49,125,113.33322774848887,110.45833
3,50,125,95.88565123416642,95.94658
3,51,125,108.52218388487606,113.62584
3,52,125,114.37145126735025,119.93302
3,53,125,120.01071983517475,121.05071
3,54,125,108.44596044378258,100.75057
3,55,125,110.37531255723981,99.39699
3,56,125,116.91496392850034,113.98072
3,57,125,108.34578903791163,100.32537
3,58,125,97.45144312169313,98.292656
3,59,125,108.18494797652818,107.0725
3,60,125,114.30298938066471,112.66519
3,61,125,111.21775631038777,109.96269
3,62,125,109.34803245993801,110.58305
3,63,125,103.11996799228619,90.57932
3,64,125,106.18386658544806,111.625786
3,65,125,99.16500939450573,98.99734
3,66,125,112.0165327398315,121.39297
3,67,125,117.24763751172951,115.14661
3,68,125,107.68091524460858,118.06759
3,69,125,107.53218539261943,110.97336
3,70,125,107.21174925224771,109.399864
3,71,124,111.94301814291674,115.665985
3,72,123,98.00033788884295,102.97538
3,73,122,93.62532048332874,94.56247
3,74,121,117.31506064158141,115.23962
3,75,120,106.23592579303316,106.31267
3,76,119,100.21729980658864,103.35517
3,77,118,103.20928856348117,108.298035
3,78,117,118.66886459511213,111.05176
3,79,116,110.22747692562164,116.595375
3,80,115,107.26372120056119,106.504005
3,81,114,106.1567847184043,108.87904
3,82,113,114.15538993845895,125.858734
3,83,112,112.25692910195869,110.12229
3,84,111,100.38897419736624,100.44048
3,85,110,102.19685936218839,104.78513
3,86,109,109.95154455411058,112.798485
3,87,108,86.97110618085617,89.79834
3,88,107,84.76089317501435,105.254585
3,89,106,101.07143836929252,104.22788
3,90,105,111.59414458236289,108.048
3,91,104,113.36713403085079,105.002144
3,92,103,92.14849887449216,99.47264
3,93,102,107.15828498259968,106.08785
3,94,101,105.54357986229866,102.616066
3,95,100,92.61607173766421,93.081314
3,96,99,99.56555163839953,87.21367
3,97,98,116.94719142577216,105.885544
3,98,97,106.21956724024469,103.092575
3,99,96,101.90354638508539,114.40371
3,100,95,99.47767569306741,92.40012
3,101,94,117.52071760817657,120.01357
3,102,93,101.74494237455677,102.14929
3,103,92,105.00517883227145,99.5362
3,104,91,95.57247944545838,86.43841
3,105,90,99.33005113620243,103.4534
3,106,89,92.05751984126985,99.236755
3,107,88,111.33454108936537,116.332344
3,108,87,106.66641640301063,97.89432
3,109,86,100.28549355186294,104.45675
3,110,85,112.91400761839638,107.08737
3,111,84,79.2683940873941,77.39408
3,112,83,75.38585786435785,74.2273
3,113,82,83.57615476190475,72.90399
3,114,81,74.94433465608464,76.937195
3,115,80,84.76416316429875,85.355644
3,116,79,90.71900312145648,80.026985
3,117,78,72.05392063492064,76.16549
3,118,77,78.28731090838986,86.73602
3,119,76,86.96583239962658,91.16309
3,120,75,49.61618121693121,48.457108
3,121,74,94.29131348205577,92.64662
3,122,73,72.64774338624338,78.26834
3,123,72,78.41259487588135,63.163006
3,124,71,72.5258590938047,67.45611
3,125,70,65.11448051948052,58.20398
3,126,69,61.781115079365094,65.70194
4,1,125,117.74307811130129,115.56713
4,2,125,115.7316986169303,109.66429
4,3,125,112.84964055587506,112.796616
4,4,125,120.8760788524454,117.23674
4,5,125,113.88149118640341,112.919975
4,6,125,118.67362982106279,119.163086
4,7,125,112.66654825896956,116.61902
4,8,125,117.70058045222764,121.828
4,9,125,109.96525624987834,119.31405
4,10,125,110.71335540743787,112.01036
4,11,125,111.89200300636308,113.49254
4,12,125,111.35757675111779,118.38775
4,13,125,106.94031558671264,112.72573
4,14,125,111.05279730461744,118.31278
4,15,125,102.23843827908063,105.50026
4,16,125,104.89278639455772,111.48827
4,17,125,112.9317447708323,110.95005
4,18,125,117.34069388954876,114.24686
4,19,125,115.30343279965197,111.258575
4,20,125,119.18976347918648,115.47853
4,21,125,113.5411630362608,112.95516
4,22,125,117.96765518797321,118.06508
4,23,125,112.34158704713988,113.23347
4,24,125,107.38255423323346,114.77335
4,25,125,113.77357184367958,116.98735
4,26,125,104.44571364860072,110.20626
4,27,125,112.74734467878152,110.80569
4,28,125,115.80514363274398,116.23628
4,29,125,114.61760566733322,116.77376
4,30,125,110.81214199150232,106.700294
4,31,125,112.15991462378571,120.496414
4,32,125,96.44742810213772,103.81119
4,33,125,115.02356293916888,115.31117
4,34,125,116.21656592164923,115.349144
4,35,125,116.23116818338585,111.28623
4,36,125,115.73285322611189,119.05521
4,37,125,111.65761110154658,111.96306
4,38,125,112.07631851912211,120.86642
4,39,125,108.02413655664971,118.5555
4,40,125,114.9149021895795,116.139435
4,41,125,104.93596640888238,106.7927
4,42,125,120.47500696588936,119.3445
4,43,125,115.48687366571978,119.873116
4,44,125,114.94465364874151,117.56438
4,45,125,110.87204984455491,112.55632
4,46,125,116.85850852764428,111.44579
4,47,125,106.12716916137094,115.03336
4,48,125,117.09208959427802,116.228584
4,49,125,113.68842943276373,110.51893
4,50,125,104.59673608307054,112.95674
4,51,125,104.4645872544031,109.44062
4,52,125,119.15634612791095,115.67155
4,53,125,119.03840371057852,112.4504
4,54,125,118.59137717205896,121.05057
4,55,125,110.53516850048157,109.28665
4,56,125,116.12657550745462,114.69802
4,57,125,107.76033166882087,116.62502
4,58,125,115.36002494821473,116.596275
4,59,125,117.21682777199358,116.64058
4,60,125,114.72751850662077,117.93977
4,61,125,108.4182736597237,114.17981
4,62,125,108.99822661671995,107.30315
4,63,125,110.7700628225867,107.72234
4,64,124,110.60467736422227,108.68284
4,65,123,95.16652450361757,103.69304
4,66,122,115.86304394833269,113.28857
4,67,121,113.31633782000213,116.37169
4,68,120,107.59140403437347,115.86437
4,69,119,104.86209893277382,106.289345
4,70,118,95.66022711823852,103.202354
4,71,117,113.2227087042129,109.28181
4,72,116,102.58305637894404,100.839836
4,73,115,101.66220279061172,109.018745
4,74,114,93.58073705356266,93.75731
4,75,113,105.59967720201185,108.15203
4,76,112,100.14471579631233,94.49512
4,77,111,113.44399575010078,118.68884
4,78,110,110.29270296730537,117.87931
4,79,109,99.93203218018682,97.68647
4,80,108,112.83666791576434,106.25416
4,81,107,111.9962553012837,114.395454
4,82,106,119.64476194643625,108.19584
4,83,105,111.43308438829253,112.74057
4,84,104,112.68415962853359,105.59374
4,85,103,111.98226595586547,101.641
4,86,102,106.21302889641696,112.94779
4,87,101,99.19671157717724,96.68857
4,88,100,113.28777994955131,121.38752
4,89,99,112.35275088300739,103.33177
4,90,98,111.10825456134218,108.67136
4,91,97,115.76921863500152,108.53408
4,92,96,103.99632936191708,116.93677
4,93,95,110.4921527814827,113.56111
4,94,94,97.10766082338644,92.23322
4,95,93,111.26951075857673,110.353386
4,96,92,105.67837431268997,104.229645
4,97,91,112.21377756462891,112.61542
4,98,90,87.68175065533657,87.4146
4,99,89,93.5429708025196,90.77712
4,100,88,89.93296701979936,95.65173
4,101,87,79.34305545380548,82.24515
4,102,86,100.35888913504935,110.88834
4,103,85,106.31643143657298,109.36708
4,104,84,96.71367873672219,93.43741
4,105,83,86.28667922906807,82.4528
4,106,82,97.8873528491959,89.24105
5,1,125,118.68116913726158,117.881516
5,2,125,114.40285457952275,116.35836
5,3,125,106.3746441275012,111.65524
5,4,125,118.96902816937964,115.07797
5,5,125,113.81708145504635,114.83641
5,6,125,111.97286848141657,113.05094
5,7,125,105.27720051526079,110.09225
5,8,125,106.54575971439465,102.97371
5,9,125,112.56523427709843,110.898094
5,10,125,95.60983782961672,93.26215
5,11,125,107.31160443016532,114.158714
5,12,125,116.40429928408048,114.54799
5,13,125,112.32313279186702,113.54973
5,14,125,108.75317935854774,118.93316
5,15,125,117.59998189338863,115.0002
5,16,125,118.61678442166514,112.50946
5,17,125,120.2636375942882,116.64538
5,18,125,113.93849903788255,110.33067
5,19,125,107.77547274554611,104.424194
5,20,125,113.27593105069663,114.24851
5,21,125,118.93932139872575,122.88477
5,22,125,115.81907865238412,113.51951
5,23,125,115.93227424932905,113.905754
5,24,125,110.68383196352721,113.67877
5,25,125,112.77951552169868,117.28022
5,26,125,115.68533998224395,118.12498
5,27,125,116.21770769865138,118.44087
5,28,125,104.40109692692806,113.57607
5,29,125,106.66476523409506,102.1619
5,30,125,115.01663082336447,120.163574
5,31,125,115.57815948903247,114.65324
5,32,125,116.80357711032738,119.644844
5,33,125,107.71455580376312,106.76411
5,34,125,115.39795057973468,114.97013
5,35,125,114.86782727605478,120.74369
5,36,125,110.39694338554546,117.18284
5,37,125,106.27289078280761,102.551346
5,38,125,108.24334370077054,109.26213
5,39,125,116.59879945739003,118.14349
5,40,125,112.70085288067942,115.32573
5,41,125,111.36889939335354,107.65074
5,42,125,107.25200353184603,101.687355
5,43,125,116.25423785524195,114.63399
5,44,125,106.46753451336922,100.35006
5,45,125,104.83144856407948,120.176506
5,46,125,112.44347959970503,110.95913
5,47,125,107.83541852807986,103.44275
5,48,125,110.18591271145591,116.127205
5,49,125,110.37637783183064,108.51581
5,50,125,119.01446092326604,115.02745
5,51,125,117.485539506965,108.14786
5,52,125,118.03223995551535,117.64627
5,53,125,108.94391677705433,108.59702
5,54,125,119.58960535350779,118.25546
5,55,125,103.52626665743735,93.1815
5,56,125,116.94394083770199,111.34801
5,57,125,117.16771815308799,111.57588
5,58,125,113.56239110554903,114.78914
5,59,125,102.56107588802689,113.018456
5,60,125,110.77069709277686,116.33235
5,61,125,112.20791929391407,106.70288
5,62,125,105.58442143506396,109.88632
5,63,125,114.4691147620455,120.52851
5,64,125,107.64545053984558,111.22936
5,65,124,116.86827198085844,115.45713
5,66,123,109.57153348875813,109.0461
5,67,122,113.51871539590447,111.080414
5,68,121,101.0383757110407,93.71105
5,69,120,117.49781456035089,112.57468
5,70,119,111.23966269841272,113.43634
5,71,118,100.92502379084951,98.03613
5,72,117,115.95492570439824,118.110016
5,73,116,99.83611415177975,107.10889
5,74,115,79.44881031746034,79.3849
5,75,114,116.41495610080422,116.32745
5,76,113,109.78282977769054,109.51944
5,77,112,113.88918375600677,105.08314
5,78,111,115.82017055619775,121.36525
5,79,110,108.85785966537148,118.49819
5,80,109,98.89343155756642,107.446625
5,81,108,108.72026844688946,111.87923
5,82,107,110.20269512336954,106.76863
5,83,106,111.10351692470849,113.549965
5,84,105,105.56336606317555,108.878
5,85,104,100.41425733497773,97.67968
5,86,103,111.39764028196223,112.68181
5,87,102,82.90011053708696,85.420815
5,88,101,110.44438647458041,108.3356
5,89,100,104.4259288986796,108.00979
5,90,99,106.9412732854762,114.78098
5,91,98,112.73344099343595,109.64496
5,92,97,113.77280390529776,110.65317
5,93,96,104.88404692288553,90.87939
5,94,95,103.96913570446804,99.65098
5,95,94,105.6009291646306,93.71114
5,96,93,107.36386039075511,112.0043
5,97,92,105.301180607765,112.977745
5,98,91,101.8421545699277,109.81056
6,1,125,119.02145606445539,122.283745
6,2,125,105.55986216743972,100.817184
6,3,125,113.67528394548836,117.22767
6,4,125,113.41611792879424,107.02374
6,5,125,113.08469674589384,109.84012
6,6,125,113.59101473384506,113.9884
6,7,125,112.69657834908575,111.40957
6,8,125,116.11222682351145,117.77623
6,9,125,111.78492499981861,111.948524
6,10,125,112.92076667326876,108.94968
6,11,125,109.96942225164074,117.17942
6,12,125,116.19785642261587,109.984856
6,13,125,110.28816460135454,111.2067
6,14,125,111.29145721610837,105.77566
6,15,125,112.28920923411594,112.872765
6,16,125,114.92261884305948,118.326706
6,17,125,115.69600058588586,111.206245
6,18,125,110.7236858734754,111.21592
6,19,125,116.413278064115,117.52405
6,20,125,111.84743733588117,114.20408
6,21,125,118.16849266283577,107.84393
6,22,125,112.86043210631765,115.130554
6,23,125,110.86037967329342,114.20018
6,24,125,115.47114225327124,115.56652
6,25,125,102.50813096004201,105.05564
6,26,125,115.82641693155718,118.197945
6,27,125,104.50141475494469,116.657616
6,28,125,115.24512458905335,123.96639
6,29,125,116.16971059475141,113.75823
6,30,125,107.14351544691246,109.977585
6,31,125,111.01803923556382,107.64473
6,32,125,120.27795497825623,119.04377
6,33,125,111.21052710424236,107.19543
6,34,125,117.15741971722166,112.5794
6,35,125,116.18926677208098,117.33926
6,36,125,118.68051845174801,116.50154
6,37,125,113.73489295513738,118.79426
6,38,125,106.06751287818437,107.32446
6,39,125,114.57496922775766,115.637634
6,40,125,114.62219131166043,115.071846
6,41,125,108.4473689794154,117.64032
6,42,125,105.36017234789212,103.50021
6,43,125,114.50638235829395,112.826645
6,44,125,101.2930352140025,102.79133
6,45,125,106.26555781962888,107.53575
6,46,125,115.42876052635411,117.79387
6,47,125,114.81525583147567,116.85662
6,48,125,118.4117897870366,112.41512
6,49,125,117.31273016574048,115.66292
6,50,125,116.54153260323008,109.93471
6,51,125,110.86888690219979,98.73147
6,52,125,103.05989580328469,99.81819
6,53,125,111.96264114861185,105.79636
6,54,125,115.24577185320331,113.52733
6,55,125,105.37161966821785,116.245415
6,56,125,115.31292347430623,117.121864
6,57,125,107.93587302906509,115.37911
6,58,125,110.36130623636042,112.22239
6,59,125,110.15139983721264,110.16474
6,60,125,100.38509039483074,95.07571
6,61,125,107.9683261094224,107.74258
6,62,125,106.3757080501131,103.484184
6,63,125,115.11824348376992,110.50216
6,64,125,119.08180694574709,116.324165
6,65,125,108.96684748499467,107.9781
6,66,125,110.68625861840313,110.57901
6,67,125,116.38694048005341,117.63679
6,68,125,105.5876349257786,107.23927
6,69,125,109.04728149956563,114.13778
6,70,125,111.02214886701266,109.789345
6,71,125,109.58672403592854,111.09788
6,72,125,110.31822471374527,110.91194
6,73,125,112.83627537144717,113.23505
6,74,124,98.51384542466018,103.325714
6,75,123,113.81949199548495,111.31991
6,76,122,105.83638900465711,107.624695
6,77,121,107.84531776111933,114.500786
6,78,120,107.2213663670249,112.14375
6,79,119,113.07014626052359,112.24909
6,80,118,90.98733638442717,98.141335
6,81,117,107.42980578218163,112.73362
6,82,116,104.41693439406889,100.61469
6,83,115,108.2757202673047,111.553314
6,84,114,116.20380254311348,119.304794
6,85,113,105.1439825985658,107.99427
6,86,112,106.94836126327276,110.33245
6,87,111,110.81095775013966,113.37505
6,88,110,103.1211510939762,104.78604
6,89,109,113.30916851067886,106.91054
6,90,108,115.21857649899282,118.91058
6,91,107,111.25140050575362,117.847984
6,92,106,110.57086347501766,115.5786
6,93,105,115.15619034469142,121.3071
6,94,104,108.94345836151972,108.08242
6,95,103,95.59389126876434,82.563934
6,96,102,103.83508120271738,105.837776
6,97,101,113.41741423755624,114.179146
6,98,100,110.82833941765334,105.18899
6,99,99,117.30081040730833,111.26997
6,100,98,105.48346081491583,110.35456
6,101,97,106.93134154095067,97.79016
6,102,96,112.04177983379986,106.439964
6,103,95,114.48078447654747,114.45692
6,104,94,110.52780145448406,119.458694
6,105,93,99.59769426046103,98.70872
7,1,125,122.50432314414691,122.70819
7,2,125,124.42400334186442,124.80876
7,3,125,123.72820164947363,124.64575
7,4,125,120.12557864532614,124.197655
7,5,125,121.10098298587974,120.45978
7,6,125,124.24549863491333,124.949554
7,7,125,123.38451151434194,124.60461
7,8,125,123.56133276563989,123.54799
7,9,125,116.55092835012093,114.99323
7,10,125,124.29999366448845,124.30342
7,11,125,121.84945803846351,121.93111
7,12,125,123.86101705498399,124.44823
7,13,125,123.96388039409939,124.70542
7,14,125,118.36434094976667,121.95753
7,15,125,124.52100004780735,125.91673
7,16,125,119.68296940552199,122.33192
7,17,125,124.28572595243745,122.72721
7,18,125,123.98014435937837,124.063576
7,19,125,123.85669088657741,124.70689
7,20,125,123.48639708548738,124.31048
7,21,125,123.63498195716969,125.04475
7,22,125,124.23433301433798,124.4789
7,23,125,121.2766489072997,118.778625
7,24,125,120.83480637141608,120.552124
7,25,125,121.6130759349728,122.67608
7,26,125,124.16840805523246,125.09184
7,27,125,121.35947760630157,125.24155
7,28,125,119.91343940815092,118.61135
7,29,125,122.71991436888469,122.3469
7,30,125,123.23924369007936,125.22171
7,31,125,120.85240134872213,125.2557
7,32,125,123.81222337209607,126.06661
7,33,125,123.1717552460708,125.39676
7,34,125,122.22478068450995,124.40105
7,35,125,123.20020776218381,124.18441
7,36,125,114.3445873518047,116.129196
7,37,125,120.29574177201238,119.08536
7,38,125,123.36181424398369,121.18603
7,39,125,123.80200574700956,123.26925
7,40,125,122.8471953988147,120.10197
7,41,125,123.79273551896785,123.10798
7,42,125,124.28658076834819,122.22079
7,43,125,121.83682010377083,123.34766
7,44,125,117.25063189784353,117.38492
7,45,125,123.93946827652583,121.16307
7,46,125,124.25801716149682,124.47018
7,47,125,120.94538777364825,120.497475
7,48,125,122.18392551555124,120.57632
7,49,125,121.03153452834799,122.275246
7,50,125,119.41474173050071,121.97427
7,51,125,123.61436786687909,125.283806
7,52,125,124.42087083006297,124.60935
7,53,125,122.58316174578499,121.13477
7,54,125,124.6921046512447,126.82725
7,55,125,123.63501138719471,121.50714
7,56,125,115.716140754529,114.67701
7,57,125,123.55620474563106,125.74701
7,58,125,121.47606634905998,122.3876
7,59,125,124.9464788469649,124.52256
7,60,125,122.58586002671686,121.20201
7,61,125,124.60273093146064,125.72912
7,62,125,124.14181366817688,122.95552
7,63,125,124.3394968185737,124.3206
7,64,125,120.49755928954917,123.05855
7,65,125,119.56782390596864,119.931656
7,66,125,117.73839363268448,120.57318
7,67,125,120.26007558111046,120.87313
7,68,125,121.75539525999666,124.13539
7,69,125,115.32528536445032,122.061485
7,70,125,124.85959451774542,124.82901
7,71,125,121.73788695411099,121.927124
7,72,125,124.61316280534828,125.87266
7,73,125,120.2279093544127,117.62086
7,74,125,119.4417604218032,121.58347
7,75,125,121.89070017812652,121.50497
7,76,125,118.05012486598227,121.61461
7,77,125,115.65648273918764,116.786255
7,78,125,122.2594714662896,122.73653
7,79,125,118.65020501440529,121.000946
7,80,125,122.87242595676202,121.79938
7,81,125,117.14055201298771,119.51405
7,82,125,120.57679818304598,122.04071
7,83,125,121.87539736889705,119.052124
7,84,125,123.3189643574531,122.212326
7,85,125,120.8908619550359,119.70481
7,86,125,121.02824804514664,121.95908
7,87,125,110.97286884138566,113.588776
7,88,125,121.57403230361182,117.349915
7,89,125,116.56606389496561,117.29873
7,90,125,122.49361798019386,118.52735
7,91,125,123.17248405797947,117.13916
7,92,125,122.63080155349695,122.565765
7,93,125,118.61976175338435,120.241104
7,94,125,115.49631934653291,124.77926
7,95,125,124.54705843408551,123.9404
7,96,125,123.04629520116117,121.79902
7,97,125,121.30377019018296,119.97333
7,98,125,120.37595640608141,119.30764
7,99,125,123.5632033560306,118.18604
7,100,125,115.1761801693266,111.91828
7,101,125,113.9867753413434,116.78856
7,102,125,121.30376555358593,123.65936
7,103,125,117.8277689883045,117.89825
7,104,125,122.65367615394983,122.95457
7,105,125,124.6058728631572,123.624245
7,106,125,124.11783231470926,124.0
7,107,125,117.65898642058133,118.71773
7,108,125,115.07300748548927,116.008385
7,109,125,122.52865020764358,123.03886
7,110,125,118.31875252641977,116.28637
7,111,125,115.9879118041712,120.10145
7,112,125,120.48075719503655,118.83729
7,113,125,119.66676987043567,119.187645
7,114,125,118.93089849395218,121.58011
7,115,125,112.36156365280074,109.05729
7,116,125,120.86917305958264,123.46371
7,117,125,117.52626850176658,119.28957
7,118,125,116.22672487468817,113.81034
7,119,125,108.42882170744765,111.808235
7,120,125,117.69137252389487,114.085754
7,121,125,121.35616034588139,120.247826
7,122,125,117.88591579387723,120.09777
7,123,125,120.55841849163521,118.66239
7,124,125,114.74472061192445,116.93382
7,125,125,112.29849056763322,117.72792
7,126,125,113.76552793082885,114.3515
7,127,124,110.97368373620198,117.06969
7,128,123,115.61901689190005,116.64761
7,129,122,116.33660867648727,115.6874
7,130,121,112.91722995750995,113.55031
7,131,120,117.17434210554643,114.27225
7,132,119,110.55194743839776,111.541916
7,133,118,111.12390464149613,108.44047
7,134,117,115.14899061459275,117.32144
7,135,116,122.08018810030076,119.96294
7,136,115,108.78853474944333,110.24021
7,137,114,110.56705699360981,110.158585
7,138,113,108.35093157584903,105.75391
7,139,112,119.83277192154016,119.309395
7,140,111,118.83640156794813,116.59011
7,141,110,94.64881181897397,90.71907
7,142,109,111.01962494332317,106.502945
7,143,108,115.89307747100405,115.77629
7,144,107,104.4264523476986,103.86672
7,145,106,97.9492348536019,95.18855
7,146,105,115.03712702352702,114.74137
7,147,104,103.71912785533159,100.4511
7,148,103,110.66625505921465,110.551056
7,149,102,117.26794000332035,116.82655
7,150,101,107.52702990739557,106.7117
7,151,100,119.5191749194372,117.39436
7,152,99,112.52536002518433,113.08359
7,153,98,104.27671369247645,109.55682
7,154,97,99.76858928571426,105.43565
7,155,96,107.84493009168887,107.97559
7,156,95,111.79236406399596,112.68734
7,157,94,114.48507653415567,109.62287
7,158,93,101.8790578475643,102.74165
7,159,92,98.49260389610393,98.25353
7,160,91,104.25671645021646,97.839676
8,1,125,119.28108579884552,120.45944
8,2,125,117.37748009842437,118.37013
8,3,125,116.08783668513696,113.94302
8,4,125,118.92666869387882,119.2187
8,5,125,117.39075168850992,116.80144
8,6,125,116.60974698455449,119.78677
8,7,125,121.4871806631125,119.65939
8,8,125,120.22296889374134,117.28215
8,9,125,118.74552143563679,121.020676
8,10,125,122.75109123928334,121.43937
8,11,125,119.44191020145821,117.985306
8,12,125,111.2756990736063,118.36977
8,13,125,119.56164957532393,124.84254
8,14,125,113.41646486183357,119.895355
8,15,125,117.79291934428004,118.56694
8,16,125,117.47074389459748,119.37914
8,17,125,118.50814552723241,112.25435
8,18,125,116.6809721447249,117.276054
8,19,125,119.57892434877448,117.2829
8,20,125,117.2742528192206,118.86047
8,21,125,121.147834268597,122.61634
8,22,125,114.66560378533967,112.62195
8,23,125,114.20369305297693,115.23425
8,24,125,121.96520934697774,123.26715
8,25,125,120.05999318781144,118.82355
8,26,125,117.92432972727246,117.82383
8,27,125,116.08917721670274,108.30423
8,28,125,113.45449813222028,118.56011
8,29,125,118.5661919468007,120.38026
8,30,125,118.91215743254484,115.346245
8,31,125,112.43007348171214,114.34423
8,32,125,118.4450614006295,124.22657
8,33,125,123.16093974677395,124.657074
8,34,125,122.51292877966436,119.089584
8,35,125,115.75276258611457,115.91691
8,36,125,108.20643063117816,117.585526
8,37,125,121.86253473560546,121.31372
8,38,125,108.98232800643262,115.165016
8,39,125,120.21841799642085,119.64234
8,40,125,117.47467313838422,114.483215
8,41,125,117.81686621784927,116.943275
8,42,125,120.1435917926683,119.196815
8,43,125,121.30457281496919,122.45399
8,44,125,114.0528821500025,112.64909
8,45,125,116.50351513389059,114.843796
8,46,125,117.0139734852313,121.52945
8,47,125,117.41159398192436,116.884285
8,48,125,111.39868106135191,119.03228
8,49,125,120.64774075399245,120.606476
8,50,125,104.27341197134035,106.10385
8,51,125,122.0161089357198,121.43626
8,52,125,120.34577162889016,119.84024
8,53,125,118.40576800246646,124.50106
8,54,125,114.80324111684583,111.426384
8,55,125,120.61516434893024,114.22852
8,56,125,115.95473413784717,114.478935
8,57,125,114.40630741004563,117.332726
8,58,125,119.86728433776103,122.64104
8,59,125,112.96054845387512,116.88598
8,60,125,113.89866820055875,105.585884
8,61,125,119.86022046783206,117.221146
8,62,125,113.60686818558834,116.925835
8,63,125,117.8465650220767,121.59673
8,64,125,116.24509815761897,118.006096
8,65,125,120.75278689334908,124.70444
8,66,125,120.01591753673878,124.98518
8,67,125,114.80404144972859,116.24338
8,68,125,119.4661263585824,116.892586
8,69,125,117.11109283034153,121.34878
8,70,125,113.57358960097105,115.97632
8,71,125,108.44174308812856,115.57534
8,72,125,113.9643682266716,118.85421
8,73,125,115.78673101432784,115.01585
8,74,125,118.29162895923942,114.75751
8,75,125,116.23277514077607,118.342674
8,76,125,114.01179758056163,112.36336
8,77,125,117.42137239555515,116.924866
8,78,125,117.82550757737651,122.35863
8,79,125,115.9557087091042,109.78449
8,80,125,116.57530381699333,117.8134
8,81,125,114.09411008550633,111.48591
8,82,125,117.8338872741196,113.17273
8,83,125,120.87637957672563,118.85158
8,84,125,109.68589289110369,118.38092
8,85,125,119.488843856617,123.54348
8,86,125,115.29755656210696,110.32592
8,87,125,116.862168022003,119.495346
8,88,125,114.3250615424038,118.62974
8,89,125,118.22409652539095,118.89103
8,90,125,101.27361349475441,121.99845
8,91,125,115.25642492468545,117.48101
8,92,125,116.52309884718272,121.32801
8,93,125,118.94086365119057,110.93189
8,94,125,103.63905814045965,103.89556
8,95,125,116.16291236085725,111.29432
8,96,125,118.65255110327038,120.83492
8,97,125,120.01168891554448,119.402794
8,98,125,117.92148568256084,112.29601
8,99,125,115.4563357642016,118.95251
8,100,125,119.1424758869051,108.25901
8,101,125,115.36867730395589,116.591965
8,102,125,114.8828594058643,117.97714
8,103,125,111.96429877252068,105.71643
8,104,125,110.61507801461863,112.14575
8,105,125,116.09172413171164,117.998726
8,106,125,104.91048463158607,107.584564
8,107,125,114.34342334095507,121.26676
8,108,125,115.43243360393886,118.69452
8,109,125,111.84107538938656,109.71647
8,110,125,118.5225915682593,116.869354
8,111,125,103.29923563159808,103.04541
8,112,125,109.73198891462782,106.84544
8,113,125,113.07493796524555,116.05877
8,114,125,107.64922237742603,118.74352
8,115,125,109.73010374548959,110.654144
8,116,125,107.62005009216868,112.585
8,117,125,105.45243814363134,108.318085
8,118,125,117.96617868026637,119.425835
8,119,125,120.56432420656003,108.51248
8,120,125,117.33271216399105,117.98588
8,121,125,120.19206206012554,120.44497
8,122,125,113.97671461435935,115.26278
8,123,125,118.63286499911206,116.22253
8,124,125,111.40135338158024,110.03709
8,125,125,119.73892048370256,117.619995
8,126,125,104.03244320349839,104.37935
8,127,125,117.75503596796021,115.90738
8,128,125,115.75438225098772,114.21233
8,129,125,109.81206659284754,114.08771
8,130,125,109.28363821491295,118.19354
8,131,125,108.38447242111137,106.1774
8,132,125,114.40374176375536,115.670685
8,133,125,116.86902206257264,119.2638
8,134,125,113.0281282872744,111.84977
8,135,125,113.122715068562,112.28737
8,136,125,114.21769558365033,111.6095
8,137,124,117.42375781187494,121.69869
8,138,123,109.83300862276704,110.61887
8,139,122,120.49877497374808,120.086
8,140,121,108.76691277796829,108.86377
8,141,120,106.90010117802177,111.227745
8,142,119,97.14890462752035,95.57997
8,143,118,108.3441384699838,104.14432
8,144,117,108.10070035274464,104.84405
8,145,116,93.69308730158728,95.369125
8,146,115,104.71800444197316,104.935135
8,147,114,113.0275371539391,116.68792
8,148,113,116.44483528008311,111.48216
8,149,112,111.12770596219329,104.2818
8,150,111,111.18270239550121,108.71035
8,151,110,105.27650948129025,109.55498
8,152,109,111.50990830834365,119.20682
8,153,108,102.46953370008534,113.92032
8,154,107,109.20272139779628,109.91228
8,155,106,117.92571857740404,119.78421
8,156,105,109.56991390827376,118.52361
8,157,104,87.78882988667552,76.91413
8,158,103,99.06900140218534,102.73052
8,159,102,110.77055759061062,111.23689
8,160,101,95.20037204411541,94.27803
8,161,100,109.15759441127116,107.593544
8,162,99,112.35050213536577,114.7432
8,163,98,104.3030143773553,109.29727
8,164,97,118.74257705781007,119.82678
8,165,96,101.25541126651987,91.47515
8,166,95,102.36998488785416,94.05445
9,1,125,108.94669240096837,103.17849
9,2,125,109.29608340107116,114.83726
9,3,125,115.63119015988093,117.77905
9,4,125,120.68641073237622,119.263954
9,5,125,102.30604220355175,111.1554
9,6,125,116.2456485933608,119.76671
9,7,125,112.50602397519607,120.70637
9,8,125,112.60386814337313,114.98758
9,9,125,120.02169568612585,112.18002
9,10,125,117.95345603153795,116.48445
9,11,125,109.15347031128915,113.602066
9,12,125,111.22047776789495,113.832344
9,13,125,116.87663663391574,121.40598
9,14,125,105.86697019925208,105.03958
9,15,125,106.48204683475316,114.06368
9,16,125,117.78383279824276,112.774
9,17,125,113.0735412399693,114.23986
9,18,125,114.95699813644116,108.53472
9,19,125,119.59023284110847,117.867226
9,20,125,118.23627512087252,124.819145
9,21,125,110.89306594343638,115.161575
9,22,125,112.21360190697051,117.55947
9,23,125,105.96446416499707,107.56532
9,24,125,111.65542862186226,117.07672
9,25,125,122.08070640762251,120.52784
9,26,125,101.64032328126446,110.76809
9,27,125,119.88600266676279,119.8427
9,28,125,111.17568984210239,113.00125
9,29,125,108.17628369898203,109.75087
9,30,125,102.0488525430145,107.25146
9,31,125,114.77949863244595,107.079094
9,32,125,113.16418332478847,112.863335
9,33,125,109.14780706258522,117.56916
9,34,125,103.97400759086133,90.753365
9,35,125,93.28509828488352,86.75698
9,36,125,111.00138124799552,111.86759
9,37,125,121.0958192669412,121.74602
9,38,125,107.73615502059441,102.51427
9,39,125,117.52706008626538,121.90727
9,40,125,118.13529200508465,110.36136
9,41,125,115.13550191713985,112.02265
9,42,124,104.93596405568549,110.120476
9,43,123,95.29348683229247,99.7116
9,44,122,114.4856425152227,118.66448
9,45,121,111.10507270621434,99.92916
9,46,120,110.48069940415155,116.525185
9,47,119,112.85260697276591,121.78077
9,48,118,112.09608029872604,115.50957
9,49,117,116.2981586784922,110.978424
9,50,116,110.65470048488024,113.10306
9,51,115,116.52803474573108,104.73986
9,52,114,116.23479132378561,115.31314
9,53,113,100.48743164194643,102.23263
9,54,112,111.57095493536661,106.38674
9,55,111,100.94717483667506,102.29652
10,1,125,117.23277843666905,114.74391
10,2,125,120.29041807849258,125.51508
10,3,125,124.2326376142647,124.67602
10,4,125,112.09352642166043,120.36308
10,5,125,118.4409016591901,120.859375
10,6,125,117.89268879129452,116.442894
10,7,125,116.62484443182665,120.202965
10,8,125,122.17164620268866,122.54474
10,9,125,122.95382367678263,121.246635
10,10,125,124.36109437700928,124.08613
10,11,125,122.88318619362363,122.94876
10,12,125,120.71363869403824,121.75055
10,13,125,120.52317040663314,123.19601
10,14,125,121.62868014361578,122.163315
10,15,125,124.01078179372341,125.11739
10,16,125,120.16679974214443,119.7661
10,17,125,124.49930605778361,125.22937
10,18,125,124.03227031193053,124.97243
10,19,125,122.28300983982746,123.66824
10,20,125,116.40743509983568,123.62451
10,21,125,120.5336907176477,120.83075
10,22,125,122.766852099608,123.54761
10,23,125,122.39230253098006,121.359344
10,24,125,121.48680419056664,122.128174
10,25,125,123.16115009810765,123.20459
10,26,125,115.13005518448163,114.957695
10,27,125,123.78194488172332,122.90288
10,28,125,114.83760760539255,117.71632
10,29,125,121.93733011940434,121.69019
10,30,125,118.79137981088417,117.146576
10,31,125,123.52693157787328,124.204834
10,32,125,119.02127478134753,117.469315
10,33,125,120.86608446181232,119.47801
10,34,125,120.75663629670872,124.53816
10,35,125,115.62536136697878,114.65463
10,36,125,120.66543781488377,121.84613
10,37,125,119.23444845248353,115.078705
10,38,125,122.46503366684888,124.35358
10,39,125,117.66508844930581,116.70973
10,40,125,121.55151773589166,120.41291
10,41,125,116.32423779272656,117.27103
10,42,125,123.86543384023537,127.10861
10,43,125,123.70312651111499,123.369415
10,44,125,119.23643292098204,119.49364
10,45,125,124.83902204743531,126.069695
10,46,125,119.95303434477886,123.708374
10,47,125,116.86371786745906,118.60002
10,48,125,121.50578009265938,119.72078
10,49,125,124.76855215855056,124.76006
10,50,125,114.88352359683634,116.53431
10,51,125,120.5413995498854,118.43005
10,52,125,121.23716481056624,122.53025
10,53,125,117.31761798432558,119.09472
10,54,125,124.13735539257165,123.66736
10,55,125,121.32538040122509,123.64799
10,56,125,120.20759153694196,122.33043
10,57,125,116.44150681417705,116.917496
10,58,125,114.56028892709195,113.80575
10,59,125,122.35337780275792,122.63399
10,60,125,120.88654318004352,116.35467
10,61,125,124.25531429760238,125.13372
10,62,125,117.96598103375604,119.70852
10,63,125,122.49313111773554,124.40666
10,64,125,121.07324969642104,119.8707
10,65,125,119.24644442149265,118.34667
10,66,125,117.4031216026248,116.27798
10,67,125,121.03593174157724,121.17921
10,68,125,113.6255778942223,109.983795
10,69,125,123.27270585542088,121.88103
10,70,125,123.58050001606729,121.30478
10,71,125,122.10820781967665,120.504166
10,72,125,123.20701346653681,122.56248
10,73,125,122.06879705785887,122.33927
10,74,125,120.0085230444789,121.76773
10,75,125,116.37665111475813,122.767136
10,76,125,123.48537930224246,121.35543
10,77,125,120.71710322017312,117.92501
10,78,125,121.92571865256856,123.98874
10,79,125,119.1625634291347,119.48191
10,80,125,117.10943559996318,119.2495
10,81,125,123.44752619353216,123.70793
10,82,125,121.02998329573197,120.01254
10,83,125,117.5454983159736,114.700356
10,84,125,113.07958115965123,118.18163
10,85,125,119.28731874782332,119.427826
10,86,125,122.56205329302168,118.60801
10,87,125,116.57644433061638,120.2221
10,88,125,120.88326568798688,122.91742
10,89,125,117.07569451527463,122.72029
10,90,125,120.91500714609789,119.86612
10,91,125,118.9692310658749,115.4811
10,92,125,122.59297668819296,123.01178
10,93,125,120.0421634532632,120.58638
10,94,125,120.94879949004707,123.47797
10,95,125,122.82319244119344,125.449455
10,96,125,113.52189895087315,121.65039
10,97,125,120.18416207892012,120.0261
10,98,125,116.18566205479607,116.59083
10,99,125,120.60352362225929,118.46777
10,100,125,120.46724212046986,120.000534
10,101,125,122.74060235970083,121.54887
10,102,125,117.7601200105537,116.894936
10,103,125,122.64224182412167,121.99558
10,104,125,110.98907124581449,109.65729
10,105,125,115.23406626590224,111.673195
10,106,125,116.20577033537013,115.883095
10,107,125,116.78191809272221,119.742386
10,108,125,120.96849461930321,117.45861
10,109,125,119.28650882676091,119.58555
10,110,125,121.14463499271949,119.276375
10,111,125,115.28356786274423,117.124504
10,112,125,116.12574017816031,123.4513
10,113,125,124.10201237448945,124.92163
10,114,125,118.92999422357866,117.95475
10,115,125,118.30583791066076,119.373535
10,116,125,105.30506003216546,111.67613
10,117,125,121.93656643420361,121.19126
10,118,125,114.4334727697177,116.22598
10,119,125,119.16205196637988,123.60006
10,120,125,105.66289322395623,107.8326
10,121,125,119.16074129629388,116.84664
10,122,125,119.14512157531149,123.910225
10,123,125,118.56022257186055,114.08946
10,124,125,120.3538673510262,115.619835
10,125,125,114.54121027377303,115.9226
10,126,125,110.09939110795189,109.73785
10,127,125,113.50498067102521,113.8423
10,128,125,117.26808421860338,116.74236
10,129,125,115.02688578666813,118.10777
10,130,125,113.81678658122335,118.80851
10,131,125,100.39159529451187,102.002075
10,132,125,106.49372667800753,112.27253
10,133,125,113.46200803750396,112.452156
10,134,125,113.69114351721524,112.91896
10,135,125,116.19922749147108,113.953835
10,136,125,110.13055448212765,106.338554
10,137,125,115.38042805242716,113.25172
10,138,125,118.56796184557048,115.8721
10,139,125,110.16189488682154,109.73938
10,140,125,114.19982100982654,116.12697
10,141,125,113.03205396398181,116.00899
10,142,125,111.05530095548829,109.502304
10,143,125,121.09899776562386,123.697685
10,144,125,112.9817820475454,113.94658
10,145,125,116.33442905297821,116.3778
10,146,125,113.77444027797554,117.07498
10,147,125,119.24871042524332,115.83446
10,148,125,107.7719884042556,105.36696
10,149,125,108.1641688629802,112.70682
10,150,125,102.85869110977724,112.53772
10,151,125,119.55412045104215,116.12478
10,152,125,107.03896571422636,107.29308
10,153,125,116.9240714401949,112.133125
10,154,125,108.2371031746032,102.22689
10,155,125,111.52039507756648,111.38754
10,156,125,114.02326889676793,115.689735
10,157,125,107.85166227471899,107.3403
10,158,125,108.24736036214418,110.73525
10,159,125,114.37833492515136,113.87737
10,160,125,107.08509817208744,112.760666
10,161,125,109.38918627537748,103.05903
10,162,125,100.45738872664707,98.40571
10,163,125,111.06898836467248,110.99404
10,164,124,105.88980659822376,101.1014
10,165,123,108.83674630150726,107.781845
10,166,122,111.46049438911733,110.707985
10,167,121,102.42053644732745,101.63912
10,168,120,109.70504863895422,108.51635
10,169,119,107.765734926164,103.55636
10,170,118,103.95262246160269,101.71962
10,171,117,99.15039052749971,103.50165
10,172,116,107.80288569870577,112.94741
10,173,115,99.27809199134195,98.21126
10,174,114,101.00804669409114,103.38061
10,175,113,103.86397972331092,100.69504
10,176,112,101.11316375495984,101.40704
10,177,111,108.51516800947878,108.68918
10,178,110,115.46982428644391,123.4638
10,179,109,109.00962379148545,113.07859
10,180,108,99.44407162209332,102.35464
10,181,107,107.47105290509859,102.912285
10,182,106,103.56498854933237,100.72923
10,183,105,84.01789285714287,83.58026
10,184,104,92.14103748691394,101.19443
10,185,103,99.82649360746147,97.81913
10,186,102,105.13267996202316,106.3916
10,187,101,97.49383101172289,88.83041
10,188,100,105.788485030259,106.77711
10,189,99,96.40088461051619,95.3156
10,190,98,103.85088358312042,99.22221
10,191,97,109.44280948757441,106.5007
10,192,96,105.14827460317585,109.218704
11,1,125,101.41231391585052,100.43705
11,2,125,100.96916072939491,107.43695
11,3,125,119.44854325288766,120.718346
11,4,125,109.75552291091672,115.432014
11,5,125,111.54272906847812,120.75941
11,6,125,111.84675814050631,116.67825
11,7,125,118.0725976938613,120.16756
11,8,125,107.29646792560746,98.072624
11,9,125,111.91880074230835,116.511215
11,10,125,105.80145472535642,113.30183
11,11,125,115.78952625294342,118.23105
11,12,125,111.10852225732793,108.74822
11,13,125,116.54828937552176,118.93924
11,14,125,114.81901066854526,114.914795
11,15,125,117.64919026522618,123.85293
11,16,125,116.24281077860604,118.84232
11,17,125,111.47708740857934,114.14083
11,18,125,103.276248471932,105.57755
11,19,125,110.61556370919524,115.10849
11,20,125,111.43080014521914,125.11192
11,21,125,110.72615303515578,112.3288
11,22,125,104.21996499034674,105.692116
11,23,125,109.47998253014919,108.09063
11,24,125,114.78645932166941,114.090004
11,25,125,112.23111098688986,118.07449
11,26,125,103.91501625722647,110.352905
11,27,125,100.87653587230089,86.91009
11,28,125,109.79018998786832,113.7575
11,29,125,108.90123348604948,116.58542
11,30,125,110.74177683781022,108.92194
11,31,125,114.52231811438911,106.61273
11,32,125,97.09528380536617,108.68893
11,33,125,112.98085396352967,113.44569
11,34,125,112.61179792586158,114.21014
11,35,125,112.79219465299997,118.80197
11,36,125,105.50119141164599,129.71762
11,37,125,97.705276088655,113.05929
11,38,125,108.81460741233177,111.71977
11,39,125,99.59456659800694,112.2384
11,40,125,110.91472834635712,117.02225
11,41,125,105.96946146625986,115.268234
11,42,125,108.81931819730865,115.16853
11,43,125,114.07394493774018,127.78934
11,44,125,112.35317408135413,110.82692
11,45,125,111.48428185075662,122.72238
11,46,125,92.79905342527181,105.14948
11,47,125,110.22413411530376,116.17399
11,48,125,106.53848263850041,112.22832
11,49,125,99.00032816371044,101.76945
11,50,125,106.4114952322231,106.62543
11,51,125,104.7085300728569,100.436035
11,52,125,92.05439999115627,110.10893
11,53,125,94.33462113617375,109.18827
11,54,125,101.18175396825399,113.059204
11,55,125,106.42387386555448,109.289795
11,56,124,114.05301313015319,119.478516
11,57,123,98.5467894304899,112.87529
11,58,122,111.32860837553707,118.149025
11,59,121,96.75193865257732,100.90418
11,60,120,79.75904600089274,88.86242
11,61,119,101.3431307763566,117.95545
11,62,118,103.67758766937273,118.27899
11,63,117,112.35337834739921,116.65255
11,64,116,119.3508991779541,119.978806
11,65,115,113.12519204209563,113.12287
11,66,114,109.21823530887274,117.51059
11,67,113,117.7307638984629,118.86989
11,68,112,113.06368701137501,105.35806
11,69,111,107.01652549538336,101.78612
11,70,110,90.92078564466719,100.69365
11,71,109,109.13693300427931,120.83327
11,72,108,116.86860722853771,121.20956
11,73,107,82.90057828282829,84.59291
11,74,106,82.04219802577728,90.0766
11,75,105,106.39496947921134,97.540634
11,76,104,114.58488303987923,109.50891
11,77,103,86.82523671737212,89.84409
11,78,102,81.49077767076119,80.9166
11,79,101,93.14109732665,107.36505
11,80,100,73.02741931216933,82.67807
11,81,99,105.2652667430046,111.970474
11,82,98,94.13555171745918,92.51873
11,83,97,78.51435441718776,78.71318
12,1,125,122.88675589133273,120.6805
12,2,125,123.88988220763112,126.100204
12,3,125,120.27473307045378,124.00563
12,4,125,120.82052550418739,120.18132
12,5,125,124.50548407778227,123.64917
12,6,125,124.67475643342303,125.57629
12,7,125,124.32012630247254,122.41009
12,8,125,123.70012426281413,122.3564
12,9,125,123.79956396768384,122.550385
12,10,125,124.86572366694959,123.26064
12,11,125,123.61732105974215,122.38455
12,12,125,124.21523589159668,123.04345
12,13,125,124.88775674211072,124.83508
12,14,125,122.07319639772213,125.02234
12,15,125,123.78558174720494,123.44751
12,16,125,116.00409860726708,120.58342
12,17,125,124.24650764932693,125.24715
12,18,125,123.99041234006623,123.17987
12,19,125,124.66962811803518,124.43878
12,20,125,123.55102454952426,124.38717
12,21,125,122.87323965445881,122.50846
12,22,125,121.20807325104174,120.166725
12,23,125,123.70582172562206,120.70776
12,24,125,122.89192635470842,122.08094
12,25,125,114.83263833436433,117.60335
12,26,125,120.10672949176107,122.37429
12,27,125,124.1023450235549,122.39457
12,28,125,119.19595412022514,121.822845
12,29,125,124.86745626185868,125.33537
12,30,125,119.73224476996293,122.82073
12,31,125,119.52147331035327,119.53846
12,32,125,123.20646553543963,125.44978
12,33,125,121.51747088559142,121.8695
12,34,125,124.05897296264642,125.194595
12,35,125,122.3587151073447,123.96004
12,36,125,123.94072232881003,125.57868
12,37,125,122.3308790758347,125.076965
12,38,125,124.44811437842131,122.16821
12,39,125,124.14506403912829,123.571045
12,40,125,124.63836882657752,125.55449
12,41,125,123.94963716746189,124.85702
12,42,125,120.1827658780972,121.03049
12,43,125,123.77281324534557,124.47724
12,44,125,122.74435239191315,123.02587
12,45,125,122.42811583377117,123.587
12,46,125,118.96633167374267,118.71611
12,47,125,124.80020703783737,124.07513
12,48,125,117.31344447326008,120.76126
12,49,125,124.38198870536466,121.5993
12,50,125,114.1256507144567,116.953835
12,51,125,116.60514171274893,120.14017
12,52,125,124.29165846270169,124.36439
12,53,125,124.14476189557804,124.87475
12,54,125,124.54547441266935,123.04306
12,55,125,124.20207760621936,125.7264
12,56,125,122.02226735593632,120.312775
12,57,125,123.45212155487864,121.17923
12,58,125,121.49102197508508,120.53954
12,59,125,120.06081919703131,122.42747
12,60,125,122.81570828180396,123.1334
12,61,125,120.51214599922328,119.63362
12,62,125,121.87543062975779,122.90017
12,63,125,124.12138279664786,125.197266
12,64,125,118.40600616060966,119.87088
12,65,125,122.34038755822493,124.43973
12,66,125,124.31462356006234,124.94661
12,67,125,124.83327886132788,125.22925
12,68,125,116.34568108802067,120.39233
12,69,125,120.04065831957882,121.362976
12,70,125,122.16921026885339,123.894455
12,71,125,121.04289166290502,121.14753
12,72,125,117.60987524914017,120.48528
12,73,125,118.64139195034545,122.77924
12,74,125,121.36143885443705,122.172035
12,75,125,118.2952708533721,119.06302
12,76,125,119.2016353716248,116.0462
12,77,125,119.27233616232806,120.646515
12,78,125,116.76706742448067,119.13142
12,79,125,119.73954321193261,118.78781
12,80,125,124.60774473290243,122.45516
12,81,125,123.09084361152505,121.96378
12,82,125,118.58273257630957,124.00593
12,83,125,118.43329738289356,120.58034
12,84,125,118.16773618279086,119.67934
12,85,125,114.83185014017565,121.26568
12,86,125,118.76565608871688,119.94799
12,87,125,123.6669746551466,123.35197
12,88,125,121.71377334371711,120.28042
12,89,125,115.12964213282433,118.044
12,90,125,124.28531681520396,124.83416
12,91,125,118.54571998269013,117.513916
12,92,125,112.28380458151497,116.83847
12,93,125,124.59204942460643,123.14886
12,94,125,118.79017299802646,116.33065
12,95,125,109.77031161620849,114.70039
12,96,125,121.22280494181575,121.89229
12,97,125,123.55894079032743,122.86295
12,98,125,120.75985622128583,119.51471
12,99,125,119.75761918057947,125.228775
12,100,125,115.16100335058174,114.74384
12,101,125,123.5584614521458,122.282486
12,102,125,122.04182218965056,120.08747
12,103,125,124.08954451595488,123.74665
12,104,125,117.58464785640862,117.762245
12,105,125,122.43641505816755,120.301605
12,106,125,122.82624393272049,122.97188
12,107,125,121.72827372361756,120.59964
12,108,125,123.3868596341631,125.63529
12,109,125,123.78905702081674,123.0413
12,110,125,121.910025363645,122.72056
12,111,125,117.59811863324089,118.37444
12,112,125,120.73909772285597,122.692924
12,113,125,119.61186026327952,117.44266
12,114,125,122.20786479568939,122.20324
12,115,125,112.80179404634691,111.89138
12,116,125,121.83558361649749,123.46033
12,117,125,124.7722000871061,123.17277
12,118,125,120.79258435599804,122.76969
12,119,125,117.6875022361057,117.94259
12,120,125,118.66960918887601,121.32568
12,121,125,123.3163998777964,117.29362
12,122,125,118.83979583126711,118.06561
12,123,125,119.47501684279266,120.53019
12,124,125,119.39556777363575,117.540924
12,125,125,118.34230756361511,122.307724
12,126,125,119.41906139266374,119.84896
12,127,125,119.50666832150225,125.45401
12,128,125,119.34901296084333,119.564575
12,129,125,117.45704082512316,117.56221
12,130,125,120.75399996799614,119.888054
12,131,125,124.46173765231242,121.73771
12,132,125,116.11735947133752,115.997185
12,133,125,117.658076321776,122.3534
12,134,125,123.7985419090813,123.08417
12,135,125,119.71464844761768,119.79873
12,136,125,119.42364154987835,119.62989
12,137,125,118.24811941610591,120.02651
12,138,125,114.0910413551055,112.68875
12,139,125,116.44335959212006,114.56235
12,140,125,120.08991833615495,121.1484
12,141,125,120.17635723566173,119.1766
12,142,125,124.34233132889295,123.60999
12,143,125,113.49488183117604,117.48617
12,144,125,119.9169644853495,124.35705
12,145,125,110.24948726747535,112.61091
12,146,125,121.36432247892881,120.63018
12,147,125,117.13507080800407,118.261116
12,148,125,116.39451838616384,110.920746
12,149,125,117.93627890639046,116.07101
12,150,125,112.81899940434484,110.0104
12,151,125,115.0880004797905,115.43983
12,152,125,112.67371749543099,113.15445
12,153,125,121.38646352072448,124.33439
12,154,125,117.62374680099596,117.50143
12,155,125,122.04320298953225,121.45037
12,156,125,117.86962948040083,115.99269
12,157,125,111.8499035843227,116.41372
12,158,125,111.06098828043963,116.30239
12,159,125,117.02105831414039,117.56698
12,160,125,120.74920972262487,119.40107
12,161,125,110.49182697336612,109.53846
12,162,125,113.65325322234406,114.89827
12,163,125,115.47298341569599,117.76241
12,164,125,107.48931296043617,105.85885
12,165,125,120.485552229901,121.247826
12,166,125,109.00256780754273,105.70581
12,167,125,116.20897611962985,121.785805
12,168,125,116.41938081748451,117.368904
12,169,125,117.64074622657623,118.835434
12,170,125,120.87589136445885,118.623146
12,171,125,115.8719773384513,114.178345
12,172,125,117.46799789083802,116.06919
12,173,125,117.28462368803731,118.3818
12,174,125,116.24402891820593,114.18074
12,175,125,113.56527775681855,114.559204
12,176,125,117.25978474403409,117.75597
12,177,125,111.44820176215478,114.86727
12,178,125,120.39145327177573,117.91145
12,179,125,110.5362949801346,116.36488
12,180,125,111.35289929068948,114.35112
12,181,125,113.36058307686915,114.40027
12,182,125,107.93661956142076,114.81696
12,183,125,106.48295585995447,109.791626
12,184,125,101.64621056430758,100.337265
12,185,125,108.83435968688399,112.351845
12,186,125,106.07135272593955,110.59357
12,187,125,109.94274695812848,113.53135
12,188,125,106.03796455732306,100.84356
12,189,125,109.60999509671751,104.276474
12,190,125,112.12392678514516,107.929794
12,191,125,110.64425293326295,108.3851
12,192,125,100.32585172099147,103.809906
12,193,125,107.46328418949412,106.79738
12,194,125,98.6987930354054,100.92684
12,195,125,95.57082876382879,83.9244
12,196,125,108.71908388833388,98.28365
12,197,125,111.23264167662899,109.7921
12,198,125,96.30626659451661,94.88734
12,199,125,105.18840827688727,102.63989
12,200,125,99.89559874847374,99.94383
12,201,125,106.99320589435244,111.25114
12,202,125,97.17819398987662,102.09102
12,203,125,100.42945161782664,98.01381
12,204,125,96.45363391902211,97.73956
12,205,125,88.07901575276574,96.64214
12,206,125,101.55266457309935,103.82291
12,207,125,103.29587918930254,100.248116
12,208,125,95.11176455026457,103.55233
12,209,125,104.53333974096269,106.75704
12,210,125,109.34977707569402,109.073555
12,211,125,103.78304553535966,108.5286
12,212,125,90.04482231988243,92.381195
12,213,125,105.72270600220074,105.11522
12,214,125,84.0475604800691,89.29557
12,215,125,99.12172711158239,98.821465
12,216,125,89.4237652012738,95.249275
12,217,124,81.58876851851848,88.472565
13,1,125,117.90348993216847,122.95312
13,2,125,124.52029737174492,126.84863
13,3,125,123.99811399753199,121.1713
13,4,125,123.19968756088007,123.44082
13,5,125,124.50540135529181,124.28103
13,6,125,121.63409412686931,121.66945
13,7,125,123.40191965592625,123.7493
13,8,125,118.49987352110674,120.12106
13,9,125,119.10727437175733,120.6998
13,10,125,120.35861248560224,120.66987
13,11,125,123.96013564065288,122.840996
13,12,125,118.07710044853283,115.91092
13,13,125,124.69295177812873,124.43819
13,14,125,120.79291507562678,122.631065
13,15,125,121.34000453456686,123.6195
13,16,125,119.74000319903263,118.68916
13,17,125,124.6682961913142,125.87445
13,18,125,121.45878023272647,121.63218
13,19,125,124.8072596796656,125.04805
13,20,125,122.77280848629215,121.61412
13,21,125,117.39079568673209,120.26965
13,22,125,118.04002252303515,119.47046
13,23,125,123.80731770554375,123.86753
13,24,125,122.83313820183136,123.32616
13,25,125,123.74861411859885,124.06976
13,26,125,120.1510020569483,115.89557
13,27,125,122.29137065045308,120.52352
13,28,125,123.49919627540284,122.44238
13,29,125,121.48095367434512,123.59996
13,30,125,123.49354490424732,121.687546
13,31,125,122.28243339186736,120.991516
13,32,125,121.30683872182463,123.25741
13,33,125,121.7963508684277,121.23112
13,34,125,122.86282455477752,125.82594
13,35,125,123.97529494266588,124.15471
13,36,125,123.19413195814198,122.48278
13,37,125,118.77927245218908,118.12377
13,38,125,117.43139936169044,115.16882
13,39,125,122.2155172058579,122.23862
13,40,125,117.41321556423357,115.8081
13,41,125,124.48997595346022,124.62093
13,42,125,121.45362703348704,120.484604
13,43,125,116.21107022834981,121.64752
13,44,125,121.4537873378305,120.58867
13,45,125,122.51409319702255,122.87927
13,46,125,124.4839852309912,123.41874
13,47,125,120.08868968240878,121.08399
13,48,125,115.53324893263016,119.54996
13,49,125,119.58126061427426,117.67012
13,50,125,123.15384136409938,119.77408
13,51,125,121.7569441235617,122.330635
13,52,125,123.50180638130854,123.780754
13,53,125,122.04003961596088,122.2401
13,54,125,124.81458854403378,125.487686
13,55,125,121.79587607765149,126.39057
13,56,125,124.53639983156172,124.573235
13,57,125,123.18497215065729,125.39877
13,58,125,119.09913917864695,118.71669
13,59,125,119.619197164798,122.91359
13,60,125,120.71142133219445,122.14858
13,61,125,122.13181446495997,122.156975
13,62,125,112.64979282357352,119.12596
13,63,125,117.97197521768382,124.108665
13,64,125,122.90833859529802,121.44252
13,65,125,122.30224538431061,121.76911
13,66,125,120.12523302618916,117.45629
13,67,125,119.27878405116016,120.12266
13,68,125,120.72712996637017,123.259445
13,69,125,118.2638256901576,117.78723
13,70,125,123.51071855984944,123.234055
13,71,125,120.93282618239544,120.312065
13,72,125,117.19970203696971,117.55806
13,73,125,124.29043488026325,124.1833
13,74,125,112.41037800744152,118.8494
13,75,125,117.19132402859408,113.35767
13,76,125,124.07852010916068,121.649536
13,77,125,124.39170553852188,124.66526
13,78,125,117.61661706780436,120.048225
13,79,125,122.38127660565,122.52356
13,80,125,119.45446068115189,118.013565
13,81,125,116.13908006045807,115.32796
13,82,125,118.82568574198422,122.99392
13,83,125,121.0915499557197,123.08122
13,84,125,114.5718113432602,114.557465
13,85,125,119.77488187519293,121.77154
13,86,125,119.24202359577752,121.27898
13,87,125,119.6188101706183,118.809494
13,88,125,119.88676813866347,117.91308
13,89,125,119.96677611133845,116.98454
13,90,125,120.17263014777862,117.715096
13,91,125,120.25657102051964,120.60061
13,92,125,122.14791877853345,119.87482
13,93,125,117.81667007252793,115.53849
13,94,125,122.04197574980186,121.414345
13,95,125,117.93210178589982,116.0998
13,96,125,123.02313009406852,120.52342
13,97,125,114.2301369754077,110.71332
13,98,125,122.71174456109873,123.24874
13,99,125,118.36757129339611,117.33508
13,100,125,109.84699041817665,115.81054
13,101,125,116.63300029873216,116.90525
13,102,125,109.85432576698032,113.01954
13,103,125,121.9217957220501,123.25178
13,104,125,122.15241380652199,119.28233
13,105,125,119.15864770093421,115.331024
13,106,125,120.607904189131,123.204865
13,107,125,123.37918342373851,122.83443
13,108,125,115.36947025084439,120.013916
13,109,125,111.50152278959001,109.40849
13,110,125,113.44536712668993,111.906654
13,111,125,119.38030123998256,119.21465
13,112,125,122.46384230873453,121.20964
13,113,125,122.8147759564825,122.9762
13,114,125,119.6352380764501,118.971504
13,115,125,107.25630340694954,114.010345
13,116,125,122.0648119416237,123.14142
13,117,125,111.85135308474214,115.69007
13,118,125,114.99528597342896,118.67742
13,119,125,122.55306030715272,119.956635
13,120,125,115.86774149112175,117.11057
13,121,125,118.33885640897499,116.31854
13,122,125,113.25625355263158,111.73484
13,123,125,112.40279090565845,104.36429
13,124,125,105.3018787312375,105.89264
13,125,125,114.11519733903134,117.92815
13,126,125,113.85196957088898,110.56973
13,127,125,115.19278677795286,116.14098
13,128,125,123.52978780897766,122.305084
13,129,125,118.93171398371474,123.017265
13,130,125,114.94762053779957,116.73472
13,131,125,110.73455218905261,112.87207
13,132,125,113.02001262015527,110.45839
13,133,125,118.2037049280677,119.05909
13,134,125,110.88317481020046,114.899376
13,135,125,114.968178633664,121.03407
13,136,125,114.55307264463217,116.298515
13,137,125,111.82830011454764,113.37008
13,138,125,109.43721436314372,107.87858
13,139,125,116.43417680934301,119.54997
13,140,125,117.24395534548998,120.65054
13,141,125,113.25678026720774,115.074715
13,142,125,115.08614833127896,115.98439
13,143,125,114.87357869842708,111.25205
13,144,125,111.92060926811556,115.08335
13,145,125,114.0971563717029,120.7934
13,146,125,117.51760774444652,115.42048
13,147,125,108.79184749985923,110.74332
13,148,125,114.53766756831389,114.45642
13,149,125,113.68763201456512,114.8517
13,150,125,97.79766144006017,100.34802
13,151,125,100.95627205927282,99.46419
13,152,125,113.29370318871237,107.69034
13,153,125,109.29465616011132,111.18992
13,154,125,120.31725833455258,119.49415
13,155,125,114.65422076984251,115.697655
13,156,125,95.84076386349669,95.21293
13,157,125,113.57228125349282,110.558464
13,158,125,111.838842486732,107.21505
13,159,125,99.64156693560614,102.17251
13,160,125,106.89382794274353,111.07572
13,161,125,106.97076916842276,103.8322
13,162,125,111.87783816977118,112.22785
13,163,125,118.43462899962871,121.57794
13,164,125,109.82663053921873,106.15423
13,165,125,98.48796640115701,103.40037
13,166,124,104.18331006632408,107.01663
13,167,123,110.35139100800251,114.13227
13,168,122,115.6353791727746,116.479805
13,169,121,111.58625006279235,110.83568
13,170,120,109.18743880689836,110.61755
13,171,119,111.6450042402733,113.18678
13,172,118,104.24728826170448,108.73616
13,173,117,112.04264881381312,111.61968
13,174,116,100.4761615771831,106.484695
13,175,115,96.59944325567137,99.83774
13,176,114,106.97846774479659,108.824776
13,177,113,108.70476895318512,105.61083
13,178,112,111.57739904591809,105.60585
13,179,111,109.04318128511481,109.750496
13,180,110,101.30974581816317,94.09955
13,181,109,115.33488286645598,114.2557
13,182,108,99.47319685651091,100.311424
13,183,107,106.05944918276768,108.87144
13,184,106,107.36562615703,104.96525
13,185,105,103.43392556537235,104.20567
13,186,104,107.07906042908249,106.95301
13,187,103,105.18192977059971,102.15799
13,188,102,104.73764620564623,101.549515
13,189,101,99.16593886619397,101.975494
13,190,100,101.7497649781601,99.44056
13,191,99,96.5877942166021,95.73978
13,192,98,94.88893056185434,91.93766
13,193,97,108.18529340210847,109.131744
13,194,96,96.15090579718476,98.42179
13,195,95,89.72565188485082,85.95499
14,1,125,106.84824203841673,107.913185
14,2,125,110.80727499230876,120.244316
14,3,125,100.95551434394628,107.51774
14,4,125,109.89872908856792,117.64772
14,5,125,117.78497988233886,117.41845
14,6,125,113.53226815201594,126.66882
14,7,125,91.6224876061936,98.42487
14,8,125,107.50383550229513,118.1532
14,9,125,108.94378175817211,116.631805
14,10,125,113.87372982883035,122.3318
14,11,125,104.28150803610905,116.68864
14,12,125,100.67840884364068,115.032425
14,13,125,108.65056821029636,110.04299
14,14,125,116.76361755822036,120.04022
14,15,125,107.04626811062992,104.611275
14,16,125,113.60315679124457,127.597496
14,17,125,99.45728246627458,106.77928
14,18,125,100.21634257575361,105.69837
14,19,125,109.31437355064163,101.517975
14,20,125,114.5814386594232,115.648796
14,21,125,113.98313544824744,131.47142
14,22,125,112.45813253760595,111.146355
14,23,125,106.7916411238825,115.40924
14,24,125,108.08313505183432,116.9827
14,25,125,107.1315243497403,109.66017
14,26,125,104.73359253326291,106.203316
14,27,125,104.83758707367087,110.914795
14,28,125,110.31565920262581,115.428024
14,29,124,104.15673782493516,105.1769
14,30,123,113.9181636995173,113.9945
14,31,122,77.92528897028896,90.32127
14,32,121,111.73929828628856,116.05781
14,33,120,112.03586400764839,121.98795
14,34,119,101.72980574770445,100.42974
14,35,118,90.65473387896827,109.24572
14,36,117,110.5750690247988,110.641136
14,37,116,106.36206184687752,112.25391
14,38,115,111.54862992176156,111.073654
14,39,114,117.59704262024557,116.35717
14,40,113,91.9171401691839,98.58157
14,41,112,104.71200246079955,105.78294
14,42,111,94.6921626984127,106.34106
14,43,110,115.96033899382434,113.76024
14,44,109,72.52348585673586,75.38968
14,45,108,109.95022041568433,117.54195
14,46,107,109.10924279927019,116.171394
15,1,125,121.92487886106176,119.63979
15,2,125,122.37024009048984,122.2414
15,3,125,123.82071747793331,124.040115
15,4,125,119.86119870982547,127.27425
15,5,125,121.27062948729494,118.71805
15,6,125,124.26898946365014,123.77098
15,7,125,117.13937836722502,116.42908
15,8,125,124.47244291654712,125.40102
15,9,125,124.0436543528986,122.87155
15,10,125,123.20683520810931,122.457924
15,11,125,121.97887120839654,122.32537
15,12,125,122.03420956795654,122.754135
15,13,125,113.44309139381716,114.3025
15,14,125,124.1559549914232,123.782875
15,15,125,120.32712517866986,122.531975
15,16,125,124.32723741714649,123.989296
15,17,125,120.45693259182326,122.38232
15,18,125,122.93316755669713,121.51944
15,19,125,118.28555133083563,122.01853
15,20,125,118.12413064717917,121.21789
15,21,125,121.20752106526304,121.979065
15,22,125,124.96267487097852,123.56274
15,23,125,123.85699991308663,121.98726
15,24,125,123.50273203392804,123.94077
15,25,125,122.23007009398069,121.193306
15,26,125,116.5112499236409,122.61929
15,27,125,117.07665969211543,120.41921
15,28,125,117.0382395014789,114.42792
15,29,125,124.5660399624017,124.56826
15,30,125,121.04011127635107,121.61833
15,31,125,117.6276440629971,123.721214
15,32,125,114.79057258078947,116.22765
15,33,125,119.10513344701167,124.53546
15,34,125,119.32466030971389,122.02601
15,35,124,123.4930494830883,124.33987
15,36,123,120.28259006820032,118.85688
15,37,122,121.90784448049185,121.683174
15,38,121,116.73968211093076,114.72722
15,39,120,118.5199816474383,117.153076
15,40,119,118.01688459714082,117.250374
15,41,118,118.10685983840995,120.93894
15,42,117,122.04800151290033,118.92071
15,43,116,116.11782328915979,116.01433
15,44,115,122.23208170260729,122.7373
15,45,114,115.90584065011954,117.51274
15,46,113,117.16008020178698,122.707016
15,47,112,122.41942168571858,123.80773
15,48,111,119.16982825091763,120.840836
15,49,110,118.79604092057106,125.32884
15,50,109,119.35361491195614,121.06418
15,51,108,121.97503059954346,122.49171
15,52,107,122.18194078954417,120.32811
15,53,106,120.57959793318088,119.95001
15,54,105,114.19593862521654,116.294174
15,55,104,119.8627986731841,120.45379
15,56,103,123.41349023712833,124.652985
15,57,102,117.44042724785068,120.870316
15,58,101,118.82682183520544,117.38191
15,59,100,123.57721277160793,122.87437
15,60,99,118.32164700145132,117.64854
15,61,98,116.73709116357585,120.278404
15,62,97,118.14547388832652,116.338806
15,63,96,121.18898073360467,119.903046
15,64,95,118.21501954558836,118.32245
15,65,94,122.8066682322372,122.2116
15,66,93,114.81334313302995,112.63401
15,67,92,118.98206455814451,117.717476
15,68,91,117.62960090098167,118.71553
15,69,90,115.95704399565281,118.24411
15,70,89,114.6915787229956,116.4084
15,71,88,121.50664799258132,119.09043
15,72,87,113.89314335333489,119.636086
15,73,86,116.09016828858434,116.9684
15,74,85,117.06066896498673,120.342155
15,75,84,116.16493651788825,115.00147
15,76,83,121.47328580000986,118.43558
16,1,125,124.4715603808396,124.54248
16,2,125,117.54247827308822,121.50371
16,3,125,120.78020493134699,123.478065
16,4,125,122.15042883718611,123.92923
16,5,125,123.8557830022531,123.44147
16,6,125,120.04809064312273,120.27045
16,7,125,122.82385213268829,122.86846
16,8,125,123.48720634719125,123.66677
16,9,125,123.53047110500891,123.0226
16,10,125,124.02943120775119,122.97747
16,11,125,124.01834976325266,122.43579
16,12,125,118.6341521003562,116.335106
16,13,125,124.25543266989773,124.277145
16,14,125,122.58222023831794,122.26692
16,15,125,123.01083715004334,122.439896
16,16,125,122.46641135715234,123.358376
16,17,125,122.6356162903542,122.432724
16,18,125,123.23222149578015,125.10346
16,19,125,123.2751532633043,125.09053
16,20,125,122.00720669314981,124.0174
16,21,125,120.79237236071636,119.1481
16,22,125,121.23838803600762,121.17621
16,23,125,123.99739463412004,122.37499
16,24,125,117.9182800859712,124.85479
16,25,125,124.89174064823831,123.81197
16,26,125,116.41553977361218,114.164925
16,27,125,122.54554773402073,122.56004
16,28,125,124.66454851330553,126.06904
16,29,125,123.9662164423532,121.3781
16,30,125,120.58876454464965,122.61914
16,31,125,121.44887893942173,125.8112
16,32,125,124.3555643953584,123.65818
16,33,125,122.69385597326138,122.035255
16,34,125,119.37130401578848,119.64788
16,35,125,114.1524183150303,116.31691
16,36,125,121.42489525909909,122.84028
16,37,125,121.81671447998077,120.577934
16,38,125,123.37325488823345,126.052925
16,39,125,123.8725279515756,123.075134
16,40,125,122.44385494382657,124.11712
16,41,125,121.5592402401105,123.502754
16,42,125,118.84116941625709,121.88124
16,43,125,119.03758736894682,117.74472
16,44,125,122.43048689373762,122.79602
16,45,125,118.50604865755102,116.9
16,46,125,123.74684328098755,120.39521
16,47,125,120.15551181009378,121.670975
16,48,125,116.86930192570877,118.89571
16,49,125,120.79175478619322,121.384056
16,50,125,122.57537864292635,119.74065
16,51,125,122.06516122605426,122.03489
16,52,125,122.04557231418505,120.50043
16,53,125,120.66634111549598,119.351074
16,54,125,121.40315177878925,122.609344
16,55,125,120.40114202928133,118.72132
16,56,125,122.49279460104783,120.078255
16,57,125,124.63031754849413,127.61178
16,58,125,121.59123968574362,120.688225
16,59,125,121.28515480710828,120.51574
16,60,125,122.71831559318271,123.52351
16,61,125,121.50587774201696,123.34948
16,62,125,120.68676835675927,119.29614
16,63,125,119.18116073074978,120.226654
16,64,125,115.30667885863141,115.89681
16,65,125,123.45104752206818,119.94839
16,66,125,120.06814800880728,118.89743
16,67,125,122.30739812038759,123.17043
16,68,125,116.365325677225,119.86765
16,69,125,121.46447062621776,122.61423
16,70,125,120.2628829212529,118.93424
16,71,125,117.9423635918912,116.31242
16,72,125,117.07356227208625,120.80903
16,73,124,121.34662685228655,123.02509
16,74,123,111.6851792756063,119.54165
16,75,122,120.81995503139474,123.5245
16,76,121,122.41141044367684,122.08595
16,77,120,108.75655503732126,114.04826
16,78,119,122.43087232541909,124.34519
16,79,118,115.33053789603476,115.61485
16,80,117,118.64229529542412,118.83815
16,81,116,119.0851689366382,121.26854
16,82,115,122.2604669470697,122.8919
16,83,114,121.96445835263155,121.15697
16,84,113,118.89216611757428,117.56444
16,85,112,109.19987121470218,120.87227
16,86,111,119.30936910534659,118.46137
16,87,110,119.6208719915758,115.645935
16,88,109,114.39873774530443,114.2611
16,89,108,119.9232047720943,116.22343
16,90,107,117.7010778658476,120.748825
16,91,106,111.63481736297818,119.956375
16,92,105,118.76546303547829,113.29859
16,93,104,115.45631682834917,115.536835
16,94,103,105.73759621743639,105.579956
16,95,102,121.43605875469785,120.042305
16,96,101,115.9585640123795,114.537544
16,97,100,120.59278075085102,119.50897
16,98,99,118.21379956285139,112.08323
16,99,98,113.65990968269426,114.78588
16,100,97,108.03265959960464,111.30914
16,101,96,119.31819773856766,120.092476
16,102,95,108.67692694960584,108.61414
16,103,94,118.98891402336834,116.99776
16,104,93,112.5078327609303,115.65572
16,105,92,118.78543549373882,114.32809
16,106,91,113.1464148761631,113.318085
16,107,90,117.99723485814282,118.69461
16,108,89,115.40410169111594,117.26771
16,109,88,115.48799796988087,111.70734
16,110,87,111.31380936816885,107.03891
16,111,86,108.52107242263958,110.655075
16,112,85,117.29620603912707,116.43136
16,113,84,108.88673270339963,111.2398
17,1,125,111.44950944327996,114.24322
17,2,125,118.65865712900847,121.82593
17,3,125,117.34999479200204,118.45857
17,4,125,123.43154146146452,124.67447
17,5,125,122.40032074610043,126.291954
17,6,125,118.76937357952333,122.99472
17,7,125,122.42029222466728,124.21841
17,8,125,115.40471581807532,120.90753
17,9,125,119.31694635435078,123.68581
17,10,125,118.95470348071052,115.97796
17,11,125,119.80452977467799,120.752335
17,12,125,123.33490096187195,122.628426
17,13,125,119.99037935812868,121.48753
17,14,125,123.92459522289059,126.59366
17,15,125,118.14190254906426,119.33257
17,16,125,121.64274297038375,123.81234
17,17,125,117.98455000944571,119.32733
17,18,125,124.52255070312218,125.07359
17,19,125,120.4432100491037,119.40597
17,20,125,121.51397592144446,121.577515
17,21,125,121.1923288376667,121.3486
17,22,125,121.72010378054814,122.18831
17,23,125,113.62349669093848,116.525955
17,24,125,123.55416870159992,123.27297
17,25,125,120.99045432279631,123.06016
17,26,125,117.58100099845899,119.17226
17,27,125,123.8057188639581,123.33309
17,28,125,114.53711019500612,110.812325
17,29,125,120.20366978145339,119.0723
17,30,125,111.3612052890306,118.37604
17,31,125,122.10573423336722,123.46792
17,32,125,117.72985803892084,123.885956
17,33,125,118.60409001869067,118.87756
17,34,125,120.66500967624968,118.27801
17,35,125,115.33296742542504,114.97174
17,36,125,122.42296960831237,119.252846
17,37,125,123.65261024477287,126.57901
17,38,125,116.9593387114588,113.66776
17,39,125,105.58628407497588,106.33577
17,40,125,109.89252726926425,111.09862
17,41,125,122.42181713356712,125.096634
17,42,125,116.17754327843933,117.83273
17,43,125,121.90022901456173,120.02722
17,44,125,120.03412784312917,123.77699
17,45,125,118.30664647330988,116.13411
17,46,125,112.29701862714587,106.682976
17,47,125,114.63356485401268,114.831055
17,48,125,117.76804012917829,111.26579
17,49,125,112.02246462974475,114.65757
17,50,125,123.01706810103506,123.24353
17,51,125,121.02202192826563,119.00408
17,52,125,114.77919258172777,116.0328
17,53,125,121.28045911915801,120.265465
17,54,125,122.06632707956766,122.72151
17,55,125,119.1869326903821,115.51058
17,56,125,122.49945803483342,123.9986
17,57,125,115.44540162008289,109.28973
17,58,125,114.51016998522961,115.85345
17,59,125,111.0961341199355,113.02593
17,60,125,113.00096021140479,110.2151
17,61,125,105.58863153038187,102.082275
17,62,125,121.4341971314988,117.86743
17,63,125,109.29600353903278,109.82886
17,64,125,122.46068478703815,119.33375
17,65,125,121.536271052766,121.12165
17,66,125,109.28357110295471,109.82012
17,67,125,115.21351135720678,113.28251
17,68,125,119.38126152862623,120.49874
17,69,125,120.70145384098547,120.74123
17,70,125,118.38726266948782,117.388855
17,71,125,110.32716788246171,112.01566
17,72,125,109.65865348700875,112.78584
17,73,125,108.47506161431157,116.172035
17,74,125,114.25228468049139,114.35688
17,75,125,106.37219674130047,106.57151
17,76,125,91.91526479076471,95.38367
17,77,125,119.51459487232292,119.12951
17,78,125,121.41997122232512,123.5285
17,79,125,100.25793114293116,108.27925
17,80,125,94.22119841269841,98.93347
17,81,125,118.37288394471466,121.79089
17,82,125,101.4455676466391,109.33576
17,83,125,123.30804702508262,123.96663
17,84,125,111.0744922547316,113.59757
17,85,125,111.91114834296505,110.45756
17,86,125,117.06724639363148,116.45297
17,87,125,104.8617125603865,106.75686
17,88,125,118.39132080042197,116.20257
17,89,125,113.29703249846703,115.65915
17,90,125,117.93989742589756,117.352585
17,91,124,101.83235026455024,104.65763
17,92,123,115.9383050025775,118.64264
17,93,122,107.0934910742072,108.63474
17,94,121,107.40477553598558,108.030334
17,95,120,115.36040278789869,116.272865
17,96,119,104.15196649029981,105.95906
17,97,118,93.4135326634238,100.63915
17,98,117,108.54516936766935,107.26594
17,99,116,99.90342841109506,95.4091
17,100,115,112.02820483213176,109.40433
17,101,114,99.57731349206348,94.066864
17,102,113,97.14207803379418,102.62766
17,103,112,95.11246825396823,103.018036
17,104,111,105.60514811236715,104.12317
17,105,110,108.55721183054523,110.82017
17,106,109,98.67636772486769,92.02618
17,107,108,73.3200026455026,75.30621
17,108,107,89.70134976105138,92.19496
17,109,106,96.01894444444446,97.024284
17,110,105,102.64097977981064,102.04209
17,111,104,95.37404344999646,94.82743
17,112,103,89.52466269841275,90.69228
17,113,102,115.94856925578019,112.952225
17,114,101,117.31083900924074,113.00271
17,115,100,92.77522619047619,90.49449
17,116,99,78.76605158730156,83.65601
17,117,98,84.96408333333333,79.730316
17,118,97,90.12669047619052,95.86294
17,119,96,86.13659788359791,82.20807
17,120,95,87.21261111111112,83.16283
17,121,94,94.09447222222227,94.17954
17,122,93,85.4453835978836,74.582596
17,123,92,99.00888259958072,99.03654
17,124,91,85.45215476190471,78.93005
17,125,90,85.8276388888889,81.66951
17,126,89,77.90666989887346,70.86009
17,127,88,94.53359920634921,91.493935
17,128,87,98.17758433233432,95.78487
17,129,86,85.8176613756614,87.83026
17,130,85,86.79784126984129,86.344406
17,131,84,80.28304894179894,74.09044
17,132,83,79.13044841269841,76.70971
17,133,82,91.1651177248677,79.8266
17,134,81,93.39149735449736,93.95675
17,135,80,67.57867328042329,70.1626
17,136,79,69.76034523809525,71.797295
17,137,78,87.81406364768128,78.66244
17,138,77,82.47031349206347,78.77964
17,139,76,60.73408068783067,52.667236
17,140,75,82.01647883597892,82.487526
17,141,74,67.57463756613755,66.850685
17,142,73,78.19860113035115,74.76274
17,143,72,77.52597619047617,76.878365
17,144,71,72.90203326273492,66.271324
17,145,70,85.58430158730158,76.88551
17,146,69,70.8082791005291,69.939095
17,147,68,73.92590873015872,76.899826
17,148,67,60.457130952380965,58.609806
17,149,66,69.2248425925926,72.80306
17,150,65,69.35791005291006,66.34701
17,151,64,56.368997354497345,56.77104
17,152,63,55.32138492063492,53.472927
17,153,62,56.62617460317461,54.78585
17,154,61,62.886666666666656,62.09337
17,155,60,57.10191402116405,54.843548
17,156,59,58.66571560846562,56.695423
17,157,58,50.86575793650791,53.592052
17,158,57,54.106945767195775,55.760048
17,159,56,64.8847240896359,55.52156
17,160,55,57.109591269841246,55.112213
17,161,54,55.056676231176255,48.00925
17,162,53,59.695865079365106,55.85237
17,163,52,48.54506349206349,44.63307
17,164,51,62.72773148148147,65.04906
17,165,50,53.10086904761905,50.89676
18,1,125,116.47799247419769,119.43421
18,2,125,118.75255237537262,125.51417
18,3,125,124.29271164021816,123.67887
18,4,125,117.00855371009376,114.82821
18,5,125,118.74494490852261,115.88564
18,6,125,122.54947331477668,120.54888
18,7,125,120.83152198126808,121.11091
18,8,125,123.16359703136712,120.01483
18,9,125,120.56554500770403,118.2194
18,10,125,122.22867663954413,124.23928
18,11,125,124.34246217729691,125.042694
18,12,125,122.34288426658075,125.61501
18,13,125,123.92640027262799,125.12931
18,14,125,120.43035849262216,118.56541
18,15,125,122.17334309895627,118.73471
18,16,125,122.75722547700052,123.073685
18,17,125,115.9233666147979,112.39554
18,18,125,122.10417092359108,120.04275
18,19,125,119.31704391365233,123.76333
18,20,125,114.93770209532238,117.273994
18,21,125,114.90746841469768,113.01923
18,22,125,123.23372047305412,125.3575
18,23,125,119.5797845039669,121.04471
18,24,125,120.72539274365302,119.79119
18,25,125,119.38941864018804,120.33435
18,26,125,122.65111074727474,123.980446
18,27,125,120.582687191907,121.9205
18,28,125,121.48183674371677,121.58461
18,29,125,123.93793980347374,123.76416
18,30,125,118.75100723522645,113.655815
18,31,125,115.01876606756676,110.19257
18,32,125,107.96061705158326,114.54802
18,33,125,119.1012952146222,120.62528
18,34,125,120.10241875944183,117.863914
18,35,125,116.23285008158551,115.81815
18,36,125,122.07214212389611,121.67154
18,37,124,115.58264419469725,113.24279
18,38,123,119.53208581066116,118.89143
18,39,122,112.04547684025533,110.13289
18,40,121,118.56121977066732,114.122696
18,41,120,115.1834473955209,117.26432
18,42,119,108.68617793983825,104.15125
18,43,118,121.22918366852495,121.74505
18,44,117,122.33845622788147,125.2711
18,45,116,121.00051973289553,121.054085
18,46,115,117.04369125181184,117.29275
18,47,114,120.50433735453271,122.01825
18,48,113,115.67065942951078,120.52272
18,49,112,113.38015104394027,115.05967
18,50,111,115.75169499708558,112.317024
18,51,110,113.77600488089696,115.499
18,52,109,118.55848681835998,120.80113
18,53,108,115.95806107886597,119.73746
18,54,107,122.92030154627008,120.670235
18,55,106,122.69059473614924,121.109505
18,56,105,117.50783941737993,115.34424
18,57,104,121.27240979274914,121.53474
18,58,103,111.63740476190473,116.07788
18,59,102,113.05317738046327,115.21599
18,60,101,119.79356581458701,117.479256
18,61,100,118.45596732913053,118.247635
18,62,99,119.2271364037271,116.01942
18,63,98,109.28509787172554,110.66499
18,64,97,110.95750329535697,111.05368
18,65,96,107.73660401013001,103.55844
18,66,95,120.97975755375778,120.032814
18,67,94,120.16088987678377,123.19933
18,68,93,114.73617706378649,112.386986
18,69,92,120.66035081674781,119.23619
18,70,91,117.48486725185374,119.12671
18,71,90,113.10700553934537,118.11433
18,72,89,120.80682004400546,120.608215
18,73,88,105.81597283036898,120.59775
18,74,87,117.1589516963711,117.25631
18,75,86,120.10093765506342,117.83404
18,76,85,109.47112155811745,111.18888
18,77,84,116.68029817321624,119.59512
18,78,83,116.6421266948653,119.92943
18,79,82,114.50504128175102,118.40655
18,80,81,111.81143887457496,109.46018
18,81,80,107.53006843388027,110.13291
18,82,79,115.41358110003125,120.197716
18,83,78,94.58127775247155,95.873634
18,84,77,104.86101596990628,110.13687
18,85,76,108.80026193101324,113.85419
18,86,75,96.4058568491676,100.85079
18,87,74,118.59737721833207,118.97168
18,88,73,106.02309943753787,113.31352
18,89,72,114.3351937466735,118.08869
18,90,71,110.7690398154519,115.33739
18,91,70,104.93862208362755,102.12104
18,92,69,117.11572499978821,120.41423
18,93,68,102.10561241819502,98.25694
18,94,67,111.71088750820178,105.83371
18,95,66,113.41903597931217,103.88348
18,96,65,97.97354538649057,102.35634
18,97,64,112.2376599701883,114.63561
18,98,63,114.8404241658751,113.429634
18,99,62,104.25142200328408,117.775406
18,100,61,105.81587687814788,112.50827
18,101,60,105.13833169631894,111.44447
18,102,59,113.00148011088713,108.252975
18,103,58,107.86919472876919,98.94087
18,104,57,110.29826327088772,109.52586
18,105,56,112.849276971769,105.59042
18,106,55,103.29491846942241,109.30752
18,107,54,113.18976447963644,115.959946
18,108,53,110.7832188285664,110.34513
18,109,52,102.3518129054577,104.1726
18,110,51,98.30979135435128,98.829994
18,111,50,110.33696895016215,111.86396
18,112,49,100.80226192480359,100.94576
18,113,48,102.92558333333338,94.877045
18,114,47,112.98679996863198,108.67137
18,115,46,97.6657037644019,102.040764
18,116,45,106.91273968497508,116.15582
18,117,44,92.7427724124005,89.86594
18,118,43,105.44351728158283,98.111206
18,119,42,100.63658597834952,100.614395
18,120,41,108.21229805614911,112.643936
18,121,40,84.50090182460659,87.97403
18,122,39,95.82555586963291,100.86427
18,123,38,107.30849109485646,109.26012
18,124,37,105.60767933418944,107.38241
18,125,36,106.99142962658681,107.83754
18,126,35,77.63437734487734,68.30472
18,127,34,98.5940415496811,85.2973
18,128,33,85.50135395681176,91.58166
18,129,32,72.80932539682539,73.44307
18,130,31,83.1266160334566,79.07732
18,131,30,88.77193930905698,96.04543
18,132,29,73.4235912698413,90.639755
18,133,28,62.87905158730157,59.23022
19,1,125,124.33558133165914,123.35575
19,2,125,122.39793321798847,121.30455
19,3,125,122.40784938975096,121.73361
19,4,125,119.19449503361204,118.26415
19,5,125,121.56005479691177,120.758804
19,6,125,121.3853700782057,120.115166
19,7,125,112.44546926724495,105.17876
19,8,125,124.00377200770451,124.45804
19,9,125,121.81310089351074,123.43962
19,10,125,122.94646919142292,123.905495
19,11,125,118.94236392508486,123.21414
19,12,125,123.13608845792463,123.53868
19,13,125,123.9561862104678,125.441475
19,14,125,117.60337791673834,117.75646
19,15,125,121.32535663553811,122.227066
19,16,125,119.57453311508718,117.47756
19,17,125,120.94047959381966,122.58977
19,18,125,123.33485650476793,125.67477
19,19,125,124.05961201475718,124.68059
19,20,125,118.62077848747177,124.68752
19,21,125,116.67858276291852,119.59944
19,22,125,122.3951670910246,121.11983
19,23,125,120.43578907032219,120.335754
19,24,125,121.33587494777984,120.694275
19,25,125,123.55050334376016,123.70377
19,26,125,120.84758434133691,120.846054
19,27,125,122.70369093465435,124.253944
19,28,125,121.65353356569695,123.51627
19,29,125,119.24142133991786,123.35513
19,30,125,119.39475539581117,122.512726
19,31,125,124.03955387247701,124.05049
19,32,125,121.58230046839492,120.64564
19,33,125,122.51231827765116,123.43537
19,34,125,124.01136461771173,122.726295
19,35,125,122.82165356434528,124.142006
19,36,125,120.03477317382581,122.32491
19,37,125,122.66721588492192,121.492805
19,38,125,122.24031327396092,122.397224
19,39,125,118.08093873035762,118.46118
19,40,125,120.65989126895391,122.23538
19,41,125,118.93991453035213,119.24152
19,42,125,124.0571106112839,124.90376
19,43,125,123.55918158391418,122.304924
19,44,125,121.37402057978517,124.19562
19,45,125,120.93094555259377,120.48325
19,46,125,124.67201653461726,125.34857
19,47,125,122.97636679498618,120.34478
19,48,125,121.93631947992505,121.736824
19,49,125,116.61586322395847,121.82281
19,50,125,123.8470429867153,125.68859
19,51,125,121.95500265008971,125.01832
19,52,125,123.66553719929892,122.8264
19,53,125,120.38673635200998,122.2235
19,54,125,120.7321093325272,121.019104
19,55,125,124.51425091716148,126.14644
19,56,125,122.18092531930864,120.84707
19,57,125,122.8754779262942,122.14621
19,58,125,120.70953876941749,119.574776
19,59,125,119.63016220312183,121.4044
19,60,125,121.37266680683395,121.54806
19,61,125,124.27731473295597,124.7303
19,62,125,122.4893766854987,121.47737
19,63,125,115.67311813632298,120.36265
19,64,125,120.3295287937142,119.87422
19,65,125,124.46283855237782,124.32758
19,66,125,118.25489775439839,115.62376
19,67,125,116.729467766193,118.1852
19,68,125,122.76644786425216,122.97393
19,69,125,115.7526505810106,119.09839
19,70,125,121.47617552533391,124.255135
19,71,125,120.64785451954306,122.352066
19,72,125,121.08812603966022,116.51493
19,73,125,117.3773018871028,116.856384
19,74,125,118.7309728697536,117.40387
19,75,125,117.34553618977428,122.08959
19,76,125,114.90476225882982,115.71012
19,77,125,121.25034727249654,124.85643
19,78,125,118.3659679166977,120.16016
19,79,125,122.45627243715349,120.000145
19,80,125,119.0576809415227,117.89364
19,81,125,121.03978498927395,119.54309
19,82,125,121.07347481636175,119.9478
19,83,125,111.07422653438189,113.61353
19,84,125,118.96182762021252,116.394066
19,85,125,110.96641541718219,114.16535
19,86,125,115.30316082914646,118.98877
19,87,125,116.29359989577148,118.1555
19,88,125,118.79801469815864,117.7118
19,89,125,120.13966600859965,121.415825
19,90,125,120.90051178503498,121.871315
19,91,125,117.14254846720645,121.450874
19,92,125,115.97593596500083,111.034355
19,93,125,118.6997594749925,119.28167
19,94,125,115.7204149098314,118.09
19,95,125,119.16834271991992,119.39186
19,96,125,117.59186566088674,112.85983
19,97,125,116.58154098670285,116.69807
19,98,124,119.67215660458666,119.3061
19,99,123,112.69699128546773,114.43522
19,100,122,114.61911070775469,117.8656
19,101,121,115.61436832445911,113.80318
19,102,120,121.73829788886513,122.993675
19,103,119,112.83715612813566,119.792366
19,104,118,104.91411009453003,101.234245
19,105,117,122.12664991390704,118.0972
19,106,116,104.26477199779994,103.62815
19,107,115,108.63190272165383,108.51436
19,108,114,113.03305052497846,116.6904
19,109,113,107.15200499275967,118.03439
19,110,112,117.78369225963698,117.54616
19,111,111,108.93122136525274,112.21887
19,112,110,115.65839188128902,121.83932
19,113,109,114.25490804783593,112.984406
19,114,108,115.02181294160488,115.8655
19,115,107,110.40932046232321,111.53687
19,116,106,115.11023770614575,115.6292
19,117,105,111.04453119584527,111.87672
19,118,104,113.18491045363558,112.53275
19,119,103,110.4471423905223,115.804115
19,120,102,115.65134077383428,117.881256
19,121,101,113.59659017604817,114.22758
19,122,100,115.00825114185727,117.26383
19,123,99,116.6294008623471,118.15866
19,124,98,112.54252548442999,112.15751
19,125,97,107.55147308459527,106.9445
19,126,96,117.81997178954305,115.71174
19,127,95,110.08422525394417,115.57395
19,128,94,109.06645293427901,102.121445
19,129,93,106.82698010196998,105.32817
19,130,92,108.6391226122169,106.98782
19,131,91,107.93003204787696,103.64973
19,132,90,106.0573284028018,110.44486
19,133,89,108.47875980229793,110.85408
19,134,88,113.53267380142121,112.048325
19,135,87,113.32963955209334,105.086754
20,1,125,107.86133201058199,105.47129
20,2,125,105.32444270023502,104.25775
20,3,125,117.5289986233859,118.244415
20,4,125,113.58323341641932,111.23262
20,5,125,107.552118871601,110.749855
20,6,125,105.29531673706512,113.408356
20,7,125,119.60606832169864,120.01682
20,8,125,110.13710525024393,112.88052
20,9,125,111.16843476592061,114.840675
20,10,125,108.92045757517101,115.57182
20,11,125,109.84273064264782,111.02835
20,12,125,109.47830744642306,109.662285
20,13,125,115.68970316913537,114.5584
20,14,125,120.10814420741707,119.456856
20,15,125,110.64129318616986,108.48957
20,16,125,118.0552758019842,116.43515
20,17,125,113.45424240613109,111.08313
20,18,125,117.47681510203353,117.165855
20,19,125,111.33173786728352,108.40665
20,20,125,104.63785822271534,105.28618
20,21,125,119.58401187074399,118.3807
20,22,125,109.47394719732236,113.392456
20,23,125,106.48109792688845,101.4292
20,24,125,114.70705363541471,111.08923
20,25,125,111.684556665678,114.34967
20,26,125,110.00783291897748,120.20804
20,27,125,104.8147464805733,104.12069
20,28,125,106.68062068918235,110.20094
20,29,125,110.02338293263807,106.73849
20,30,125,108.97919011579329,110.37577
20,31,125,116.57066364323327,115.72269
20,32,125,94.87787433862432,98.60113
20,33,125,113.08670007209072,112.251915
20,34,125,116.19714455829431,117.92651
20,35,125,117.70487292405939,114.6738
20,36,125,118.24547924858612,117.46797
20,37,125,116.30688938518203,114.85184
20,38,125,106.79674894386709,108.68566
20,39,125,109.06558452013131,107.32746
20,40,125,119.03501435483129,117.98386
20,41,125,116.78512159617424,115.78463
20,42,125,112.8753115576885,115.9339
20,43,125,119.25912116834053,116.46826
20,44,125,106.03801804679176,106.583244
20,45,125,119.71685834059477,118.1243
20,46,125,115.29432007110816,113.65838
20,47,125,108.79603855551281,109.57546
20,48,125,101.26814108669112,107.900986
20,49,125,110.98548586876646,110.29174
20,50,125,99.83711354743446,109.32893
20,51,125,103.26112220705727,101.8467
20,52,125,114.79047120089614,115.97764
20,53,125,109.98586822059134,117.216484
20,54,125,101.05763082318452,109.4661
20,55,125,110.19474277425057,108.74844
20,56,125,110.87013643175418,104.141624
20,57,125,122.68515074149921,121.49713
20,58,125,106.01446868944149,108.99175
20,59,125,112.38878355847791,109.73147
20,60,125,118.02704804309124,120.340416
20,61,125,118.29681816109745,115.72208
20,62,125,109.90998523165138,107.5455
20,63,125,99.80049418189702,103.41122
20,64,125,110.04570944797393,110.48189
20,65,125,111.5532576321762,111.58172
20,66,125,113.70604174637839,108.91968
20,67,125,115.19398825325264,117.900505
20,68,125,95.22249624060152,92.70986
20,69,125,104.55600743750234,104.12626
20,70,125,120.03283226660322,118.583725
20,71,125,115.70873103213712,113.19946
20,72,125,93.39369047619049,90.86663
20,73,125,100.92846470532642,104.07401
20,74,125,109.00483408682437,115.266754
20,75,125,106.10055976430979,105.70751
20,76,124,110.68920935834683,109.79368
20,77,123,113.7557790222174,111.442215
20,78,122,101.59873626967493,104.949974
20,79,121,116.82681928521934,116.706024
20,80,120,98.72817758570005,97.14602
20,81,119,95.15474496068101,102.3272
20,82,118,113.42052524219929,111.03458
20,83,117,115.69457485974029,114.40857
20,84,116,108.36817747812034,104.66151
20,85,115,105.83449488325968,102.28905
20,86,114,108.25153198411503,111.44571
20,87,113,101.7748381682095,104.493614
20,88,112,105.87092744381226,107.501274
20,89,111,97.31997786561882,100.32636
20,90,110,89.77406328856327,96.182205
20,91,109,103.20159631763723,107.03941
20,92,108,100.16955292874341,100.62387
20,93,107,100.12653873038107,102.72294
20,94,106,97.6914375030113,100.846924
20,95,105,104.75884958224513,101.57176
20,96,104,110.27749493484579,103.571625
20,97,103,106.77223727147629,103.464455
20,98,102,108.9754193437109,102.85498
20,99,101,99.8280117651483,97.53789
20,100,100,104.46705900474967,100.17241
20,101,99,114.52425425760353,113.99712
20,102,98,88.4142854441664,97.0713
20,103,97,110.91887244934081,109.98076
20,104,96,95.75853578120305,98.197586
20,105,95,92.12029485474973,101.45579
20,106,94,101.14967800243495,101.29092
20,107,93,98.29600519645112,98.77059
20,108,92,103.93352588778795,105.21627
20,109,91,111.10782756054473,115.25189
20,110,90,101.4448580509681,105.360214
20,111,89,109.8856844927648,112.06514
20,112,88,71.90750744638657,69.38872
20,113,87,101.64313575036076,102.08618
20,114,86,93.51701179332724,93.37411
20,115,85,104.80235581704467,103.5544
20,116,84,100.16462446040023,103.22157
20,117,83,95.31126103403541,91.05853
20,118,82,109.34279375712329,107.84068
20,119,81,100.90562206647516,101.62194
20,120,80,95.32029769661172,94.27845
20,121,79,93.27943550932258,99.41102
20,122,78,100.66432145791089,96.53846
20,123,77,98.52461755357196,97.51351
20,124,76,94.6790057007703,98.46344
20,125,75,95.82107925903416,91.82173
20,126,74,78.6482403618105,82.51545
20,127,73,87.219676854083,79.9393
20,128,72,88.92293614824092,84.073364
20,129,71,91.45363711732901,99.3109
20,130,70,87.28051380471376,84.38013
20,131,69,74.9167773622075,70.896805
20,132,68,86.18275501302439,91.15918
20,133,67,94.34152758984467,91.272644
20,134,66,89.77426797780602,89.86141
20,135,65,103.14764484171714,102.11952
20,136,64,88.2199004053103,92.84015
20,137,63,90.63738926098436,93.93437
20,138,62,90.58116299435446,84.83709
20,139,61,96.87346963825375,88.7372
20,140,60,106.27280935625733,107.39957
20,141,59,88.93016130002017,87.66585
20,142,58,88.81284087052003,83.89492
20,143,57,71.49816816468676,73.7551
20,144,56,78.87341435182526,83.62794
20,145,55,83.23765079365079,82.12592
20,146,54,93.68924490668458,91.7736
20,147,53,63.69044617565671,64.2784
20,148,52,75.25189542744839,68.3764
20,149,51,79.72950811369753,73.95172
20,150,50,75.60634208732354,71.966965
20,151,49,63.25481945504276,59.35173
20,152,48,75.21572089947091,70.58396
20,153,47,59.153425264550265,57.947155
20,154,46,65.7294417989418,63.465565
20,155,45,62.50467216117217,60.56774
20,156,44,45.93820187220186,37.293297
20,157,43,77.06318549105218,74.13844
20,158,42,56.00130158730158,46.86844
20,159,41,63.19211001580119,66.04697
20,160,40,72.69279156057495,66.99136
20,161,39,70.06665365033288,64.35471
20,162,38,45.06989862914862,41.661156
20,163,37,65.39146480136311,57.823563
20,164,36,62.27626142376146,54.352253
20,165,35,73.11480353399224,61.729057
20,166,34,58.15300722425724,49.601402
20,167,33,59.61264367114367,58.11944
20,168,32,33.57376058201058,32.418724
20,169,31,40.2460303030303,39.50359
20,170,30,36.80743769768642,34.078808
20,171,29,40.60180738705737,44.58466
20,172,28,38.03405555555555,36.84096
20,173,27,50.71357539682539,42.077854
20,174,26,38.98981746031746,37.13066
20,175,25,39.20788756613759,36.747078
20,176,24,30.701451058201055,30.310366
20,177,23,46.72411507936508,43.575413
20,178,22,32.607283496732016,30.52286
20,179,21,20.245717772967772,23.363768
20,180,20,21.122244498557002,22.308773
20,181,19,27.125223184223184,27.884073
20,182,18,21.611053872053866,19.027367
20,183,17,10.345855980531033,11.386118
20,184,16,19.060839947089946,23.789358
21,1,125,121.63327050976484,122.54078
21,2,125,124.76344309279392,127.428276
21,3,125,124.16913976092265,126.591805
21,4,125,120.00475365915806,123.347404
21,5,125,121.01614021261773,119.557396
21,6,125,122.2118430454808,121.12819
21,7,125,122.98093093685796,126.94932
21,8,125,117.9478854031931,121.33532
21,9,125,124.84472583453474,127.45592
21,10,125,123.86510997299115,124.55173
21,11,125,124.19624726458439,123.53992
21,12,125,123.74903303521894,120.481445
21,13,125,122.1848370263881,124.0346
21,14,125,120.54868363332527,124.58033
21,15,125,117.44813120290179,120.86801
21,16,125,124.51962640006447,124.76446
21,17,125,121.5313758608265,121.73337
21,18,125,121.0436993899034,119.824295
21,19,125,123.04453676496581,122.06171
21,20,125,120.2045161473388,119.31742
21,21,125,117.69705443091661,122.07165
21,22,125,124.5808850603183,124.36762
21,23,125,123.19859796237783,125.539085
21,24,125,121.30495355158676,120.31705
21,25,125,121.65548776115405,123.6602
21,26,125,124.39367901611828,125.50814
21,27,125,122.95616470124143,122.82908
21,28,125,124.51068510058614,124.28791
21,29,125,121.04270833032648,121.89475
21,30,125,122.90648970331036,122.524315
21,31,125,124.72745916015509,124.61701
21,32,125,121.14940669658334,120.26128
21,33,125,109.09278300233707,114.89922
21,34,125,123.6151393438152,121.61899
21,35,125,122.01277025856146,116.08401
21,36,125,121.92190021064144,122.075424
21,37,125,124.67152386129035,125.04506
21,38,125,124.70770647157265,123.774635
21,39,125,124.80794157382128,127.87695
21,40,125,119.1114674929539,120.333244
21,41,125,118.59196169037925,120.44316
21,42,125,122.80163146116477,124.38525
21,43,125,117.73765934863184,117.71304
21,44,125,122.82723568804626,122.3072
21,45,125,120.91384248672581,120.41668
21,46,125,118.94098827282845,119.80733
21,47,125,123.25089465436797,122.04064
21,48,125,122.48423410861506,124.56377
21,49,125,120.6252643515855,123.63718
21,50,125,121.76152892577964,121.53092
21,51,125,123.69808980054675,124.62982
21,52,125,120.46318069869555,119.038445
21,53,125,122.4769251276095,123.96313
21,54,125,123.13983741295873,122.57396
21,55,125,122.66946466972932,123.111374
21,56,125,123.89574295973229,121.09253
21,57,125,124.38585161341463,123.607254
21,58,125,124.36824790869008,124.87564
21,59,125,116.08490532995599,112.488495
21,60,125,115.37857273258072,119.96888
21,61,125,114.40630908169585,120.60622
21,62,125,119.80674715062001,118.99924
21,63,125,122.25640025557828,125.356125
21,64,125,120.72558587431806,120.031975
21,65,125,122.54341239306876,123.21478
21,66,125,123.48303712339887,125.23045
21,67,125,119.49840956644468,120.92896
21,68,125,123.25099334046776,120.20261
21,69,125,123.07455277074713,121.574
21,70,125,121.15455234433892,122.60699
21,71,125,120.10375580369822,124.77201
21,72,125,122.88597483446223,121.60055
21,73,125,123.66821329664214,122.94895
21,74,125,122.81496960138573,122.33932
21,75,125,121.18463507882817,124.03242
21,76,125,122.57884397142826,122.97023
21,77,125,119.6462919132396,122.04982
21,78,125,122.9484785072597,124.43267
21,79,125,120.70770297654131,122.03383
21,80,125,120.77550668797373,119.819855
21,81,124,122.53461351200126,122.60242
21,82,123,119.82168338468061,119.39569
21,83,122,114.41641721605578,107.48691
21,84,121,119.28738860922208,121.239876
21,85,120,120.43192694469951,121.41216
21,86,119,121.14712006880055,123.751434
21,87,118,116.19792214380645,114.93334
21,88,117,112.04240166958851,117.00929
21,89,116,122.3397554723049,123.12749
21,90,115,120.38691014254114,119.1109
21,91,114,123.34565084856156,123.78981
21,92,113,116.0335112086878,113.78595
21,93,112,122.43041438472156,121.157745
21,94,111,117.9701280256469,122.61749
21,95,110,117.49306664408343,121.30418
21,96,109,118.41357279952584,115.13661
21,97,108,121.59010298527333,120.12894
21,98,107,121.83051377531662,120.291695
21,99,106,120.57888606537652,118.931526
21,100,105,115.20838169562424,113.450005
21,101,104,112.72266735879059,115.82471
21,102,103,115.32011945333328,118.384735
21,103,102,120.21551398164013,119.6665
21,104,101,123.57634488340248,122.75115
21,105,100,119.57445996421556,117.168304
21,106,99,122.14989969509499,120.50693
21,107,98,106.83048046063696,110.38291
21,108,97,120.93043665951562,121.515854
21,109,96,110.38894808054421,116.95141
21,110,95,109.7616374013657,113.603546
21,111,94,108.18704074069716,107.72037
21,112,93,113.4838738519783,114.242516
21,113,92,115.17664972286441,114.94481
21,114,91,113.85651680600347,113.447784
21,115,90,121.93442016077242,121.77048
21,116,89,112.82140777566973,113.642746
21,117,88,116.42075415091068,112.617004
21,118,87,112.2664727849034,113.29819
21,119,86,111.900860239302,112.399414
21,120,85,114.30498299418036,115.87458
21,121,84,104.25704302934196,104.53015
21,122,83,97.15885259304869,92.34851
21,123,82,117.21069616701163,113.454636
21,124,81,102.53121638848172,100.40887
21,125,80,94.87419866871481,94.05757
21,126,79,113.23258494636801,111.41559
21,127,78,105.52889494234552,107.273575
21,128,77,105.4019722076865,106.29257
21,129,76,109.64424192555408,113.31204
21,130,75,110.5487140835529,113.69313
21,131,74,97.03683709808709,106.030624
21,132,73,84.80707669303322,87.69902
21,133,72,101.00383766233762,107.01063
21,134,71,97.62296145124718,98.42912
21,135,70,100.85853439153436,96.37987
21,136,69,99.91348298460798,95.187126
21,137,68,91.15757275132275,91.78648
21,138,67,97.08727807172251,103.79018
21,139,66,86.30842857142856,90.0726
21,140,65,80.03396693121691,81.36486
21,141,64,83.94294348244348,83.99754
21,142,63,73.75855687830686,75.75842
21,143,62,72.73041320716322,79.070625
21,144,61,85.8829962722463,85.38465
21,145,60,85.48801190476189,87.58316
21,146,59,74.5042486772487,72.707405
21,147,58,68.20431746031744,68.12576
21,148,57,66.82846488696495,66.71905
22,1,125,111.97445146994245,110.86102
22,2,125,116.73887318416523,121.41855
22,3,125,111.81826348435366,105.21818
22,4,125,112.97839805171881,113.33649
22,5,125,113.78860698673508,111.49999
22,6,125,122.42961623935604,122.39351
22,7,125,114.34809040751155,114.14913
22,8,125,115.45620343759714,121.99075
22,9,125,119.05053257469672,112.79639
22,10,125,115.59129315685612,119.81071
22,11,125,122.96308689515004,122.966835
22,12,125,118.7235266961355,117.502396
22,13,125,108.0609637671071,114.86692
22,14,125,119.96123737601299,115.37609
22,15,125,120.31389462399677,119.33592
22,16,125,117.66150454494819,118.01689
22,17,125,120.30495471146287,121.701004
22,18,125,112.78632183627475,111.52389
22,19,125,113.58156002447082,113.27224
22,20,125,117.41582921938706,124.2067
22,21,125,112.75641741646274,108.66146
22,22,125,117.53161434539703,111.89756
22,23,125,105.26791696310089,106.33036
22,24,125,120.34595665211161,125.09736
22,25,125,104.37741168260435,115.75265
22,26,124,117.80276198070436,113.4147
22,27,123,108.80340794441749,110.14376
22,28,122,120.17027375236954,116.94048
22,29,121,119.29169797531979,126.52863
22,30,120,112.6659126828176,113.61652
22,31,119,113.05492621342702,108.82331
22,32,118,118.30977465934346,117.23907
22,33,117,113.1788449241412,114.32222
22,34,116,112.92218749986709,114.81972
22,35,115,115.76128785998038,117.80004
22,36,114,114.10150715934297,111.58901
22,37,113,113.2266792315267,116.154274
22,38,112,122.45450886099825,121.511566
22,39,111,116.50813240994148,116.15185
23,1,125,123.98901495447552,126.747986
23,2,125,123.27916657304233,125.63951
23,3,125,124.97257959837263,126.79386
23,4,125,124.68372121973977,125.825836
23,5,125,122.80045071472152,125.77858
23,6,125,124.64249460113004,126.41259
23,7,125,124.12841094930913,125.04276
23,8,125,121.34253225061768,123.17325
23,9,125,123.58180325834583,123.83856
23,10,125,124.9170429103228,126.2251
23,11,125,124.87185765688292,126.859505
23,12,125,124.8486671285112,126.37147
23,13,125,122.23206739447991,122.51067
23,14,125,123.03178530714257,124.194664
23,15,125,124.88313558702168,127.121056
23,16,125,124.36314341486718,125.284386
23,17,125,116.35064648084425,120.47841
23,18,125,123.55377723245445,126.13404
23,19,125,124.91183621391639,125.94292
23,20,125,124.92253246808218,124.40274
23,21,125,122.83064134176689,126.36329
23,22,125,123.16895833407236,124.0104
23,23,125,124.22544621780737,123.399376
23,24,125,122.53717542837643,124.21194
23,25,125,124.00643059353347,127.16288
23,26,125,122.52517464204364,121.5818
23,27,125,119.39206996815294,119.159256
23,28,125,118.87859755255343,115.02988
23,29,125,117.79485984886945,115.77942
23,30,125,124.69497191928424,124.500114
23,31,125,123.40499025140244,122.8297
23,32,125,123.14297688490177,125.52988
23,33,125,124.49851613881951,123.981514
23,34,125,124.87054351602218,125.17358
23,35,125,122.74914044722154,125.288765
23,36,125,118.7754490510415,120.91654
23,37,125,123.4206726919333,123.84452
23,38,125,124.87696157811132,127.226555
23,39,125,122.10663172540924,122.89253
23,40,125,122.01972417624958,122.23265
23,41,125,124.27017532488324,121.81252
23,42,125,122.96588947808104,118.964645
23,43,125,122.85395364552637,122.051865
23,44,125,123.77902238435182,124.35575
23,45,125,124.70874062587708,126.36199
23,46,125,124.84784201144178,125.53977
23,47,125,122.18369613051254,124.438835
23,48,125,124.74975051550805,124.759865
23,49,125,122.01391490866375,121.322075
23,50,125,123.69722413397889,120.980034
23,51,125,119.20273674997732,124.89564
23,52,125,124.08691093062555,122.90003
23,53,125,122.89008721055296,120.38028
23,54,125,116.41311427148952,120.70105
23,55,125,124.6329549898885,124.07227
23,56,125,124.3851143802833,125.4581
23,57,125,124.98337761214076,127.78166
23,58,125,120.84734869689423,122.0014
23,59,125,123.74408795499536,122.64387
23,60,125,123.39384255853479,127.83792
23,61,125,121.23849461171298,122.24031
23,62,125,122.48626609379495,123.91898
23,63,125,120.43432633775241,123.17405
23,64,125,124.94781138369031,126.27239
23,65,125,124.93787727433997,126.02135
23,66,125,119.67545233793481,121.38801
23,67,125,123.84971486378284,124.577225
23,68,125,119.91426312881141,121.53935
23,69,125,123.78792730689479,126.19909
23,70,125,123.32983679724985,124.38836
23,71,125,121.93044184379379,121.17088
23,72,125,118.54909711442973,119.67126
23,73,125,122.67773609081868,125.60861
23,74,125,123.23396514871322,123.993805
23,75,125,124.51677114410457,125.282005
23,76,125,123.26224965909523,123.361595
23,77,125,122.27606028382873,122.950584
23,78,125,117.75531185026101,119.79695
23,79,125,124.30120271212468,127.090614
23,80,125,117.59532059230274,114.9353
23,81,125,124.40232866374782,123.315575
23,82,125,124.54685857919465,124.7151
23,83,125,119.01853352289909,114.53989
23,84,125,123.54601631987433,124.49628
23,85,125,124.54723867319365,123.868744
23,86,125,121.71890509325169,123.4344
23,87,125,123.20278010087817,121.64397
23,88,125,123.13994021052106,120.36196
23,89,125,123.7171086583776,124.83615
23,90,125,119.81521102896639,122.02144
23,91,125,118.34543482862158,123.26164
23,92,125,124.06824470833531,123.09623
23,93,125,123.39400699547593,122.85785
23,94,125,120.41529087058566,121.52111
23,95,125,121.22401767996735,120.445114
23,96,125,123.74141300418819,123.49001
23,97,125,120.74075153369577,124.59045
23,98,125,121.81692035582918,122.34782
23,99,125,122.5564944716525,124.565636
23,100,125,120.97854039207715,122.72596
23,101,125,123.80047456030435,127.0001
23,102,125,118.13622129272471,118.46634
23,103,125,120.41863998380386,118.11458
23,104,125,122.66436249090725,124.394844
23,105,125,118.806692164295,123.56891
23,106,125,118.69967539746159,121.33775
23,107,125,122.46400451789088,120.007545
23,108,125,122.44079024732504,122.68637
23,109,125,120.98132710509621,120.04787
23,110,125,122.21231869892691,121.446205
23,111,125,117.16406659316114,119.256966
23,112,125,117.87988952936918,118.56663
23,113,125,122.64598097418052,122.535736
23,114,125,121.26564651088925,117.9695
23,115,125,123.9388950636923,123.986206
23,116,125,121.77853209330414,124.377
23,117,125,121.41665251969721,119.53164
23,118,125,124.35105032362353,125.689705
23,119,124,121.1533755812891,121.429214
23,120,123,116.14141806998435,119.75013
23,121,122,123.08139067459521,123.06444
23,122,121,122.11308957771338,122.851166
23,123,120,119.5007659899184,123.0729
23,124,119,119.24340499760144,117.42956
23,125,118,118.62124735872827,115.4503
23,126,117,119.72319952038956,118.22653
23,127,116,119.45128938386101,120.47261
23,128,115,120.48425495051357,123.85708
23,129,114,124.55245033118217,124.08987
23,130,113,121.94686948599335,120.82866
24,1,125,124.79043849203777,125.36953
24,2,125,123.49044991078867,125.47411
24,3,125,123.8551864192402,122.6003
24,4,125,123.9129207170737,125.686455
24,5,125,122.21925547095935,125.55927
24,6,125,124.39429135161691,124.13857
24,7,125,124.75133391512021,127.38571
24,8,125,124.27797926351518,124.21232
24,9,125,124.30974131683735,124.33852
24,10,125,123.82671581120516,122.97064
24,11,125,124.41404110621401,126.59416
24,12,125,124.17389658412314,125.524994
24,13,125,123.77834811687727,123.238014
24,14,125,123.89839507753878,125.04975
24,15,125,124.28822044852608,125.46467
24,16,125,120.52175051627744,120.10004
24,17,125,124.87282310456499,125.70293
24,18,125,123.61937560194232,123.28356
24,19,125,124.13469453790603,127.063
24,20,125,121.80654107531775,120.76671
24,21,125,124.21980912729103,123.900276
24,22,125,124.35555640358187,126.21692
24,23,125,122.6435291316381,124.84271
24,24,125,122.31391131569585,124.77679
24,25,125,121.08241978833325,118.65566
24,26,125,122.3060717283355,122.68011
24,27,125,124.52885079509778,126.29214
24,28,125,122.94245448174445,127.06254
24,29,125,123.53911691640523,124.664246
24,30,125,117.1061111108452,121.42638
24,31,125,124.10719905778885,120.739975
24,32,125,122.19058513728982,119.452866
24,33,125,123.16983015686623,124.41614
24,34,125,115.63038823791234,117.995186
24,35,125,124.37981163855099,123.95251
24,36,125,123.4517677560005,125.72654
24,37,125,115.15041545520818,125.145874
24,38,125,121.73919491723424,119.12436
24,39,125,122.52859906804149,125.83164
24,40,125,120.49088536065261,121.780304
24,41,125,124.6834124929586,125.05376
24,42,125,124.00150685755322,125.53322
24,43,125,116.84764191122592,114.67223
24,44,125,124.31512779632389,126.63926
24,45,125,123.51738021409913,123.9902
24,46,125,124.31397649094089,124.86431
24,47,125,124.51789568340374,126.09926
24,48,125,124.5612992551875,127.0031
24,49,125,122.66325401683677,123.10632
24,50,125,104.16007200022804,115.231155
24,51,125,123.00285643270513,126.04624
24,52,125,123.03628250891309,121.58697
24,53,125,124.83708490896602,125.05483
24,54,125,123.34421889595396,124.38715
24,55,125,124.0352060884019,126.15917
24,56,125,123.57366619858549,121.7242
24,57,125,124.4115783155101,123.62263
24,58,125,122.21895608106739,123.22905
24,59,125,124.71671624874104,125.51716
24,60,125,121.62815797454755,119.880295
24,61,125,124.38972712707722,123.53871
24,62,125,115.08528270786869,120.23099
24,63,125,119.73398884244625,119.889626
24,64,125,113.63879492167793,121.954994
24,65,125,121.19466519637368,124.59501
24,66,125,120.5674509548565,122.42609
24,67,125,123.52759299559882,125.37144
24,68,125,121.87271620271572,121.99589
24,69,125,118.04718691544544,118.18282
24,70,125,117.92463668577597,121.42363
24,71,125,119.80645164693742,119.28621
24,72,125,122.68688344831396,122.90805
24,73,125,124.39465975386283,125.289154
24,74,125,124.06621619068721,122.80584
24,75,125,121.76151125925931,120.67608
24,76,125,123.01910707381137,124.980835
24,77,125,124.18563558313048,123.06635
24,78,125,119.69921940194169,122.721245
24,79,125,113.4705261119283,120.175415
24,80,125,107.75869761916384,119.21967
24,81,125,115.61645278403677,121.32537
24,82,124,117.90846216437329,123.13744
24,83,123,117.09686032695647,126.11566
24,84,122,122.78851481709836,121.93767
24,85,121,114.83465344834957,115.047585
24,86,120,111.40180380963946,115.98019
24,87,119,118.51597954033845,118.80051
24,88,118,120.46164281990711,120.13221
24,89,117,108.89322545981932,105.09517
24,90,116,120.30370862926468,117.3054
24,91,115,121.54902703906541,120.66027
24,92,114,115.80112997660694,115.857216
24,93,113,117.67543635552863,118.38725
24,94,112,116.77422215338275,119.50019
24,95,111,119.61625906960435,117.36461
24,96,110,117.49522077978004,115.23727
24,97,109,114.34622239746126,118.05774
24,98,108,109.39338764798735,112.27349
24,99,107,119.14545604923721,112.74415
24,100,106,90.52926623376622,95.40796
24,101,105,121.87235905186346,124.22846
24,102,104,111.35913813383,122.31211
24,103,103,116.59200155991435,114.17305
24,104,102,113.05158676536855,108.27019
24,105,101,115.29768456136522,115.84984
24,106,100,121.23364425319781,119.00141
24,107,99,108.46321919273248,110.77248
24,108,98,115.29730343097164,115.22449
24,109,97,112.6660598429194,117.10559
24,110,96,98.89104785954783,100.90599
24,111,95,121.83534602415506,124.39079
24,112,94,95.37261507936506,105.47843
24,113,93,105.15250321519456,101.87843
24,114,92,108.52384641273358,113.331
24,115,91,89.47703339947094,94.97854
24,116,90,106.72158423240246,109.26649
24,117,89,116.73235622206431,114.01791
24,118,88,88.08743915343915,92.078
24,119,87,105.71515431316647,106.30419
24,120,86,92.03662698412701,86.16664
24,121,85,108.68608353993478,107.35785
24,122,84,95.7321714098658,100.48894
24,123,83,103.30758930084254,111.60478
24,124,82,99.68430976430977,93.1953
24,125,81,111.42104401400844,108.2212
24,126,80,94.10009656084661,90.716675
24,127,79,76.91223280423281,74.601715
24,128,78,92.90659788359785,92.35355
24,129,77,84.355041005291,88.97175
24,130,76,80.21550793650795,77.446014
24,131,75,76.268712962963,72.84687
24,132,74,85.28490476190473,86.10834
24,133,73,72.29477705627708,73.91482
24,134,72,84.00608730158727,88.405945
24,135,71,70.27931084656083,71.99921
24,136,70,80.16658658008659,79.579254
24,137,69,77.1699232804233,81.20088
24,138,68,73.29149206349207,74.934395
24,139,67,66.77275529100521,65.687256
24,140,66,63.900677757427744,61.46846
24,141,65,75.124534992785,77.14656
24,142,64,66.45932275132276,63.81312
24,143,63,58.470935693935694,64.18537
24,144,62,64.59011243386237,62.02953
24,145,61,64.02565262515259,70.53221
24,146,60,57.0003849206349,53.95738
24,147,59,68.45137433862433,68.71328
24,148,58,52.14209523809522,63.703712
24,149,57,50.344371693121694,47.700172
24,150,56,57.0328192918193,64.68644
24,151,55,52.22149134199134,54.219006
24,152,54,51.748561207311226,50.955894
24,153,53,55.43222089947092,58.487976
24,154,52,51.85725772375774,49.9995
24,155,51,52.64461014911016,49.983128
24,156,50,49.403415945165904,57.300896
24,157,49,61.95006878306877,59.118504
24,158,48,45.45381349206345,45.671463
24,159,47,46.934207671957665,46.499996
24,160,46,44.79512698412699,52.87303
24,161,45,44.981583333333326,44.357082
24,162,44,42.9919476911977,42.05855
24,163,43,40.55699206349206,38.031933
24,164,42,36.64377248677248,44.63667
24,165,41,43.1058492063492,45.325676
24,166,40,41.89086640211638,35.108543
24,167,39,42.279111111111085,42.544468
24,168,38,36.16771428571426,36.973293
24,169,37,34.72904761904762,41.324295
24,170,36,33.81647330447329,37.782574
24,171,35,34.67668783068784,35.72217
24,172,34,31.89507142857144,29.120752
24,173,33,29.519416666666675,24.101326
24,174,32,32.095484367484374,29.426744
24,175,31,29.7485582010582,37.077827
24,176,30,34.29442460317461,35.21899
24,177,29,30.31370370370371,31.420353
24,178,28,28.248814814814803,26.511906
24,179,27,24.289757936507954,26.377537
24,180,26,25.36828042328042,26.092436
24,181,25,23.684160052910055,27.429062
24,182,24,22.68939417989417,18.681248
24,183,23,23.693974867724865,21.358227
24,184,22,22.70388095238095,26.11588
24,185,21,18.6077261904762,15.679685
24,186,20,21.873921957671957,23.364227
25,1,125,112.17802099610066,117.84168
25,2,125,122.37702530911928,123.90187
25,3,125,118.31310381040744,117.14168
25,4,125,115.30970861735635,113.21858
25,5,125,110.09948429334916,115.75346
25,6,125,123.83126078140177,124.839455
25,7,125,122.3418856959311,120.42163
25,8,125,119.94108657057089,112.53194
25,9,125,117.61341012736455,120.315094
25,10,125,110.39114935265525,108.58022
25,11,125,118.33707864288587,121.16587
25,12,125,121.387706667338,120.92437
25,13,125,121.86192690682782,123.03292
25,14,125,122.03938612887028,123.204506
25,15,125,119.19008842707788,117.00382
25,16,125,122.90136857308484,123.207596
25,17,125,122.83265888635569,122.89066
25,18,125,105.93773850181879,109.8469
25,19,125,121.00154909318607,121.052765
25,20,125,120.80351109810678,125.3889
25,21,125,117.83629753715063,120.057945
25,22,125,115.57772431830072,111.56381
25,23,125,123.49401274167151,120.52497
25,24,125,117.22568432849351,115.06576
25,25,125,120.48159488861813,116.70733
25,26,125,122.55808512876334,121.325264
25,27,125,121.46085720374528,120.023026
25,28,125,114.75538772408576,113.66189
25,29,125,117.4856745137618,119.108765
25,30,125,122.45590507217453,118.86118
25,31,125,119.48797940661564,121.1769
25,32,125,118.86060966213573,119.095436
25,33,125,121.66433770047324,125.47889
25,34,125,118.29904802805466,119.719055
25,35,125,118.33342312739093,119.60304
25,36,125,119.67955942671543,119.17998
25,37,125,118.22551382915535,123.64908
25,38,125,120.960752787008,121.082985
25,39,125,120.04391700234439,117.01092
25,40,125,115.22912737091556,112.50695
25,41,125,118.98538346911874,115.50377
25,42,125,117.53021293538055,116.667244
25,43,125,122.58109346081434,124.44208
25,44,125,115.63393580765131,126.4883
25,45,125,114.62069871202759,116.15229
25,46,125,113.26660754807106,115.43495
25,47,125,122.64076710428017,120.30847
25,48,125,116.97839454071978,120.908264
26,1,125,117.28356812740931,120.55464
26,2,125,122.44158051019093,122.35197
26,3,125,121.58621527447569,118.894
26,4,125,117.36031141439943,116.43133
26,5,125,114.47420735874456,116.988396
26,6,125,115.69038581351721,116.72954
26,7,125,120.04119688912301,119.03025
26,8,125,119.69752520156457,121.2186
26,9,125,115.34864330352805,112.52879
26,10,125,122.38659817620244,120.89331
26,11,125,124.10286474383398,126.64253
26,12,125,118.75903859247794,115.57496
26,13,125,117.0720876664234,120.01215
26,14,125,115.83951623319294,120.076515
26,15,125,109.85541452627372,113.83402
26,16,125,116.00587817566293,117.40605
26,17,125,118.16662131644235,120.10834
26,18,125,115.9629561174584,117.513275
26,19,125,115.2207135107985,115.87402
26,20,125,117.16623993189523,114.41837
26,21,125,114.43881425939641,115.778786
26,22,125,122.4158329435996,121.62196
26,23,125,113.30947406042664,120.49121
26,24,125,118.76558384556748,120.031075
26,25,125,121.20446739153917,119.594734
26,26,125,107.69384760692931,112.74045
26,27,125,109.36632386258265,110.19236
26,28,125,116.10825412599887,119.95977
26,29,125,120.6126639020157,120.067924
26,30,125,117.56655647655066,120.40582
26,31,125,117.01653753046625,118.29414
26,32,125,119.90823214639317,120.245705
26,33,125,120.25972133020946,118.33033
26,34,125,98.52457343431196,99.9867
26,35,125,120.20977509368105,118.72001
26,36,125,122.15386888122288,119.7017
26,37,125,108.12995129531988,113.2475
26,38,125,119.71585585450077,122.25522
26,39,125,115.5700034790522,117.36476
26,40,125,110.71237615741892,102.49032
26,41,125,116.65179487874565,117.484856
26,42,125,119.63716907830576,116.10491
26,43,125,120.19078898419721,121.59241
26,44,125,118.00063599080747,114.23436
26,45,125,114.66541869777856,114.73116
26,46,125,122.00068328403586,121.89971
26,47,125,116.92085518778389,121.43229
26,48,125,121.92577147504045,123.658745
26,49,125,115.92108201068496,113.03714
26,50,125,104.17009431271299,99.61456
26,51,125,123.84510454424375,123.71166
26,52,125,123.49013098127146,121.237404
26,53,125,108.89575069914443,113.44861
26,54,125,107.14466264166545,111.12491
26,55,125,117.47825921518229,117.185394
26,56,125,122.71901880812811,120.286476
26,57,125,115.90590524510762,115.066895
26,58,125,113.29470989535926,111.74942
26,59,125,114.74547408395175,114.42374
26,60,125,119.07725026849738,115.92509
26,61,125,109.60597810158566,111.10117
26,62,125,121.42730580478538,121.17195
26,63,125,113.71699621706544,118.115654
26,64,125,106.49135409313362,113.28385
26,65,125,117.84649278072483,114.02728
26,66,125,106.18983403615678,104.69192
26,67,125,93.26066311612362,95.339
26,68,125,118.1804098981126,107.56609
26,69,125,116.6340833362228,114.97843
26,70,125,117.86437022729564,114.91498
26,71,124,104.79952151586346,114.7543
26,72,123,117.45600614388786,119.80044
26,73,122,115.93810428047713,118.166466
26,74,121,105.94536435444783,104.92479
26,75,120,106.24878740464804,114.06208
26,76,119,105.82058786244092,108.865616
27,1,125,124.83289118424776,125.71304
27,2,125,123.06658648394937,122.44665
27,3,125,122.31405428240913,122.43878
27,4,125,119.00592993135429,116.59377
27,5,125,115.41723531143128,121.232956
27,6,125,117.03750335862011,122.738106
27,7,125,123.94911933434938,125.00028
27,8,125,124.48523266264615,124.641945
27,9,125,122.46358881067897,126.061745
27,10,125,124.52435783585929,123.69475
27,11,125,116.15725955221723,118.08681
27,12,125,122.64433745330912,124.35955
27,13,125,121.5235291065546,123.128334
27,14,125,123.2450805338003,125.53457
27,15,125,124.16669204250674,126.71729
27,16,125,124.61853877568635,124.93093
27,17,125,124.46319309503633,123.34665
27,18,125,123.09941588492453,124.74695
27,19,125,123.4435443712118,125.56859
27,20,125,122.69167264483436,115.30242
27,21,125,122.65177994113806,123.74439
27,22,125,124.57700607232674,127.073395
27,23,125,118.28495192341386,122.888214
27,24,125,123.2813761013661,122.48551
27,25,125,123.11188915883515,125.05793
27,26,125,124.24768421039437,123.11259
27,27,125,124.51515875389322,124.60669
27,28,125,123.33484315349402,121.264534
27,29,125,120.51190809262228,123.11433
27,30,125,124.7173488592687,125.9061
27,31,125,124.50926457995887,125.63485
27,32,125,123.47243508772699,123.7651
27,33,125,122.38484336405661,124.43227
27,34,125,121.41566847889933,118.63113
27,35,125,124.23382259195508,124.41144
27,36,125,122.83402885986487,124.51124
27,37,125,118.64228723054342,120.38829
27,38,125,116.53330855907065,120.54221
27,39,125,124.2610917549422,124.91935
27,40,125,117.76232161475401,120.43195
27,41,125,124.03695669783639,124.617455
27,42,125,124.97963148067798,124.806244
27,43,125,121.25278261304166,123.87203
27,44,125,123.34912942962299,124.74583
27,45,125,122.05060799481204,121.81396
27,46,125,122.79778635894016,119.578514
27,47,125,124.57406090005219,121.091484
27,48,125,124.68146652027002,125.90374
27,49,125,121.98358800585399,123.15515
27,50,125,124.46475149919478,125.610115
27,51,125,121.65905625693888,121.49798
27,52,125,122.49165690910064,122.21522
27,53,125,120.25104473030952,114.28262
27,54,125,124.3517405774784,122.43919
27,55,125,111.71952707823893,120.1034
27,56,125,124.70176946475472,124.749245
27,57,125,123.51134108045778,125.67788
27,58,125,124.29049491585047,124.357994
27,59,125,123.16771922255938,126.60529
27,60,125,123.79970884335977,122.61537
27,61,125,122.82394755726905,125.6284
27,62,125,124.17881220576007,125.45093
27,63,125,120.77877552491071,125.25046
27,64,125,120.82370090548709,122.03547
27,65,125,124.42605018591043,126.18825
27,66,125,123.17587944640732,123.30534
27,67,125,121.56466363086983,120.45976
27,68,125,123.05584080086827,121.39711
27,69,125,112.31326420650215,114.2225
27,70,125,121.75602356999494,121.38227
27,71,125,120.2807119451793,122.233376
27,72,125,120.0114970293855,119.897644
27,73,125,120.09074458456952,125.972206
27,74,125,122.24243746257093,120.822556
27,75,125,120.11335550595209,117.36048
27,76,125,121.96328941394427,123.32867
27,77,125,120.59701086283162,121.77719
27,78,125,123.29994397234616,120.59332
27,79,125,124.31331570034703,125.44182
27,80,125,119.35954396161493,121.7608
27,81,125,120.24839151714482,117.09503
27,82,124,118.86160104101718,113.62075
27,83,123,119.7421139357467,117.66304
27,84,122,124.03773612759646,123.8187
27,85,121,123.40231900176846,121.6838
27,86,120,114.29422582712968,118.10109
27,87,119,121.01929003944043,124.799065
27,88,118,120.57050209405305,122.16846
27,89,117,120.73901581798401,121.35153
27,90,116,121.8015510371098,120.03731
27,91,115,118.39640025985689,125.88864
27,92,114,119.69097466085455,122.3841
27,93,113,120.20599172610981,116.247505
27,94,112,119.43545162904013,120.237656
27,95,111,124.46852290118484,124.76629
27,96,110,121.75950121199811,122.225395
27,97,109,120.44908481785838,120.14879
27,98,108,114.0211118022465,112.17117
27,99,107,113.22595222981906,114.80062
27,100,106,121.33610772557458,121.83231
27,101,105,123.08901506960261,124.530205
27,102,104,119.41393397617685,121.96832
27,103,103,117.85133243230327,120.52659
27,104,102,116.77604975177942,118.89531
27,105,101,123.04150706308188,124.573235
27,106,100,120.28863277205215,118.56495
27,107,99,116.54863341103832,119.5473
27,108,98,123.43538990904545,121.58812
27,109,97,117.62331841904223,115.06389
27,110,96,124.06825695933956,120.543846
27,111,95,118.3092984176024,120.06535
27,112,94,110.35352906849911,106.54559
27,113,93,118.91082345162029,118.98282
27,114,92,109.27157386804865,113.253815
27,115,91,111.54715147124838,110.68327
27,116,90,119.14377134850083,118.34048
27,117,89,115.88468498632389,118.57281
27,118,88,120.16619307760948,117.96967
27,119,87,117.16385647621993,113.46404
27,120,86,118.33218372121652,118.02134
27,121,85,111.52186090462199,108.757576
27,122,84,121.66395941376288,123.88539
27,123,83,118.10951728995644,117.31884
27,124,82,103.4192878989809,104.601006
27,125,81,115.07930142000205,117.82203
27,126,80,112.85842516644475,112.39598
27,127,79,106.96644133716958,113.384445
27,128,78,116.99487090572634,122.25594
27,129,77,110.7630361719096,118.50094
27,130,76,115.78301902300059,114.95837
27,131,75,116.59993658588802,110.8609
27,132,74,113.68628717529316,122.19989
27,133,73,113.33539017578215,114.15374
27,134,72,120.63462284594827,115.28948
27,135,71,104.38086158994324,112.09073
27,136,70,112.21741648074853,111.872246
27,137,69,120.75475161762957,121.864845
27,138,68,120.74705282783249,119.99202
27,139,67,118.16209695203415,115.93909
27,140,66,113.4751273117847,112.53347
28,1,125,119.93443779590731,116.23437
28,2,125,120.46362526078788,119.54455
28,3,125,113.85791682080989,118.325264
28,4,125,122.52741313181905,121.57337
28,5,125,121.45515054284205,118.363785
28,6,125,119.32590571869841,122.42902
28,7,125,113.58858916900091,97.859665
28,8,125,120.99673021651026,118.58076
28,9,125,115.60390290794477,117.966705
28,10,125,116.4159054069376,112.99033
28,11,125,115.68464979301821,116.17609
28,12,125,122.2533170617975,126.68826
28,13,125,117.89417075778915,120.33566
28,14,125,115.31844844645389,115.66845
28,15,125,114.69890621119562,114.75585
28,16,125,115.16376987224542,119.18713
28,17,125,119.043250388154,117.600296
28,18,125,118.13508258446375,116.59249
28,19,125,119.51733916055933,111.72389
28,20,125,115.77565265781608,117.574356
28,21,125,118.64123948302898,117.09018
28,22,125,118.33486083238543,120.989105
28,23,125,119.99071836199482,123.38875
28,24,125,122.12157262936576,126.81308
28,25,125,120.40011452875025,121.91239
28,26,125,116.81445739777094,121.6486
28,27,125,109.8289169118525,114.962875
28,28,125,114.93987165617368,108.69219
28,29,125,120.05674880507223,121.69364
28,30,125,115.08139353488204,116.470436
28,31,125,113.65204458648276,113.2313
28,32,125,119.57389647749702,115.60754
28,33,125,118.35461578379181,118.51524
28,34,125,123.09045416032166,118.04019
28,35,125,122.92050287895664,123.53041
28,36,125,115.88411122102133,117.4577
28,37,125,120.54274882898082,113.10125
28,38,125,120.28361897052584,118.27766
28,39,125,121.35469402823115,126.82367
28,40,125,115.8677856361846,110.09193
28,41,125,120.78361588624134,121.84097
28,42,125,114.38292752959278,115.9487
28,43,125,122.80991833058576,121.6931
28,44,125,120.43277971271799,121.74775
28,45,125,118.26246986423003,116.89197
28,46,125,116.498288839995,116.09117
28,47,125,111.81045203956054,112.56847
28,48,125,121.50324271937224,121.54775
28,49,125,111.93002188179896,120.02661
28,50,125,116.94935637152165,113.857414
28,51,125,117.93444084902794,118.773834
28,52,125,114.68184230499962,112.247505
28,53,125,120.50998081290233,117.64551
28,54,125,116.21223425924295,118.66889
28,55,125,115.34216605700249,119.85991
28,56,125,117.09902136378861,123.518875
28,57,125,122.10669207124124,119.643394
28,58,125,116.44162894367648,116.47647
28,59,125,118.079221540332,119.586296
28,60,125,117.78387713973908,111.878075
28,61,125,112.11097940138035,109.46589
28,62,125,118.72516450559749,116.32466
28,63,125,117.81996587212556,114.38592
28,64,125,114.3193985046324,117.46868
28,65,125,116.23593235230774,121.84058
28,66,125,118.7837761780234,116.70252
28,67,125,120.50537683282747,120.81368
28,68,125,120.6290600188753,126.480385
28,69,125,114.95431234327843,111.21974
28,70,125,115.02522074031062,117.74506
28,71,125,120.13830234664417,114.766045
28,72,125,119.10901518771146,117.82415
28,73,125,115.91672221921267,114.688545
28,74,125,113.71408173160397,116.10142
28,75,125,118.99581761822446,121.90443
28,76,125,119.16346334171622,119.67964
28,77,125,116.31924667316896,117.3168
28,78,125,120.91052085932739,115.52178
28,79,125,121.07111098925617,119.18259
28,80,125,116.35146094949583,115.183846
28,81,125,117.45997776534774,116.55399
28,82,125,112.59548457368018,113.520805
28,83,125,113.03484861936646,113.95446
28,84,125,115.72091259157952,115.274155
28,85,125,121.50980152545125,121.550835
28,86,125,116.25149912327285,116.73133
28,87,125,115.15629062696799,108.76348
28,88,125,111.98910902134965,116.05606
28,89,125,118.23167959341673,113.99853
28,90,125,114.76652226872925,123.63319
28,91,125,116.36079010107264,112.97231
28,92,125,114.95290144101855,114.89341
28,93,125,116.42069757714897,118.24678
28,94,125,119.39993335717656,116.68297
28,95,125,117.69259966210319,121.17384
28,96,125,91.71970722962543,84.19296
28,97,125,114.23705398314945,117.40369
28,98,125,109.414577940177,106.6838
28,99,125,111.23871196849502,117.92449
28,100,125,112.21224835092883,108.833115
28,101,125,117.59061700793767,118.158936
28,102,125,111.85982346538614,117.42393
28,103,125,107.72636715418403,110.70215
28,104,125,112.08132089111663,116.06533
28,105,125,120.56000249613484,119.779655
28,106,125,110.11510442253258,108.33286
28,107,125,117.77906552929412,115.17731
28,108,125,104.84186373444346,103.183685
28,109,125,100.63141962850688,109.274025
28,110,125,102.58158081030827,99.70775
28,111,125,112.12372268629575,107.174
28,112,125,115.24789167108152,118.14088
28,113,125,109.7233348182599,110.68572
28,114,125,116.58784123862011,120.94408
28,115,125,119.07975809497015,122.73859
28,116,125,113.02403043966152,110.08936
28,117,125,107.45830599811802,114.115204
28,118,125,104.77500532859356,105.32259
28,119,125,104.79622056250413,104.71165
28,120,125,109.00666662141475,114.228455
28,121,125,109.11257907215321,102.51897
28,122,125,113.02034668761763,109.94991
28,123,125,117.2090934962535,120.2514
28,124,125,98.81953246163559,96.13066
28,125,125,108.32223401576026,98.111084
28,126,125,106.6254030191517,113.55227
28,127,125,109.30015886224113,106.04873
28,128,125,108.43642717696395,92.79048
28,129,125,112.33986426469514,114.03534
28,130,125,108.46416037965284,109.100174
28,131,124,114.04721865681257,112.68488
28,132,123,114.6961286300479,118.2692
28,133,122,110.1914474241048,115.25507
28,134,121,117.11718294458083,116.343185
28,135,120,105.13790421879968,108.60333
28,136,119,86.53984283223885,88.756355
28,137,118,113.7794936285558,114.59663
28,138,117,109.86471617120192,109.11697
28,139,116,110.83718288703449,116.53552
28,140,115,109.74625387495774,107.704124
28,141,114,105.47980701573103,108.702515
28,142,113,108.48071551971468,110.01729
28,143,112,92.00693720536883,100.383995
28,144,111,97.55816141405984,93.182396
28,145,110,105.94560088456974,99.49509
28,146,109,104.90894474334401,105.82224
28,147,108,111.73786982043566,114.74263
28,148,107,91.60116005291006,85.25059
28,149,106,102.22746817271677,93.49179
28,150,105,95.44934425460211,98.16672
28,151,104,99.01935713311109,101.755936
28,152,103,93.24368742965089,103.42998
28,153,102,113.62163941321528,122.05344
28,154,101,108.71970105035142,107.84473
28,155,100,87.12675891177537,87.82004
28,156,99,104.43965746250116,108.897
28,157,98,100.64775978168291,103.24694
28,158,97,88.46591438430936,91.72332
29,1,125,121.75353343257981,120.71983
29,2,125,120.87642129817401,122.47453
29,3,125,123.68641846861743,123.508545
29,4,125,118.68491368498415,116.634
29,5,125,120.17851231661577,121.69375
29,6,125,123.46341054492724,122.75103
29,7,125,114.99736296692699,115.714134
29,8,125,124.14939958055659,122.07086
29,9,125,124.18998261204149,123.588104
29,10,125,124.06831738554632,124.25282
29,11,125,112.72273028442125,117.18391
29,12,125,122.05623945010694,119.05668
29,13,125,112.58918090473533,108.29877
29,14,125,117.61772660535479,119.16655
29,15,125,119.22833631003351,118.89981
29,16,125,124.51396953565018,124.29873
29,17,125,120.0915961096376,122.484
29,18,125,118.5078534819973,119.41415
29,19,125,123.17352356426049,124.58775
29,20,125,118.7842126753683,118.86775
29,21,125,119.02871131252849,116.60884
29,22,125,111.66081687806208,112.065506
29,23,125,121.48872033046919,123.08879
29,24,125,120.34757237492003,117.93784
29,25,125,117.76437365807911,117.39913
29,26,125,119.58819592806113,117.307465
29,27,125,113.4429246937542,117.93115
29,28,125,118.23469552690035,114.67346
29,29,125,122.18787218445893,120.932076
29,30,125,114.98993230655044,120.74756
29,31,125,121.90473379906284,122.97979
29,32,125,120.85461149101602,121.43893
29,33,125,117.6401152007523,116.040306
29,34,125,122.23512729728806,122.56441
29,35,125,118.83845020552354,120.31826
29,36,125,120.71977742256185,121.09857
29,37,125,119.55689661588286,121.89049
29,38,125,121.89782516993245,121.93414
29,39,125,119.85057732637283,124.05905
29,40,125,118.02587336768156,119.99064
29,41,125,114.33071522269199,118.54123
29,42,125,113.22473390360727,115.18557
29,43,125,120.39314315099374,121.69573
29,44,125,121.22152410875643,122.95971
29,45,125,124.09294605763284,123.02211
29,46,125,118.54359629786003,121.83744
29,47,125,116.992893486517,124.00448
29,48,125,111.90934694582924,119.30477
29,49,125,114.66759058138089,117.11385
29,50,125,118.18216487352164,112.97336
29,51,125,118.15427728850288,114.19449
29,52,125,121.97671760659551,115.12178
29,53,125,117.015857054989,117.1851
29,54,125,119.96984281877269,120.20727
29,55,125,114.79835435633662,109.71582
29,56,125,122.6364606484122,119.55182
29,57,125,117.16897075488647,117.406395
29,58,125,114.03466098738012,118.105286
29,59,125,120.62438159850448,120.42301
29,60,125,113.70904076159978,118.34689
29,61,125,122.29994489792924,121.12818
29,62,125,119.39057429873156,121.24519
29,63,125,122.26611465738084,120.38974
29,64,125,119.74723083493666,121.70645
29,65,125,117.89135637615271,114.74486
29,66,125,118.09570151757026,118.71163
29,67,125,117.67205254554717,122.01966
29,68,125,115.05745887551979,120.27441
29,69,125,116.63797691057344,115.841225
29,70,125,114.97640085850033,118.14602
29,71,125,119.3148749161427,116.215576
29,72,125,120.00676233275934,118.23249
29,73,125,121.01386261547329,119.717255
29,74,125,116.20956981436701,114.81662
29,75,125,123.18834715807189,123.56883
29,76,125,114.83562263339506,117.85975
29,77,125,107.76580174343052,116.282005
29,78,125,107.24821998699579,105.72552
29,79,125,117.56373672689503,112.48326
29,80,125,115.69529733101854,116.601944
29,81,125,117.38868633482477,113.97419
29,82,125,121.63117867971445,121.44729
29,83,125,121.89617300135123,122.03166
29,84,125,121.26162135098254,118.93741
29,85,125,105.39509695824513,103.84927
29,86,125,122.73612743807523,120.80414
29,87,125,110.8095264769048,112.20356
29,88,125,115.49981137008427,120.582825
29,89,125,116.46166725953857,119.47063
29,90,125,117.18872565391311,116.86694
29,91,125,113.49051225837478,111.46834
29,92,125,117.40253235734548,118.407196
29,93,125,120.21255771710993,122.75809
29,94,125,115.94107494165895,118.66376
29,95,125,113.81239813278283,120.08067
29,96,125,114.63375815731308,119.96558
29,97,125,108.13123593814898,114.2163
29,98,125,120.51793038385637,117.29422
29,99,125,120.27779773242449,119.317116
29,100,125,114.93786753641717,113.62827
29,101,125,110.06307163506484,110.991776
29,102,125,111.44264906886652,115.982544
29,103,125,118.33782867723467,118.2425
29,104,125,121.63150407362157,123.52381
29,105,125,119.79118418044631,120.11648
29,106,125,116.07358196086822,113.41058
29,107,125,119.77029389895945,122.60838
29,108,125,117.0919443556779,119.0349
29,109,125,116.96462544187705,117.64626
29,110,125,111.2612908095896,113.750656
29,111,125,119.20861211390341,114.692566
29,112,125,113.44405942046059,112.36322
29,113,125,109.80708004355799,109.03955
29,114,125,116.01291729476941,117.46946
29,115,125,117.9112734060153,111.696655
29,116,125,116.90998533317824,118.07553
29,117,125,115.03827098807565,116.38563
29,118,125,111.80548796090137,109.98417
29,119,125,105.75690865196616,106.70138
29,120,125,112.89011095081992,114.126976
29,121,125,115.27530390808934,116.68854
29,122,125,108.29300311614675,114.092384
29,123,125,105.51164364382205,108.88847
29,124,125,114.7855399396182,113.65731
29,125,125,113.97043547516928,110.560524
29,126,125,111.46343065917073,109.89632
29,127,125,110.94270833267323,110.6843
29,128,125,102.7031882017089,91.60636
29,129,125,116.0891917292316,117.88068
29,130,125,105.3842157674438,101.36729
29,131,125,111.44294966633744,109.32928
29,132,125,107.70863584157192,107.806404
29,133,125,96.26338986651972,104.645706
29,134,125,120.06290875492792,114.99288
29,135,125,98.9746369047619,100.083855
29,136,125,94.45371743953218,100.94077
29,137,124,104.14888393883885,108.60676
29,138,123,99.41001072076072,105.07197
29,139,122,96.53744773678697,95.23909
29,140,121,102.27596661998136,98.594795
29,141,120,115.24234232913264,115.16258
29,142,119,97.11439952876094,97.67938
29,143,118,112.92554629393831,109.82009
29,144,117,97.51466728316652,94.4341
29,145,116,108.3931037633575,99.68355
29,146,115,87.94605048167152,97.024925
29,147,114,92.9770685876959,94.450775
29,148,113,97.59540732015553,104.25459
29,149,112,98.6013801033739,106.35768
29,150,111,109.40581594813966,113.0523
29,151,110,98.13922616393266,95.832054
29,152,109,84.66733321308324,80.21657
29,153,108,109.25674467892154,112.79557
29,154,107,92.4506823972324,95.28203
29,155,106,90.85573453749316,86.01635
29,156,105,89.83799327717237,95.513916
29,157,104,101.91420809178524,105.31083
29,158,103,111.64243357898594,113.48701
29,159,102,101.04465780559786,104.46153
29,160,101,89.48995377873268,89.13523
29,161,100,86.6366826953004,93.08048
29,162,99,87.83371581196583,79.36325
29,163,98,92.55344705988453,95.739555
29,164,97,89.57928391652523,90.82422
29,165,96,102.62902925117038,97.96619
29,166,95,85.73765921115924,91.24868
29,167,94,96.4485396543156,102.15406
29,168,93,88.7674785372522,85.607155
29,169,92,93.74734247234248,97.07856
29,170,91,92.03067869167869,97.74866
29,171,90,95.90057052353109,97.94864
30,1,125,110.77890743981933,119.71978
30,2,125,117.75564574889162,124.15642
30,3,125,117.34875792148263,112.11586
30,4,125,112.66797361890933,123.3576
30,5,125,122.63408836121715,126.31842
30,6,125,99.39124011990165,110.30505
30,7,125,112.43339057087343,119.20919
30,8,125,107.84169940716353,114.94235
30,9,125,118.64472595573908,115.07782
30,10,125,121.66559158176099,121.63882
30,11,125,118.63707936509782,121.77964
30,12,125,122.72901110008772,123.17848
30,13,125,119.99278689043899,118.76155
30,14,125,113.31448866475245,117.4438
30,15,125,113.0081111173438,119.48931
30,16,125,116.41840865298121,108.11641
30,17,125,119.61185065240805,118.42554
30,18,125,118.06370411022795,120.51672
30,19,125,117.87107109092891,114.19149
30,20,125,114.73581981308239,114.49685
30,21,125,113.18622798651899,116.25976
30,22,125,121.10732278721082,121.88167
30,23,125,117.03736473587361,108.38513
30,24,125,120.4733034961857,120.44056
30,25,125,115.97328916424806,109.01162
30,26,125,118.20677399715858,126.546684
30,27,125,110.93216947957025,116.48474
30,28,125,118.72904753071074,121.64668
30,29,125,122.55656143864512,118.74127
30,30,125,118.03921554830124,120.21283
30,31,125,117.99604661537921,123.18999
30,32,125,119.46213169671174,112.733986
30,33,125,117.61159812565724,122.9541
30,34,125,116.50464795431346,114.29952
30,35,125,119.86342481446067,122.670654
30,36,125,121.4930525893702,116.69927
30,37,125,112.70954146801591,122.47128
30,38,125,113.91488213056745,122.39207
30,39,125,114.81537313637435,116.54069
30,40,125,116.87736797564675,113.789055
30,41,125,112.77696310151866,114.66707
30,42,125,116.46397697482176,111.63866
30,43,125,116.97571828896362,118.98755
30,44,125,110.07818217780331,114.29305
30,45,125,118.28650473519681,118.22494
30,46,125,108.56068449460513,103.77235
30,47,125,119.58033553921783,123.10689
30,48,125,120.26194717891283,117.54923
30,49,125,121.07090715006173,120.759605
30,50,125,113.0883822620563,114.0546
30,51,125,106.27887900750012,115.58848
30,52,125,107.20154810380829,114.03368
30,53,125,117.1595265987316,114.10005
30,54,125,106.83725201537341,113.573845
30,55,125,119.76116157975528,109.59924
30,56,125,120.49097369247114,123.737236
30,57,125,117.87262279648105,118.28627
30,58,125,118.89845809897454,116.76017
30,59,125,119.22802415240805,119.54447
30,60,125,103.60257474447309,107.97333
30,61,125,96.32450926761614,92.83698
30,62,125,111.61773998522689,114.08062
30,63,125,120.94690494802288,116.648994
30,64,125,120.98110829805778,118.934395
30,65,125,115.06433433394544,117.35966
30,66,125,110.60093684989855,116.59848
30,67,125,118.06737676646426,116.335106
30,68,125,116.5562548841825,116.25668
30,69,125,117.84971507171474,122.37224
30,70,125,121.73301039250869,119.84108
30,71,125,119.09298157462197,115.396706
30,72,125,116.65629769560037,120.19126
30,73,125,113.07795920269838,107.94893
30,74,125,114.19998346550526,110.00961
30,75,125,112.52214738975066,118.69098
30,76,125,109.6971998024435,109.08291
30,77,125,120.59573502437483,119.036644
30,78,125,117.41821830024669,118.34572
30,79,125,121.45606038746902,120.42583
30,80,125,110.04021547242131,115.06338
30,81,125,87.57751813685505,99.40383
30,82,125,112.56021779066474,104.45807
30,83,125,110.80636996084625,114.200424
30,84,125,103.80678533848855,104.09086
30,85,125,119.55032597320174,116.099846
30,86,125,118.33691268233743,122.07343
30,87,125,117.06662515726926,113.92203
30,88,125,116.44135315874068,122.347496
30,89,125,119.88606144167667,121.70504
30,90,125,118.97387881000769,117.1907
30,91,125,120.550787183605,118.99134
30,92,125,116.58801652563234,122.32289
30,93,125,113.27054126091457,107.86793
30,94,125,108.38864930137288,105.209724
30,95,125,106.70377880879784,107.850876
30,96,125,120.38014032395273,117.92953
30,97,125,108.20778656870974,107.01659
30,98,125,105.23621227250439,111.76016
30,99,125,107.07312673900205,104.81202
30,100,125,109.47390074040881,109.02194
30,101,125,108.28198227167356,103.1715
30,102,125,107.04066062656065,107.28708
30,103,125,111.43851755845455,116.07033
30,104,125,111.63438895762258,117.70223
30,105,125,112.19008824825374,111.77224
30,106,125,105.96986689561797,117.4161
30,107,125,118.02921967751827,115.52716
30,108,125,111.49830321371776,117.39817
30,109,125,114.12435353719508,121.16839
30,110,125,103.71233714311887,101.55353
30,111,125,114.89844864767234,114.48258
30,112,125,88.3139013230841,79.56555
30,113,125,119.11881770136927,124.039215
30,114,125,113.18349193534617,123.23157
30,115,125,98.57803796679019,103.268265
30,116,125,104.26399138137273,98.87178
30,117,125,87.03965002987705,96.769714
30,118,125,106.48757004800616,106.25926
30,119,125,98.9814369496519,99.03803
30,120,125,88.6830024313334,89.45458
30,121,125,88.53486015782508,90.96269
30,122,125,118.35631249513776,113.3814
30,123,125,104.75385167252419,110.36584
30,124,125,103.63410169402158,112.7066
30,125,125,100.34745322386742,104.61682
30,126,125,103.79539025045504,104.67194
30,127,125,81.46525484436195,85.332344
30,128,125,73.24748941798947,74.73427
30,129,125,113.71200821517506,108.84644
30,130,125,115.34807353751455,115.75865
30,131,125,90.14807188162209,102.52488
30,132,125,113.7462264695444,103.58193
30,133,125,101.79089693829414,107.57745
30,134,124,109.74080592989255,105.44206
30,135,123,108.25371304217747,100.35686
30,136,122,102.7742356857655,98.59213
30,137,121,79.48650912855261,89.40497
30,138,120,62.8504986772487,63.617474
30,139,119,112.19637809629799,112.08143
30,140,118,95.97217487955282,100.98832
30,141,117,107.45709253514674,109.39198
30,142,116,93.20218025699015,95.05482
30,143,115,90.21564686079279,94.91213
31,1,125,117.07842587890424,115.25214
31,2,125,117.57325494433037,117.08115
31,3,125,108.91325093694127,110.54594
31,4,125,114.76223909822991,113.39816
31,5,125,120.7459587723691,118.65847
31,6,125,122.20887496207213,121.96753
31,7,125,121.26875896829918,119.37928
31,8,125,119.922846617463,117.75272
31,9,125,115.98010664021335,116.56058
31,10,125,119.8216104970434,119.490875
31,11,125,118.23408843895386,123.130486
31,12,125,115.33576448229707,111.81858
31,13,125,109.54302354131245,110.54992
31,14,125,119.87578056006629,118.88722
31,15,125,116.09178864584808,118.86691
31,16,125,112.20446118931102,114.50597
31,17,125,116.44114366903462,114.44622
31,18,125,120.36711018496254,124.41257
31,19,125,119.679221823327,119.62957
31,20,125,120.80251089142418,119.61901
31,21,125,110.06036704772627,114.32972
31,22,125,111.29864696017651,111.85005
31,23,125,118.35288602380473,117.33207
31,24,125,119.24492300711303,119.14841
31,25,125,111.27695830622679,112.00501
31,26,125,119.50022851967255,118.15095
31,27,125,106.01715264818993,101.95454
31,28,125,114.70137769850007,117.47908
31,29,125,107.15432226428372,110.47454
31,30,125,121.02084379820165,119.92357
31,31,125,118.82731517675046,120.73819
31,32,125,118.44280238571912,121.13478
31,33,125,110.77270833340226,112.16585
31,34,125,116.35804819896694,115.97567
31,35,125,115.57283016307633,110.26773
31,36,125,120.62932246994882,118.955215
31,37,125,113.78404354656801,114.43947
31,38,125,121.4017313268746,119.501465
31,39,125,120.02951074395375,123.328476
31,40,125,116.33714448567189,114.19393
31,41,125,110.21730875030876,115.77295
31,42,125,117.41421271666128,119.160324
31,43,125,120.60073173095729,118.868355
31,44,125,122.29201661183225,118.69494
31,45,125,117.78240010859513,112.315056
31,46,125,121.60369035559346,121.2583
31,47,125,117.07491064068769,119.42155
31,48,125,106.03856849143726,111.44061
31,49,125,119.52592701071224,112.37515
31,50,125,111.45348123564106,117.538605
31,51,125,122.88841957360513,120.35427
31,52,125,118.24087381926641,116.77435
31,53,125,111.14904083464302,112.65241
31,54,125,102.553313669545,105.309525
31,55,125,113.65540867597286,110.48723
31,56,125,112.8806245050703,108.64261
31,57,125,101.98269047619053,110.552505
31,58,125,108.35690042966803,108.93838
31,59,125,102.15398026919468,99.84591
31,60,125,116.90041364175336,113.234985
31,61,125,108.75090640779621,108.94958
31,62,125,120.18276747010493,118.602
31,63,125,107.30555765574026,109.52257
31,64,125,103.34389237442366,101.02782
31,65,125,105.29560003092145,112.86261
31,66,125,114.69790690228221,110.44455
31,67,125,108.84924205632247,112.31965
31,68,125,105.33365916081671,105.98251
31,69,125,103.0847877093264,104.9947
31,70,125,101.67248591838108,108.453514
31,71,125,116.17856672252574,122.56459
31,72,125,100.10685321846796,109.51717
31,73,125,110.86423522191585,108.87091
31,74,125,111.30745244433425,113.15928
31,75,125,113.57546231656384,120.6468
31,76,125,116.16949087060551,108.641884
31,77,125,114.24253927455216,112.21427
31,78,125,108.88021788451181,104.28061
31,79,125,107.76016527464503,105.53843
31,80,124,109.24251343042917,109.3545
31,81,123,101.78495093795095,105.60839
31,82,122,116.05015466024349,120.25265
31,83,121,106.29534772326444,102.84786
31,84,120,119.59537361922773,116.28131
31,85,119,109.45840041962651,101.579414
31,86,118,110.12576211563481,112.06622
31,87,117,99.83313756613755,101.33882
31,88,116,110.16528450625766,105.52978
31,89,115,104.77112589604141,103.04334
31,90,114,98.22427176527175,99.510086
31,91,113,85.13402777777779,87.43682
31,92,112,96.70409262091408,102.90368
31,93,111,83.464662922427,88.1276
31,94,110,95.04351348352958,96.31601
31,95,109,99.38780930661812,96.07178
31,96,108,101.01239103171969,96.69148
31,97,107,100.88210975592172,89.1631
31,98,106,103.40902722117026,104.87417
31,99,105,105.82218628504558,105.551605
31,100,104,98.33943253968255,109.329704
31,101,103,96.59516931216933,98.02108
31,102,102,88.48789635293205,79.10416
31,103,101,85.3632095494112,85.53778
31,104,100,79.73519266712533,80.89987
31,105,99,115.6574488005565,115.771866
31,106,98,89.87544444444447,95.25558
31,107,97,85.66145034595037,84.66623
31,108,96,96.0753060265352,95.49693
31,109,95,101.25839130022456,107.31597
31,110,94,104.42245538742804,105.772644
31,111,93,111.15925721939624,114.95346
31,112,92,84.17435740740738,92.34787
31,113,91,97.89861895249135,95.656105
31,114,90,106.96308597883602,105.009415
31,115,89,95.57546672771677,96.33565
31,116,88,85.20061832091119,89.06527
31,117,87,87.37170634920635,83.58473
31,118,86,81.32602793040293,78.85252
31,119,85,85.9058999902103,82.83285
31,120,84,88.72539460215177,93.40625
31,121,83,72.72486177248678,72.67024
31,122,82,85.44052910052909,80.03359
31,123,81,84.83001996151998,77.30874
31,124,80,97.44662164571,96.01916
31,125,79,89.66689898989898,86.82738
31,126,78,86.20205469612088,95.63102
31,127,77,83.19253571428573,87.19025
31,128,76,77.59740343915345,76.70219
31,129,75,86.6837767602768,88.56829
31,130,74,80.76666751572012,80.8035
31,131,73,82.32926851851848,78.2122
31,132,72,81.08207108064845,80.02519
31,133,71,92.01555880230879,87.46424
31,134,70,82.5362275132275,89.38153
31,135,69,71.42210681747446,64.63173
31,136,68,77.37071957671954,70.70919
31,137,67,70.92668316400318,71.39878
31,138,66,76.0887896047308,78.57935
31,139,65,74.50598412698413,76.17952
31,140,64,80.66302910052914,87.01453
31,141,63,74.91109006323288,70.991554
31,142,62,82.34043875870505,73.97539
31,143,61,72.43858585522499,74.96949
31,144,60,71.05152222765483,75.77473
31,145,59,61.641933050745585,57.183117
31,146,58,68.82643069345373,71.24106
31,147,57,75.27544986114107,74.91355
31,148,56,55.20868778202473,48.95851
31,149,55,61.49468755701518,60.525967
31,150,54,62.53443358876118,60.07802
31,151,53,64.92595502645506,65.681595
31,152,52,65.72068406593408,60.385834
31,153,51,55.97979151404151,60.01956
31,154,50,50.32744289164942,45.088272
31,155,49,67.94251449367623,65.62731
31,156,48,62.63361111111112,66.69527
31,157,47,53.1298412698413,50.974236
31,158,46,68.65063816738821,68.18047
31,159,45,51.3838664021164,50.95374
31,160,44,55.05728042328037,44.816566
31,161,43,46.38713756613757,44.511784
31,162,42,46.64714577089576,48.7358
31,163,41,52.9381233149161,46.094456
31,164,40,54.84454497354497,52.513687
31,165,39,54.79088173863175,54.396164
31,166,38,60.72598837038667,52.01386
31,167,37,46.12105158730159,44.329018
31,168,36,43.87862349687349,48.985153
31,169,35,39.844037037037054,39.613693
31,170,34,51.69783597883597,53.027092
31,171,33,42.01379761904761,40.297894
31,172,32,51.345613756613744,46.097195
31,173,31,43.51897832722833,41.109917
31,174,30,34.9353577509447,37.86761
31,175,29,50.078376984127026,47.513226
31,176,28,28.50120860566448,25.679781
31,177,27,38.31178805410275,42.74474
31,178,26,31.971981695840388,29.73487
31,179,25,16.263365079365084,19.902216
31,180,24,27.387674122174115,27.837685
31,181,23,26.96082275132276,24.397177
31,182,22,19.887609010270783,19.766459
31,183,21,31.7137799717368,28.311186
31,184,20,29.28801851851853,25.06214
31,185,19,19.46264319452477,18.721848
31,186,18,18.54441798941799,19.960552
31,187,17,19.123444444444438,19.313364
31,188,16,25.439224206349206,19.965248
31,189,15,27.762387246852764,25.42801
31,190,14,16.373838359788362,16.080168
31,191,13,22.76572883597884,25.47133
31,192,12,8.370708994708997,9.398054
31,193,11,9.461873015873014,9.168567
31,194,10,13.296425925925927,13.592187
31,195,9,17.468001322751334,17.347752
31,196,8,20.759681457431455,19.623497
32,1,125,121.1304941155183,124.426056
32,2,125,124.30001858730141,127.75487
32,3,125,123.67279015938395,125.107956
32,4,125,120.21747841698392,123.88876
32,5,125,122.95294647669985,125.2027
32,6,125,122.80781459543981,124.68602
32,7,125,122.34154479706854,122.22717
32,8,125,124.3304245345619,123.00614
32,9,125,122.13149384824204,121.36427
32,10,125,120.99649316861105,124.27062
32,11,125,123.43593295886235,123.88881
32,12,125,119.8893328442262,122.71116
32,13,125,122.56939808586111,123.31481
32,14,125,124.12112489727481,124.61175
32,15,125,122.88934617975191,124.139946
32,16,125,120.76331184026976,123.85592
32,17,125,123.24032137539129,125.206955
32,18,125,123.19115986633705,124.620346
32,19,125,124.31880603847385,126.4024
32,20,125,120.79746993800414,119.24583
32,21,125,120.15257661660985,126.866135
32,22,125,123.2493672160471,125.22233
32,23,125,122.0541956308627,122.25102
32,24,125,124.65059348075728,125.65418
32,25,125,113.43247721493775,118.00103
32,26,125,121.26523021250796,124.53605
32,27,125,120.2928646011253,123.769646
32,28,125,123.97608222933947,125.05982
32,29,125,122.55623760365658,122.153465
32,30,125,120.09062723623235,124.18585
32,31,125,123.22092885176882,125.21038
32,32,125,120.01087104460646,124.69284
32,33,125,124.35804861872612,126.32094
32,34,125,123.6071157275661,121.87562
32,35,125,124.65876721244041,126.043076
32,36,125,124.33910728964256,125.03984
32,37,125,121.63957448978113,123.33847
32,38,125,121.82662787181978,119.91467
32,39,125,124.20692381151522,124.10519
32,40,125,124.13483238769065,123.495995
32,41,125,124.63279643941668,123.881134
32,42,125,121.55155550188877,126.240036
32,43,125,123.15446793862631,122.44549
32,44,125,122.746667028835,125.50045
32,45,125,122.08571003170522,122.102684
32,46,125,114.69113849896205,115.90251
32,47,125,120.00836100503453,119.729866
32,48,125,121.62031569426402,123.72864
32,49,125,121.80361162021768,121.34835
32,50,125,124.4726292437297,126.01209
32,51,125,122.44163480015699,124.72945
32,52,125,124.29788219943315,124.080986
32,53,125,123.62709421983712,123.41121
32,54,125,124.13121749360275,123.23376
32,55,125,123.51080015256562,126.61015
32,56,125,117.06648292777012,119.61138
32,57,125,123.72336709423315,126.67986
32,58,125,123.92130425418026,124.35499
32,59,125,117.24959661864527,120.2563
32,60,125,121.77459732264892,120.39145
32,61,125,121.71928184338414,124.14271
32,62,125,121.88950875772173,120.26122
32,63,125,115.82504338306062,116.72836
32,64,125,124.22367149798042,125.52888
32,65,125,123.80881519331452,124.63265
32,66,125,109.0887904696222,112.18494
32,67,125,122.24391734812707,120.59469
32,68,125,118.09895500777367,121.01487
32,69,124,117.49966036422717,119.0704
32,70,123,114.70819858182301,112.58175
32,71,122,122.46826607051864,120.8824
32,72,121,120.3472033943912,124.63798
32,73,120,113.57538281825282,120.28973
32,74,119,111.69323997294669,113.4524
32,75,118,119.02560364243523,117.40002
32,76,117,121.49102686686905,119.92343
32,77,116,118.58440335640485,122.60964
32,78,115,118.7587867094122,120.4495
32,79,114,120.33261604444371,121.57923
32,80,113,121.40530501255414,119.80904
32,81,112,115.95931218844649,116.06515
32,82,111,120.0674481003768,123.2667
32,83,110,113.0838585711216,120.305824
32,84,109,118.31723960209371,121.364845
32,85,108,122.21653662839712,119.62088
32,86,107,120.3582207544641,122.22707
32,87,106,119.72062555147859,123.38862
32,88,105,122.64994431669405,124.13071
32,89,104,99.20540776815776,108.0227
32,90,103,121.55834834008432,123.01596
32,91,102,88.8814289321789,86.39056
32,92,101,114.0382431282706,115.51805
32,93,100,101.30055555555558,112.17119
32,94,99,114.49813344767036,117.57383
32,95,98,112.26278822684445,103.03572
32,96,97,119.49610747544905,118.07618
32,97,96,112.61144060084919,112.92385
32,98,95,96.96940740740739,94.357506
32,99,94,106.85018090455485,112.30469
32,100,93,103.98164156665374,106.701645
32,101,92,107.78931388375263,105.83351
32,102,91,105.11009126984126,102.799484
32,103,90,106.39920388943611,109.0948
32,104,89,88.74164285714286,93.18618
32,105,88,99.60408730158728,102.37339
32,106,87,89.29219179894181,93.10215
32,107,86,90.21834451659448,93.46376
32,108,85,97.18782575757575,105.64092
32,109,84,82.37877645502645,88.53525
32,110,83,112.7887102997361,115.4929
32,111,82,83.38907539682536,88.25708
32,112,81,93.52841269841262,97.28403
32,113,80,108.12849814471244,101.30309
32,114,79,92.89588294808719,102.93573
32,115,78,111.47075323483841,103.64096
32,116,77,106.45191257075501,109.13255
32,117,76,86.1107883597884,93.801544
32,118,75,104.75670238095238,91.45935
32,119,74,78.00900529100531,79.984344
32,120,73,78.65376455026458,75.53277
32,121,72,100.93074603174605,109.99171
32,122,71,88.7779656084656,90.24819
32,123,70,75.75050661375661,78.63614
32,124,69,78.54284788359784,76.37572
32,125,68,83.4175360750361,85.746376
32,126,67,85.87711111111112,87.95703
32,127,66,72.39777777777779,72.48495
32,128,65,80.11047619047618,77.67015
32,129,64,60.190153439153434,59.546864
32,130,63,69.92309574684575,65.74962
32,131,62,77.3114262866763,82.10184
32,132,61,65.09238095238094,63.93743
32,133,60,64.53565079365079,61.966274
32,134,59,78.66367328042332,73.00264
32,135,58,60.71760714285713,69.35324
32,136,57,56.72183597883596,56.960674
32,137,56,67.6084378306878,67.1605
32,138,55,55.78364285714285,64.06859
32,139,54,69.77770959595958,60.757057
32,140,53,70.20598015873014,70.6716
32,141,52,55.52167063492063,53.66189
32,142,51,50.17009054834053,55.50623
32,143,50,51.549337301587265,49.149734
32,144,49,54.64496428571428,51.776924
32,145,48,49.50983333333333,51.168575
33,1,125,100.66910850225965,101.5205
33,2,125,98.7707914851523,96.0207
33,3,125,103.78297132088036,103.0654
33,4,125,108.70437682785082,107.51618
33,5,125,107.58709104458995,108.863686
33,6,125,91.3100991100094,100.06389
33,7,125,100.99406781596441,98.532974
33,8,125,100.49468654678188,99.494995
33,9,125,102.35490801698963,101.78339
33,10,125,92.42793104897493,105.199844
33,11,125,86.73267705827648,86.490906
33,12,125,89.88790873015876,97.424225
33,13,125,94.45456126825933,93.060776
33,14,125,108.03730721886225,109.96348
33,15,125,101.28652933529297,99.46152
33,16,125,115.92273916184216,111.81283
33,17,125,103.86887232808625,114.87653
33,18,125,96.10612626912626,87.50218
33,19,125,80.76464421682414,96.34885
33,20,125,97.57703362919484,106.33142
33,21,125,92.41752420621916,84.23766
33,22,125,85.24582725422682,88.907745
33,23,125,94.91522369652131,85.03143
33,24,125,104.3890111342721,112.040504
33,25,125,110.51479743784004,110.14755
33,26,125,85.31138199665833,89.87276
33,27,125,105.48390929994015,112.84422
33,28,125,104.64384346588469,113.29272
33,29,125,95.43541553647984,104.034805
33,30,125,94.97754953979683,83.23964
33,31,125,85.51723489201026,86.17203
33,32,124,109.74196816165366,111.67223
33,33,123,94.1363101719144,89.927635
33,34,122,88.75415194386927,83.95703
33,35,121,102.44380006413343,94.79863
33,36,120,108.90637815573523,113.49158
33,37,119,109.97924603174606,106.22128
33,38,118,86.29030219780222,97.72131
33,39,117,84.78480423280426,89.617516
33,40,116,106.80523747611251,103.902756
33,41,115,98.9412757864558,105.820045
33,42,114,96.40874867724864,97.91988
33,43,113,85.95726048622363,102.50741
33,44,112,89.94178062234998,82.507286
33,45,111,92.25403636093918,92.130035
33,46,110,105.47135285193137,105.39861
33,47,109,104.6846871455116,102.31603
33,48,108,99.66673577909994,97.17778
33,49,107,94.93073392845004,90.99293
33,50,106,96.00343025786316,103.29334
34,1,125,123.59552309718005,125.39077
34,2,125,121.18616136561567,122.952515
34,3,125,121.7758387075489,122.25649
34,4,125,119.04746451602672,123.10554
34,5,125,117.60072661681222,120.48251
34,6,125,123.01035120115344,123.47721
34,7,125,124.3603245177036,124.12716
34,8,125,123.45561361895344,126.505554
34,9,125,124.10417769704009,124.68854
34,10,125,124.72069716247218,127.01803
34,11,125,123.21074776270892,124.7109
34,12,125,124.59951118499092,126.81315
34,13,125,124.79077526248327,125.399475
34,14,125,122.72278487015919,126.03224
34,15,125,123.81389596766465,124.53481
34,16,125,123.74613167946013,124.989716
34,17,125,123.79431831951047,125.76247
34,18,125,120.55065741775213,119.91922
34,19,125,120.44333381138168,124.14328
34,20,125,112.39367895894556,116.070114
34,21,125,124.35232862975181,127.452354
34,22,125,124.14233065135319,125.71841
34,23,125,123.28183986352956,126.50955
34,24,125,124.56148516725176,125.335724
34,25,125,123.53628326373737,125.29867
34,26,125,124.42235503001943,124.92353
34,27,125,123.70180653524832,123.43891
34,28,125,124.04789359195112,126.836006
34,29,125,123.66106529070302,122.5793
34,30,125,122.79962333712199,125.51596
34,31,125,123.96515354930952,124.437996
34,32,125,124.59999268557009,124.95565
34,33,125,119.49431879404857,119.72949
34,34,125,122.54550996048691,124.36242
34,35,125,124.16377825479768,125.40757
34,36,125,124.27219594649083,125.37464
34,37,125,119.86883188867937,121.492424
34,38,125,124.60877468099476,122.515594
34,39,125,117.36072066068695,122.11977
34,40,125,121.64023198034522,120.98015
34,41,125,122.00780798231273,120.41705
34,42,125,124.86378388371602,126.01368
34,43,125,121.22648823028355,122.346405
34,44,125,124.48595866239518,126.320435
34,45,125,122.83850317290572,126.33391
34,46,125,119.13652321121621,120.460625
34,47,125,121.5828712680709,123.17836
34,48,125,123.5662443567197,126.579895
34,49,125,122.49160804895398,121.5946
34,50,125,121.21740153615556,121.37792
34,51,125,124.54782102834021,125.889305
34,52,125,122.51036488876484,125.237236
34,53,125,117.43195974008236,118.649086
34,54,125,120.86088399416265,122.590126
34,55,125,121.86409225518861,123.7535
34,56,125,124.00199017966476,126.02933
34,57,125,122.20336320289144,121.60762
34,58,125,123.07558450824833,125.127556
34,59,125,121.75942108190051,119.41399
34,60,125,118.09083625091635,118.95236
34,61,125,121.17326151573609,120.7772
34,62,125,116.40833418223896,119.88239
34,63,125,123.91254615673482,122.659134
34,64,125,124.24668017406358,122.60684
34,65,125,124.51065009432098,127.51698
34,66,125,123.43189598477343,122.996506
34,67,125,120.67577235967656,118.12554
34,68,125,123.67039946224635,123.940186
34,69,125,121.88166587593875,118.93512
34,70,125,120.47016679639952,119.660995
34,71,125,123.0172217756471,120.46587
34,72,125,124.41228487642576,123.384605
34,73,125,123.22062037459189,122.401276
34,74,125,122.4230815361649,124.63439
34,75,125,124.32001811267774,124.32158
34,76,125,121.97591894031672,118.1183
34,77,125,122.94462054808317,121.22626
34,78,125,122.19565934638342,120.76809
34,79,125,124.16033476729552,123.74512
34,80,125,123.59555016048641,125.485374
34,81,125,123.3379479431893,124.01129
34,82,125,118.98330523541009,122.51413
34,83,125,122.13773212690845,123.99294
34,84,125,124.1073080820891,123.12535
34,85,125,120.07919212468259,118.81006
34,86,124,122.3057172410023,122.17481
34,87,123,124.14455708394797,122.78228
34,88,122,121.36110974198496,121.67648
34,89,121,121.74726775005043,120.25908
34,90,120,123.51799291450014,122.409386
34,91,119,122.11329123940081,118.82014
34,92,118,123.74358777503595,122.943375
34,93,117,122.63818203858472,123.07619
34,94,116,106.46964251204128,111.282776
34,95,115,118.81329587493816,117.60605
34,96,114,120.47889031587106,119.398636
34,97,113,124.07326629757459,123.57609
34,98,112,112.66425924111051,108.88031
34,99,111,123.64866883926838,120.3354
34,100,110,120.79708960338333,115.308365
34,101,109,106.60813700340263,109.3701
34,102,108,116.65165459052982,113.452644
34,103,107,119.36860610303232,122.54274
34,104,106,114.85825087992775,116.93927
34,105,105,112.77741056903278,111.07818
34,106,104,118.04605529656308,117.34539
34,107,103,117.45536000013094,113.95886
34,108,102,118.98752699450635,118.89099
34,109,101,118.17899743178833,117.53463
34,110,100,113.13122786957382,114.324585
34,111,99,108.917972420478,111.59112
34,112,98,116.72408704025224,118.47153
34,113,97,107.65106479156071,107.46489
34,114,96,116.33352666497369,110.51426
34,115,95,111.24578539004976,117.93576
34,116,94,110.35316696882187,115.80502
34,117,93,111.62841233997977,112.3147
34,118,92,111.66976762522505,112.184265
34,119,91,115.80614349347539,117.14326
34,120,90,109.35753274069333,101.93754
34,121,89,116.63574771864145,116.323395
34,122,88,109.39108903906495,109.567375
34,123,87,106.87311058726227,105.333046
34,124,86,116.00682550983487,116.45843
34,125,85,109.18690182965958,108.11544
34,126,84,112.53070229438713,109.52474
34,127,83,114.47392310486408,119.12524
34,128,82,107.79306136281834,110.13968
34,129,81,104.43608425123857,107.78107
34,130,80,110.36450858910403,113.03096
34,131,79,112.8971557579681,109.72214
34,132,78,101.80225067089923,106.565506
34,133,77,111.35297824451457,114.2982
34,134,76,112.08013285884998,116.55017
34,135,75,97.3202047902377,96.8907
34,136,74,104.88432227125371,104.07005
34,137,73,112.30220635838998,109.91139
34,138,72,95.35565330467432,105.130905
34,139,71,108.96700087567268,108.7082
34,140,70,111.48116034187808,109.59977
34,141,69,99.12359060054807,97.26923
34,142,68,101.4969431430979,102.7964
34,143,67,108.92071159461342,108.954636
34,144,66,113.13137164627857,107.58386
34,145,65,100.73651231464935,99.40683
34,146,64,104.92927640807173,110.74925
34,147,63,113.10825956813343,107.57726
34,148,62,97.79928633980441,101.681335
34,149,61,96.8243576334894,91.24163
34,150,60,95.66853789395324,106.370605
34,151,59,91.7673461802669,87.374306
34,152,58,109.8598491457729,105.48096
34,153,57,113.65246338467196,112.43326
34,154,56,106.96138875222555,108.550735
34,155,55,99.66129624978545,96.688934
34,156,54,101.6375679781453,109.62949
34,157,53,97.95706790221874,100.55887
34,158,52,94.90357959035806,106.23022
34,159,51,96.16980037517762,102.2934
34,160,50,99.77315687583632,98.017975
34,161,49,102.16295870894602,94.48748
34,162,48,96.34435642135644,100.00824
34,163,47,99.36770020459441,106.30869
34,164,46,99.5177439968076,111.55273
34,165,45,104.58790081925768,101.273445
34,166,44,88.22994444444446,88.2409
34,167,43,96.08640077817509,97.92939
34,168,42,89.32752267819095,89.47867
34,169,41,77.83849030509815,76.89759
34,170,40,76.2064907407407,77.78214
34,171,39,59.35933862599389,58.3308
34,172,38,62.43735582010583,76.82109
34,173,37,97.86301481944592,95.889824
34,174,36,92.46071089749562,84.77637
34,175,35,65.48482010582013,67.41152
34,176,34,76.1222248677249,84.412834
34,177,33,49.09811518111515,49.248318
34,178,32,67.64309523809526,68.89517
34,179,31,74.49218782888553,87.38973
34,180,30,73.4835,65.10289
34,181,29,54.90712546712548,62.832497
34,182,28,62.18883730158733,57.571316
34,183,27,54.4962437932438,35.538567
34,184,26,30.630970885867956,27.404404
34,185,25,39.079215053763434,37.180706
34,186,24,40.053412698412686,41.62204
34,187,23,27.703567460317462,25.477303
34,188,22,24.880705026455033,25.11714
34,189,21,34.38573015873017,32.944878
34,190,20,37.045983193277294,33.06707
34,191,19,24.477878163878167,23.587223
34,192,18,28.77664826839827,26.623959
34,193,17,28.51018525733525,29.085007
34,194,16,31.719288868538868,30.147406
34,195,15,24.41871428571429,23.669397
34,196,14,22.36806517556519,21.241991
34,197,13,19.62565436318068,18.729294
34,198,12,18.745302910052896,14.521103
34,199,11,13.47873468469116,12.230609
34,200,10,10.21011408730159,7.0444255
34,201,9,7.375611705288177,5.4266167
34,202,8,10.558966386554621,14.484169
34,203,7,6.2675317460317475,6.4831996
35,1,125,115.03461983571081,121.57265
35,2,125,100.37179603833988,88.56201
35,3,125,112.12179990814006,109.80208
35,4,125,112.9654267798661,117.2778
35,5,125,117.1947226219778,115.37869
35,6,125,105.61849733953923,113.93079
35,7,125,108.93434199479167,107.323006
35,8,125,110.36298221701254,110.08542
35,9,125,115.33767899646595,109.97759
35,10,125,96.9942856348879,88.37658
35,11,125,102.10096048820883,97.933495
35,12,125,108.4989135521416,100.438446
35,13,125,110.78154374651155,114.10339
35,14,125,106.32016701624387,111.65013
35,15,125,110.79189763297208,115.721085
35,16,125,113.0896983607274,115.07156
35,17,125,114.89402925543739,120.14065
35,18,125,111.55581902673752,109.05993
35,19,125,113.0798309449744,119.52362
35,20,125,110.66537669875028,108.19775
35,21,125,103.00941736086567,110.02588
35,22,125,85.57915349238995,97.10524
35,23,125,113.1666723754296,111.53638
35,24,125,115.23463819531884,111.36683
35,25,125,100.99324811475068,108.807304
35,26,125,116.37234734289412,113.10657
35,27,125,103.40841072504254,106.13131
35,28,125,112.0552211808087,109.599846
35,29,125,115.63288454000147,120.6313
35,30,125,102.51814611881561,106.701035
35,31,125,112.54524513572649,110.60561
35,32,125,110.10188404079376,117.30106
35,33,125,113.52393329408812,119.81859
35,34,125,106.45508813782843,105.83228
35,35,125,108.65873371799798,116.045685
35,36,125,106.48492051393114,114.22444
35,37,125,121.09159518930127,118.08882
35,38,125,105.2115982453251,110.653336
35,39,125,89.63858642171796,93.428986
35,40,125,106.90977386709254,103.7993
35,41,125,96.78219471004698,109.13033
35,42,125,115.48778582492322,111.43414
35,43,125,110.38909057696304,120.9065
35,44,125,106.93643791994059,104.147026
35,45,125,93.52130426783884,94.92086
35,46,125,95.85364062662093,86.578476
35,47,125,106.10435092946243,114.976265
35,48,125,108.69988992000359,108.76049
35,49,125,103.07586466886605,108.609474
35,50,125,101.09198470168481,93.58406
35,51,125,110.95336347635433,116.81941
35,52,125,98.94698050264819,103.878204
35,53,125,107.48884922384146,105.82157
35,54,125,113.2968090205214,117.351326
35,55,125,97.90523475743376,88.57625
35,56,125,81.63466920347234,93.4385
35,57,125,109.70424132542414,98.36688
35,58,125,105.20946705278696,105.06044
35,59,125,110.57167630779725,116.40945
35,60,125,106.48425548645702,107.69187
35,61,125,113.26470111765572,115.7678
35,62,125,102.08683277369045,98.96446
35,63,125,103.62591118775721,103.54635
35,64,125,97.02867491352191,103.004456
35,65,125,105.91742986732362,116.877144
35,66,125,104.64226343092457,107.137695
35,67,125,111.2873610618224,107.352486
35,68,125,113.46107654662221,115.08763
35,69,125,105.46684794088326,106.9781
35,70,125,101.23244647778215,107.58284
35,71,125,108.86912451237859,111.936935
35,72,125,111.3965997892788,106.78427
35,73,125,98.41665590956733,108.39599
35,74,125,109.84795855614931,108.63071
35,75,125,108.70709186201923,111.72227
35,76,125,98.28069341871468,101.41468
35,77,125,113.67892582475787,115.66743
35,78,125,94.4245286990228,79.506195
35,79,125,94.5635298681125,98.292145
35,80,125,107.60305841971372,102.26361
35,81,125,98.39570971620974,86.35218
35,82,125,114.60673067813555,101.66766
35,83,125,109.81524085231075,103.51458
35,84,125,96.7534918343383,95.22652
35,85,124,97.38206098749029,100.08405
35,86,123,108.02539814470504,103.37083
35,87,122,97.76972089033251,90.75961
35,88,121,96.85390718732312,102.34528
35,89,120,95.4074359184722,91.662506
35,90,119,104.8703683091783,105.82965
35,91,118,94.03398794906911,92.802795
35,92,117,81.65241126962705,77.89855
35,93,116,93.521840098696,87.812706
35,94,115,110.10065649673784,98.65255
35,95,114,105.33042422793913,102.63399
35,96,113,105.5490899579769,109.85156
35,97,112,88.75138323368056,100.986176
35,98,111,96.50093074497725,104.37743
35,99,110,106.01151887563704,97.19958
35,100,109,68.3359404761905,64.32459
35,101,108,87.71756267157957,74.42897
35,102,107,91.07025132275136,96.026085
35,103,106,109.22405341656622,113.885864
35,104,105,105.24668563161721,102.547646
35,105,104,100.46896057901924,100.74566
35,106,103,107.61659505553486,96.40552
35,107,102,85.31696904761904,90.02516
35,108,101,106.40799839783458,109.25228
35,109,100,99.61855368702423,100.14268
35,110,99,104.7143466167804,102.13421
35,111,98,86.46158832838306,87.512505
35,112,97,98.57831987356771,97.94382
35,113,96,91.39610578747175,95.09857
35,114,95,85.05415225958052,83.13411
35,115,94,93.36002619461621,83.98592
35,116,93,83.38788227513231,87.12709
35,117,92,95.64080386539341,103.6972
35,118,91,89.70511484888564,88.01849
35,119,90,90.09438965251346,85.87095
35,120,89,113.50381035536913,94.08523
35,121,88,81.1718037818663,78.1606
35,122,87,79.0540833333333,87.6043
35,123,86,68.2352658730159,60.39192
35,124,85,92.13163292640142,93.719536
35,125,84,100.61378007227894,102.0404
35,126,83,86.95006223653692,79.70379
35,127,82,98.93844485780421,90.342636
35,128,81,75.59646296296297,82.18185
35,129,80,74.9873082010582,82.017075
35,130,79,84.84393121693118,93.137886
35,131,78,84.24347486772484,76.75513
35,132,77,49.237519841269844,43.113155
35,133,76,57.72257843822841,61.008644
35,134,75,99.90413595086076,99.83665
35,135,74,67.02396543593282,76.60024
35,136,73,57.07960969126543,57.785194
35,137,72,86.17013359788362,85.72349
35,138,71,89.85462034768915,78.890816
35,139,70,75.89574055286984,67.50093
35,140,69,69.1365,51.598248
35,141,68,89.93209754553622,91.73906
35,142,67,69.53389947089947,65.3587
35,143,66,70.7655756056809,65.191956
35,144,65,59.694010812054245,58.52269
35,145,64,69.86295785516258,71.48317
35,146,63,74.15087540665881,74.47895
35,147,62,47.78991045991045,41.61542
35,148,61,43.075637566137566,47.512203
35,149,60,71.50876408299244,73.05851
35,150,59,73.76659920634921,79.098114
35,151,58,38.7725,35.500633
35,152,57,52.177710437710445,50.650948
35,153,56,54.35155751120226,55.41913
35,154,55,55.177519595872546,53.23644
35,155,54,69.36535345487063,72.633064
35,156,53,65.27085305788978,62.31268
35,157,52,35.74995766159395,39.85735
35,158,51,54.66394627594628,49.06561
35,159,50,50.59115166315166,48.992264
35,160,49,38.28103021379492,44.908676
35,161,48,42.06840740740743,44.67602
35,162,47,59.550356948334894,62.507935
35,163,46,36.57200264550264,36.66316
35,164,45,58.238524420024405,56.911156
35,165,44,42.967946232960934,34.76391
35,166,43,53.030595238095216,40.365273
35,167,42,38.36650793650793,38.49891
35,168,41,21.54256132756133,25.697412
35,169,40,30.535412927796695,27.312237
35,170,39,43.32545219741271,41.510456
35,171,38,45.798279100529115,39.327507
35,172,37,29.701974747474743,29.30634
35,173,36,37.1739546604764,32.397373
35,174,35,43.78872153236625,42.431763
35,175,34,30.730004232804223,30.185513
35,176,33,17.972109788359777,19.260765
35,177,32,18.12121708152959,17.843641
35,178,31,45.54819047619046,42.045612
35,179,30,23.144041342672914,24.66125
35,180,29,20.495259259259274,20.67357
35,181,28,26.287977453102453,24.14699
35,182,27,25.4550481000481,24.01964
35,183,26,23.9029818884819,26.64287
35,184,25,20.036042536897813,22.779167
35,185,24,21.94020899470898,17.194695
35,186,23,22.721820528237185,23.648142
35,187,22,13.62421442495127,12.537464
35,188,21,16.17673589065255,16.333656
35,189,20,23.054143097643085,17.215275
35,190,19,25.353286493002226,18.100273
35,191,18,20.746848845598848,21.26459
35,192,17,16.626041011457676,11.552797
35,193,16,16.469927094074023,16.863838
35,194,15,17.780338115588115,16.7381
35,195,14,9.820440476190477,9.780126
35,196,13,16.52663095238094,14.246013
35,197,12,9.149642230576443,10.259061
35,198,11,7.630080687830687,4.6597805
36,1,125,77.68067809042806,82.364586
36,2,125,97.43225123372595,105.30515
36,3,125,80.77766269841263,84.29437
36,4,125,97.11867125620944,100.513435
36,5,125,102.43466040477247,102.523056
36,6,125,106.92403496940587,112.59894
36,7,125,101.2067708274013,109.708595
36,8,125,110.05632087804513,98.56891
36,9,125,105.72020764965539,106.20836
36,10,125,88.73633866998735,93.915825
36,11,125,106.65478358903592,102.12086
36,12,125,95.43633380508378,97.23977
36,13,125,109.66103070082791,107.99983
36,14,125,102.88725633878457,94.76709
36,15,125,87.37740880989617,92.6375
36,16,125,98.63052825204132,95.92906
36,17,125,99.99438086975248,99.212234
36,18,125,109.94774586951472,109.16245
36,19,125,84.31455123117621,83.88843
36,20,125,97.25782655721414,97.900185
36,21,124,90.61119545183291,98.45923
36,22,123,111.45840709661161,109.230896
36,23,122,92.94383790767559,83.20304
36,24,121,93.67297919769825,93.49485
36,25,120,89.26308115179967,98.38879
36,26,119,105.4145404328397,104.029724
36,27,118,107.97633192253133,104.334755
36,28,117,90.89496858149224,91.4224
36,29,116,94.49303304825258,108.354454
36,30,115,106.22968600810181,100.69787
36,31,114,95.55523972323967,99.84277
36,32,113,106.1828393896397,96.89184
36,33,112,74.0343502921198,81.5417
36,34,111,104.76867199700415,100.184525
36,35,110,94.95370646738405,98.34558
36,36,109,100.87565846428048,102.34289
36,37,108,80.22058785823194,80.5649
36,38,107,114.01278896753897,101.46705
36,39,106,98.11328317723344,91.33267
36,40,105,91.35817335651195,93.35909
36,41,104,105.67781990574599,99.19449
36,42,103,88.8154768545796,96.18726
36,43,102,102.31337473525085,102.00679
36,44,101,86.36493251664194,79.113144
36,45,100,86.64881349206347,80.92774
36,46,99,88.55225742152136,85.86303
36,47,98,86.38536305780177,84.67637
36,48,97,72.78805156186404,83.415985
36,49,96,87.37134340416333,91.20408
36,50,95,101.62141200880244,100.73329
36,51,94,88.4410483847718,94.12608
36,52,93,86.2307027830557,97.22856
36,53,92,87.52124736443885,87.86307
36,54,91,95.12359424834423,99.792854
36,55,90,69.28184331409331,76.88889
36,56,89,94.14876711797017,97.810555
36,57,88,94.22215069475168,101.45112
36,58,87,88.98069476213253,86.80923
36,59,86,83.6103138827476,72.58678
36,60,85,79.79164850750595,84.64363
36,61,84,87.77504073466544,66.08057
36,62,83,97.17194888188668,100.35825
36,63,82,87.95580921974697,80.10469
36,64,81,102.82256133433266,97.87253
36,65,80,98.02307421762976,89.11023
36,66,79,90.59385432290674,93.62225
36,67,78,94.51852067240189,95.072075
36,68,77,99.58376175342234,104.19985
36,69,76,78.85345238095242,78.90681
36,70,75,84.37103880070545,91.47128
36,71,74,73.1809021957605,75.35732
36,72,73,73.39214550264552,60.40267
36,73,72,77.05603386626044,94.380486
36,74,71,70.94086592278683,70.60968
36,75,70,81.43297149684246,79.38931
36,76,69,96.66912583070601,88.10664
36,77,68,87.38107383663127,76.81267
36,78,67,68.14437698412698,68.79427
36,79,66,83.54294179894185,92.61563
36,80,65,80.86709602706121,81.98879
36,81,64,58.05627513227515,54.717014
36,82,63,76.81845628908127,68.5612
36,83,62,67.21043650793652,76.71655
36,84,61,57.400756253006236,60.07846
36,85,60,54.6818440224493,58.901047
36,86,59,79.14278266178263,77.87865
36,87,58,65.13875865800864,59.41983
36,88,57,77.44333580925249,74.63127
36,89,56,40.24267528943422,38.064228
36,90,55,54.33221957671956,51.139412
36,91,54,53.08824449464966,50.2966
36,92,53,57.27092056092058,59.767754
36,93,52,63.56591788766788,55.520576
36,94,51,40.37893223443221,40.266544
36,95,50,63.35822964997965,63.904984
36,96,49,47.799396825396855,37.84978
36,97,48,67.38546825396824,64.44689
36,98,47,48.84607034632037,52.770123
36,99,46,85.72907336082892,78.45699
36,100,45,49.5440177045177,54.346535
36,101,44,68.31152718550106,68.542694
36,102,43,59.43692857142858,60.921314
36,103,42,40.44818813593815,36.27873
36,104,41,56.421740214128164,59.724377
36,105,40,52.4940082972583,47.59728
36,106,39,52.13290593988717,59.210552
36,107,38,38.11234806859806,48.503586
36,108,37,33.60645893458394,33.64474
36,109,36,52.14696861471862,45.01574
36,110,35,30.115662457912464,33.234356
36,111,34,55.61327777777777,57.542095
36,112,33,47.24830775705775,49.4441
36,113,32,36.81184788359786,37.227154
36,114,31,17.802230158730165,20.82421
36,115,30,31.657645492624653,22.451757
36,116,29,42.56299347874347,39.834927
36,117,28,27.845104468249048,26.69243
36,118,27,30.15078304048894,31.185282
36,119,26,36.55641534391535,35.307796
36,120,25,47.86029365079365,34.80573
36,121,24,23.983279621572397,23.555786
36,122,23,18.34683167641326,23.745838
36,123,22,26.54471825396825,26.225399
36,124,21,21.06391302910053,21.773476
36,125,20,17.656682539682546,20.63889
36,126,19,25.532515832932493,25.1255
37,1,125,124.55177456238424,126.027985
37,2,125,120.24921198203944,119.086685
37,3,125,124.8287264698754,124.45008
37,4,125,123.47497488899225,123.16761
37,5,125,124.02760107970961,124.71037
37,6,125,119.52449712903255,123.2147
37,7,125,123.79921269897012,124.70234
37,8,125,120.37990692821731,121.849304
37,9,125,121.08772912908724,119.35385
37,10,125,122.58966888809725,123.07496
37,11,125,120.17602491402022,124.55063
37,12,125,124.84628992505704,124.6516
37,13,125,123.41717031456542,125.6382
37,14,125,124.06734914943435,121.05836
37,15,125,121.07565145508978,124.65502
37,16,125,123.05081573289263,121.88376
37,17,125,118.08115613826718,118.30013
37,18,124,120.74354762507875,119.82425
37,19,123,120.59547442310382,123.45039
37,20,122,119.60317364815901,118.58518
37,21,121,120.20846096924559,122.65724
37,22,120,112.54322987821305,117.41762
37,23,119,122.2298559128785,119.39771
37,24,118,120.68465021963534,122.798836
37,25,117,123.97398887745463,123.04728
37,26,116,123.52456519154873,123.40835
37,27,115,124.12730279368023,123.76346
37,28,114,121.90068567708491,121.65039
37,29,113,123.2628949559493,123.05019
37,30,112,122.41664482417991,122.73288
37,31,111,120.85006008219754,125.88101
37,32,110,122.33754434707205,121.712135
37,33,109,121.54531988775382,123.57454
37,34,108,124.87582617683819,125.91436
37,35,107,122.76744807543638,122.63701
37,36,106,121.89198615391004,119.96246
37,37,105,116.232988024238,115.7585
37,38,104,122.48221349430261,123.28134
37,39,103,116.83886821837123,117.77808
37,40,102,106.05162113013094,109.62208
37,41,101,123.66906521493404,125.40443
37,42,100,124.57231019006,123.37216
37,43,99,119.19815850847844,117.13722
37,44,98,123.84230601830355,125.32342
37,45,97,120.93676058946895,121.644104
37,46,96,121.3523563271356,122.399216
37,47,95,122.97119794178691,122.74824
37,48,94,121.67973644897141,119.79902
37,49,93,115.64079212551813,116.8221
37,50,92,122.10166872876025,121.64175
37,51,91,122.99661574322408,124.82657
37,52,90,123.23041628595735,122.4263
37,53,89,116.328900868227,117.48567
37,54,88,120.17473443306815,121.29022
37,55,87,118.8236808955378,117.44665
37,56,86,118.76751791004114,121.7301
37,57,85,122.0992647729724,119.12778
37,58,84,119.4278795232218,117.66464
37,59,83,124.62226906423948,125.99861
37,60,82,115.59736516568293,116.86399
37,61,81,119.1584407761435,119.745026
37,62,80,120.14568387274943,121.95014
37,63,79,112.48572469460007,119.5142
37,64,78,115.9519369798434,114.65035
37,65,77,115.86167522856022,120.42244
37,66,76,120.45528808572868,121.858
37,67,75,117.34701498161756,118.15384
37,68,74,120.06221497631537,122.19967
37,69,73,117.83246822043189,116.09602
37,70,72,113.7613178212325,117.68067
37,71,71,121.87571008092961,118.30725
37,72,70,114.88139598098104,119.37202
37,73,69,116.6939371572745,120.29987
37,74,68,117.32978291202947,121.290276
37,75,67,119.65646511577695,125.68834
37,76,66,121.30036785088727,120.86413
37,77,65,118.81630091299667,121.188194
37,78,64,115.63532845563168,116.20605
37,79,63,117.07534075570992,118.16249
37,80,62,106.63749260974356,112.12157
37,81,61,123.01606273902813,121.05398
37,82,60,105.2343893680619,107.43896
37,83,59,105.61120833151465,111.47097
37,84,58,117.36168601995058,112.676025
37,85,57,119.77175812204491,120.77179
37,86,56,109.7174563489182,120.300674
37,87,55,115.58554688944419,122.04533
37,88,54,116.78645801784842,116.0998
37,89,53,112.02081297446486,110.910736
37,90,52,118.67309556089926,123.36624
37,91,51,111.86254303441,110.33152
37,92,50,108.61287926745858,111.50975
37,93,49,109.9003809403616,116.30492
37,94,48,114.45402522181473,116.367676
37,95,47,117.27298883144327,113.528435
37,96,46,112.83235186637086,115.30246
37,97,45,119.07056471211654,119.57886
37,98,44,120.62671623820835,126.690025
37,99,43,116.1677923421838,121.44841
37,100,42,114.66206068873107,115.36654
37,101,41,108.82408212065494,117.33831
37,102,40,116.72505577352617,123.87779
37,103,39,118.03730865217959,119.7525
37,104,38,100.10608313585742,108.08289
37,105,37,111.94794960693199,113.46394
37,106,36,113.04718038849819,118.13207
37,107,35,112.02881893087773,111.62528
37,108,34,86.8392619047619,90.2898
37,109,33,83.34248148148153,81.3806
37,110,32,102.2958747032508,106.16892
37,111,31,82.96528609142474,81.071175
37,112,30,91.9455892195767,91.80788
37,113,29,92.96732559609349,94.65667
37,114,28,105.42767163009405,102.818855
37,115,27,89.14847649948605,83.32055
37,116,26,91.01533859364343,89.17063
37,117,25,67.71153571428573,60.924606
37,118,24,73.80270370370371,65.57553
37,119,23,76.24613990638989,68.19626
37,120,22,81.78454858104858,84.204926
37,121,21,65.98593564527259,64.14976
38,1,125,107.95495567367631,108.34189
38,2,125,110.47344381483451,105.64322
38,3,125,107.80938515316268,98.16634
38,4,125,109.34247020752404,96.944
38,5,125,111.9566040901721,119.22939
38,6,125,102.15093547666802,105.6174
38,7,125,101.76609153923746,99.77618
38,8,125,108.54911111111109,121.81194
38,9,125,106.27261781468026,101.44867
38,10,125,115.04942111714722,114.64507
38,11,125,109.07249247740381,116.941795
38,12,125,105.60214957408554,101.347595
38,13,125,105.60444771889918,108.74293
38,14,125,105.3592033958198,104.11342
38,15,125,92.30892202766627,87.4657
38,16,125,78.8574246031746,80.37583
38,17,125,109.12789913811916,103.10551
38,18,125,110.46340362270588,102.816376
38,19,125,103.85409024116197,106.185036
38,20,125,85.74577562120882,92.60781
38,21,125,111.92120923647529,112.20699
38,22,125,112.3362213356769,108.80676
38,23,125,111.25442590744557,110.43377
38,24,125,119.18447298489535,114.62842
38,25,125,108.02171775593094,111.33806
38,26,125,100.53753968253969,109.89461
38,27,125,119.90515909158754,118.77484
38,28,125,111.80823295848505,118.01634
38,29,125,106.300126436168,96.44352
38,30,125,117.70950022163694,120.11629
38,31,125,111.63552368097957,108.46076
38,32,125,102.77522374086533,103.82988
38,33,125,91.18159055400547,89.17499
38,34,125,90.03627898027896,90.36684
38,35,125,91.25597863261989,95.46816
38,36,125,98.77385946124171,93.736
38,37,125,115.68807498109277,118.880226
38,38,125,112.88772300302497,108.67011
38,39,125,78.1970079365079,82.93807
38,40,125,106.15105603184924,113.31754
38,41,125,112.20703442278356,118.093216
38,42,125,100.21650900176628,99.14318
38,43,125,90.98593351829894,91.91407
38,44,125,104.07011398288948,107.26666
38,45,125,115.8605646027624,115.70938
38,46,125,82.41764686802257,79.38026
38,47,125,114.93093479028097,117.88057
38,48,125,90.28638119288122,91.636116
38,49,125,80.36755285691176,80.83841
38,50,125,92.98543662534021,100.2102
38,51,124,112.51807105584106,109.70326
38,52,123,106.86717229858176,105.33105
38,53,122,108.31490153098281,105.81159
38,54,121,67.18882962962962,62.752724
38,55,120,90.83216934697153,91.34042
38,56,119,83.03083935893382,85.017944
38,57,118,100.78489234318923,105.15234
38,58,117,106.41917195700712,100.8871
38,59,116,97.69783027164493,102.588234
38,60,115,99.03655146285044,102.86641
38,61,114,101.7551178125876,99.4149
38,62,113,94.31507602349524,98.751976
38,63,112,90.79739476473709,92.27749
38,64,111,88.64802769667885,96.98772
38,65,110,91.29397265430985,76.06364
38,66,109,83.87364850017396,88.56774
38,67,108,85.81311065142344,92.241295
38,68,107,109.38229484464115,103.85062
38,69,106,94.26624446960267,87.298645
38,70,105,90.30974341399344,92.07341
38,71,104,81.91300257127526,80.201645
38,72,103,88.21860719973876,97.39145
38,73,102,100.48327227791704,94.18773
38,74,101,96.38703765131781,93.71129
38,75,100,84.94758794125619,93.1996
38,76,99,97.69183901619095,96.233894
38,77,98,91.69851806348326,87.52112
38,78,97,91.99562003556068,98.91985
38,79,96,93.25536168730157,107.24376
38,80,95,83.0345613334643,83.856964
38,81,94,89.75365361976661,89.33321
38,82,93,91.1748821660796,99.03004
38,83,92,91.22468145743153,85.94779
38,84,91,94.61400045162065,81.44486
38,85,90,83.93842135176219,79.5359
38,86,89,111.47237897944612,109.7293
38,87,88,76.15811399711397,78.106064
38,88,87,87.2067351993281,85.80458
38,89,86,107.49291931339512,103.58564
38,90,85,78.67098941798945,81.349945
38,91,84,93.48583559163346,88.89466
38,92,83,52.0666688034188,57.071213
38,93,82,89.4292802554296,86.31043
38,94,81,91.03784983892666,94.790375
38,95,80,77.43970938375354,85.11507
38,96,79,96.11702891870036,99.698166
38,97,78,77.09673768823771,75.91633
38,98,77,75.44601226551224,77.365425
38,99,76,82.4457834686627,76.01809
38,100,75,73.00254365079364,73.839325
38,101,74,70.3555563973064,55.3469
38,102,73,78.99266266622129,72.39742
38,103,72,69.99431643081763,54.113876
38,104,71,73.16069267878092,74.77786
38,105,70,72.4004309004835,72.69437
38,106,69,68.03818746993747,64.4937
38,107,68,80.04556622144685,80.89567
38,108,67,66.54390608465613,72.949265
38,109,66,79.72423887236135,79.71107
38,110,65,77.84083813408816,81.6645
38,111,64,53.4411825396825,50.868263
38,112,63,61.20200264550264,49.792355
38,113,62,62.29912243867242,55.985363
38,114,61,64.13981613756613,60.882843
38,115,60,72.02286132150961,66.465675
38,116,59,57.64568234308065,50.08512
38,117,58,62.58427777777775,55.20639
38,118,57,65.03971825396826,73.119484
38,119,56,46.59456773902426,43.846695
38,120,55,63.358205392626125,69.11855
38,121,54,48.88363179413179,44.285255
38,122,53,64.53220712766768,69.7954
38,123,52,38.4755925925926,36.464394
38,124,51,42.88774351038826,34.980003
38,125,50,51.029406084656074,40.092358
39,1,125,122.54181959882699,123.44245
39,2,125,117.2778494769685,120.2717
39,3,125,121.54717003195607,121.63601
39,4,125,117.36370371100136,117.464096
39,5,125,117.24343300471477,117.55757
39,6,125,123.58368226285012,121.69403
39,7,125,118.51292492881997,122.40048
39,8,125,111.1635463401782,119.63965
39,9,125,124.50110847001885,123.89095
39,10,125,116.68755124563444,119.300674
39,11,125,114.79920498936238,114.55106
39,12,125,122.23403569079723,119.06242
39,13,125,119.25104784677926,121.447784
39,14,125,116.28410877855586,117.327385
39,15,125,119.8976614464493,119.697624
39,16,125,123.91224042877579,124.481544
39,17,125,121.53729579385903,121.899025
39,18,125,121.86127887020807,123.68658
39,19,125,115.00021071225376,113.796875
39,20,125,122.39594239417853,121.26491
39,21,125,114.98988707953542,121.50314
39,22,125,119.52415969329374,121.416405
39,23,125,117.73305939766814,117.2774
39,24,125,122.67278234217564,116.79934
39,25,125,112.020139663274,113.236595
39,26,125,117.58715155327273,119.29878
39,27,125,121.26947348917119,121.15298
39,28,125,124.73338945568287,123.92216
39,29,125,121.98163539784177,124.48073
39,30,125,121.97686721001827,119.033104
39,31,125,124.25470879643989,123.01249
39,32,125,114.40097339371638,118.118095
39,33,125,123.69886056979165,125.748405
39,34,125,119.30213034705622,119.69961
39,35,125,121.60472665394518,122.08732
39,36,125,116.3702035798401,118.073425
39,37,125,121.70528618233855,120.88154
40,1,125,112.91146982175506,116.93346
40,2,125,104.3050945890757,102.89312
40,3,125,112.87348406246575,102.638405
40,4,125,90.08198306849599,101.6669
40,5,125,109.78608656316997,105.984375
40,6,125,96.23893107298437,95.367805
40,7,125,102.7767743460518,95.38706
40,8,125,98.1554308654996,107.31609
40,9,125,101.35200561610257,105.5303
40,10,125,110.3027511411469,105.979515
40,11,125,107.69405820105817,104.67097
40,12,125,114.06228441157822,107.061485
40,13,125,110.37144897163385,106.58765
40,14,125,94.23417217329377,97.92411
40,15,125,96.4918804829321,95.18253
40,16,125,116.0609984084685,120.0648
40,17,125,91.61675790559015,92.242165
40,18,125,107.58014326409209,102.91265
40,19,125,103.07021392511218,100.54854
40,20,125,106.37592377450075,114.56796
40,21,125,105.26413622566082,115.55798
40,22,125,78.54804181363906,78.526924
40,23,125,111.3522892333353,112.05851
40,24,125,112.18965136527181,111.062965
40,25,125,102.58141281891207,112.29121
40,26,125,95.88007278878332,102.227585
40,27,125,96.64839104300422,94.87023
40,28,125,113.01850774834044,110.58353
40,29,125,93.99910423202007,86.95711
40,30,125,99.42528030671073,107.235825
40,31,125,89.0515422318489,99.2494
40,32,125,104.79217180886579,107.70902
40,33,125,105.65599934606813,100.41858
40,34,125,93.14502913243057,86.941055
40,35,125,101.16670634920632,103.18992
40,36,125,92.69349630706756,81.6913
40,37,124,105.92313609218917,101.35443
40,38,123,114.24303804911062,108.463295
40,39,122,91.56585859925518,86.77257
40,40,121,96.6264129753042,97.80815
40,41,120,102.83017252258449,108.43443
40,42,119,93.62500937834359,96.638664
40,43,118,92.9247979734296,88.63212
40,44,117,107.79685883742422,104.27527
40,45,116,104.29686723730302,104.60361
40,46,115,107.19260964200784,104.3279
40,47,114,101.88329366263518,92.89996
40,48,113,102.04094156680793,101.08207
40,49,112,102.52289310590373,93.657135
40,50,111,109.90346303830113,110.61694
40,51,110,99.00147927380249,99.08575
40,52,109,109.72641057131666,115.72378
40,53,108,87.68231927256305,78.173836
40,54,107,68.20227910052907,75.40825
40,55,106,98.08326323382597,89.50169
40,56,105,87.42991216906924,83.33
40,57,104,85.58933058608062,94.56441
40,58,103,88.40606366555234,93.09828
40,59,102,86.86634968734971,88.998024
40,60,101,90.83334590904553,88.439995
40,61,100,75.94878703703704,84.36618
40,62,99,98.15433702216556,101.74569
40,63,98,88.12688624640971,98.14038
40,64,97,89.96721192580567,96.36041
40,65,96,67.90659283309283,70.37353
40,66,95,58.52260846560844,60.498817
40,67,94,96.24626010577954,96.66414
40,68,93,104.17286048724942,99.16307
40,69,92,61.406646825396834,67.367615
40,70,91,74.43516005291004,76.310905
40,71,90,79.65803672332059,82.70085
40,72,89,98.4437912827626,97.85216
40,73,88,93.13523809523808,70.10284
40,74,87,87.19518181818178,90.85864
40,75,86,86.76655134680136,97.47734
40,76,85,83.15218003068003,79.93852
40,77,84,77.80509805717158,77.34513
40,78,83,92.86133934248099,93.94469
40,79,82,93.8388016254519,97.75961
40,80,81,101.37926245057957,93.84137
40,81,80,82.66425274841878,84.89043
40,82,79,94.86728873402672,101.36693
40,83,78,105.17432995700322,87.210075
40,84,77,66.96946844821848,59.187782
40,85,76,89.96458650688663,93.16243
40,86,75,78.22190035273371,84.21914
40,87,74,71.33031656804957,83.06869
40,88,73,73.9200336664327,65.49804
40,89,72,95.64548314163964,102.18238
40,90,71,60.16384170069696,65.97748
40,91,70,94.79340528619736,96.64261
40,92,69,73.4142222222222,69.91893
40,93,68,70.10967388167387,66.24053
40,94,67,108.14221994736482,109.28405
40,95,66,58.84810714285708,68.256645
40,96,65,78.962704248366,76.82044
40,97,64,73.66935264550263,64.35599
40,98,63,88.93196669807547,87.79847
40,99,62,74.5673955026455,76.10876
40,100,61,66.308123015873,65.263824
40,101,60,54.802666768416785,53.47776
40,102,59,71.39795607028313,64.98335
40,103,58,63.96736516797041,67.614784
40,104,57,59.270062499999995,58.96994
40,105,56,47.310944444444424,46.327328
40,106,55,57.349250000000005,59.60533
40,107,54,62.3614348244348,58.142403
40,108,53,36.191733856421365,37.760807
40,109,52,56.45792460317462,61.211136
40,110,51,79.5951224235963,75.517426
40,111,50,56.10191005291003,60.905945
40,112,49,61.92999536580673,59.271015
40,113,48,73.93891251341248,75.087776
40,114,47,53.015420634920645,56.512775
40,115,46,50.50925998075994,49.50626
40,116,45,47.47297695852535,38.396538
40,117,44,34.3593373015873,34.283375
40,118,43,39.96621560846561,38.92545
40,119,42,52.19556349206349,57.128345
40,120,41,41.2115983743925,38.368446
40,121,40,29.218333333333327,29.48385
40,122,39,44.765848697598706,43.262543
40,123,38,45.33752777777779,41.7979
40,124,37,50.2362602767603,45.923714
40,125,36,35.161023978744545,31.73464
40,126,35,42.36586856661856,42.573315
40,127,34,36.897114468864466,37.573776
40,128,33,25.61876551226551,25.030636
40,129,32,40.3559091626843,36.602875
40,130,31,29.924809644059643,28.384514
40,131,30,36.85536721611723,35.586166
40,132,29,40.61998412698412,39.05382
40,133,28,31.270208994708998,29.25288
41,1,125,120.39966712835928,115.50726
41,2,125,119.40787992437566,121.525635
41,3,125,124.20760509836352,123.79178
41,4,125,124.60409461181598,124.81954
41,5,125,122.89905415522459,122.039635
41,6,125,124.40279717362714,125.964745
41,7,125,121.21155838439508,122.33895
41,8,125,123.62740154684118,125.283806
41,9,125,120.8341262787924,121.03046
41,10,125,121.59411304912675,119.34324
41,11,125,121.4596613163964,124.28033
41,12,125,122.51600369864138,123.05912
41,13,125,122.92506610585636,122.51956
41,14,125,123.97514019019029,126.22479
41,15,125,119.48305485927264,123.589935
41,16,125,124.7838049563743,127.14713
41,17,124,122.37889189460618,125.36783
41,18,123,124.74934522225625,124.83837
41,19,122,120.3714583085609,124.60203
41,20,121,123.14444879341197,124.6426
41,21,120,122.81498213136263,126.50821
41,22,119,124.80535548705828,126.52135
41,23,118,121.24120872046056,121.82594
41,24,117,121.98840028079006,122.492966
41,25,116,120.07767816602049,122.69531
41,26,115,120.1937114876796,120.40589
41,27,114,123.95838408799496,124.25204
41,28,113,124.90198763003701,125.98087
41,29,112,123.73178520775272,127.005035
41,30,111,120.79540677225458,124.975815
41,31,110,124.00742742777638,124.39572
41,32,109,120.9780363522917,121.90654
41,33,108,122.05388155721089,122.39557
41,34,107,120.34916560734973,126.957306
41,35,106,122.8588793482411,125.187004
41,36,105,123.32858180186125,125.136024
41,37,104,119.51807508184783,118.906525
41,38,103,123.41393208033696,124.6997
41,39,102,123.45865606799597,125.86793
41,40,101,121.67541368157882,123.22343
41,41,100,124.11934063301155,126.62909
41,42,99,118.306668237743,127.44757
41,43,98,116.75699855289609,115.553535
41,44,97,118.636536649728,120.28245
41,45,96,122.72415470341494,124.34222
41,46,95,121.98379885110657,125.34396
41,47,94,122.6626316344869,124.82522
41,48,93,122.0978135874104,121.402756
41,49,92,122.08285267018728,125.15513
41,50,91,121.14055434940047,126.38979
41,51,90,122.02098551174808,123.51806
41,52,89,123.44158135930668,124.38515
41,53,88,114.98031987106212,118.27737
41,54,87,121.29579798953338,119.95302
41,55,86,121.91359933091643,120.0187
41,56,85,123.29092435765287,123.93269
41,57,84,122.33974702209935,122.95444
41,58,83,120.7571675932767,124.70835
41,59,82,113.84335637893783,116.95047
41,60,81,122.41101490693788,123.487434
41,61,80,116.87900834603735,114.621895
41,62,79,121.65992939351415,122.54806
41,63,78,118.84346906852305,119.31295
41,64,77,122.99423247136961,123.77936
41,65,76,123.65127103671955,124.51975
41,66,75,117.27885847769163,124.35658
41,67,74,121.15949997012724,124.23792
41,68,73,123.77712223024606,122.43767
41,69,72,123.08385348704695,124.15856
41,70,71,120.21710082041301,120.25885
41,71,70,118.95505249784401,121.31496
41,72,69,122.35254319369992,119.85262
41,73,68,119.15740605680556,122.12579
41,74,67,113.36928453925653,113.40521
41,75,66,121.94635055246256,124.3439
41,76,65,119.64874568951947,124.07921
41,77,64,120.09650086579907,120.76468
41,78,63,118.40573938223848,117.58817
41,79,62,117.81067248915744,120.69628
41,80,61,120.99552993045712,122.30648
41,81,60,117.13235538048323,125.19497
41,82,59,118.99785770022915,118.26821
41,83,58,117.05080256955293,116.06262
41,84,57,118.73966657443721,127.23768
41,85,56,107.06094951066116,95.07615
41,86,55,121.65985450005367,126.90674
41,87,54,109.12086806599112,121.78502
41,88,53,117.09155998082063,120.06146
41,89,52,118.06275224807793,121.27213
41,90,51,108.28802219463505,122.05004
41,91,50,113.88341903814374,120.85625
41,92,49,118.5377033348433,117.93943
41,93,48,120.3048711747371,126.000595
41,94,47,115.42082467158825,119.595566
41,95,46,117.09067908282496,120.49962
41,96,45,118.665488893178,117.93633
41,97,44,120.47823778494002,116.06306
41,98,43,119.81381666981724,116.430954
41,99,42,119.16409188040106,116.65112
41,100,41,112.25477131710544,113.8595
41,101,40,113.59953452046975,118.88022
41,102,39,115.5470437209302,107.80039
41,103,38,114.67511818839172,111.91509
41,104,37,115.50674521252088,112.320564
41,105,36,114.82091109614466,120.912476
41,106,35,103.41351809201932,109.62081
41,107,34,115.7685742499495,119.1817
41,108,33,102.73930698375688,97.13254
41,109,32,112.37291883831907,116.79353
41,110,31,89.12621949208281,89.90713
41,111,30,98.34595584086927,108.329254
41,112,29,86.55458269838688,73.28407
41,113,28,59.87794312169312,65.70738
41,114,27,94.39859232006172,96.77919
41,115,26,77.50029166666664,81.0139
41,116,25,102.3828143105156,108.54463
41,117,24,74.90479497354495,79.205956
41,118,23,76.35739814814812,86.279724
41,119,22,57.70651851851854,53.129833
41,120,21,62.483841269841264,61.947834
41,121,20,53.51941534391536,45.876514
41,122,19,47.73368627450981,39.681026
41,123,18,64.86740343915345,68.14547
42,1,125,124.48613356966594,124.517456
42,2,125,124.70214916107349,124.64846
42,3,125,123.05139840957786,123.97929
42,4,125,124.42520135847931,123.62882
42,5,125,121.03300906292607,121.14034
42,6,125,119.09045580140048,117.54284
42,7,125,123.75623108310765,124.498535
42,8,125,119.70951464025005,121.747154
42,9,125,123.87465486211315,125.44887
42,10,125,122.8486974746984,125.77652
42,11,125,119.11278553453461,126.65852
42,12,125,123.15147094488569,120.87391
42,13,125,122.11082573133193,119.64406
42,14,125,121.57320628648701,124.540054
42,15,125,122.94929931134426,123.98518
42,16,125,124.75599975984788,125.67967
42,17,125,122.21751119243473,122.816315
42,18,125,123.39174877172772,126.01588
42,19,125,124.09369476616536,126.22344
42,20,125,124.14449089415629,124.97139
42,21,125,122.33409634832032,122.93723
42,22,125,123.70634019069755,122.95949
42,23,125,122.31712626271312,125.26607
42,24,125,123.62769689746028,127.32001
42,25,125,121.3309761513461,121.75006
42,26,125,123.01978022599847,124.650406
42,27,125,123.73938651635842,123.36526
42,28,125,123.42357117286498,122.80481
42,29,125,123.90498440962682,123.45436
42,30,125,124.3968457685175,125.16237
42,31,125,124.1478140586813,125.35897
42,32,125,124.48229848245703,124.64979
42,33,125,124.37125086541923,125.219086
42,34,125,124.20251860101436,123.6205
42,35,125,123.69983204879014,122.037384
42,36,125,123.89857072737817,123.79669
42,37,125,121.38678310235817,123.58228
42,38,125,124.10457506658624,124.67889
42,39,125,123.15219381134958,123.91502
42,40,125,122.83754616186292,123.51674
42,41,125,117.58390584391219,120.06225
42,42,124,121.00163477579866,124.71744
42,43,123,124.04564494383061,126.91781
42,44,122,119.35526045384259,121.30856
42,45,121,123.35173363392065,125.341965
42,46,120,123.58014451356911,122.67059
42,47,119,122.55700395476052,124.29847
42,48,118,124.43609346125204,126.12614
42,49,117,122.03278070236836,124.51856
42,50,116,122.54536994488946,126.84342
42,51,115,121.9239743284353,124.59237
42,52,114,121.29305160778837,120.1016
42,53,113,123.48607573769883,124.68375
42,54,112,124.50888019435808,122.9222
42,55,111,121.55937316021465,123.15934
42,56,110,120.21163413523473,122.187645
42,57,109,124.51548024810559,126.591225
42,58,108,119.37934389017491,118.374916
42,59,107,119.29925154552727,108.03905
42,60,106,119.5229228950021,116.96098
42,61,105,123.79805345121504,127.57869
42,62,104,121.50589000505802,122.88444
42,63,103,124.00023016367135,125.066154
42,64,102,119.89646488854682,122.6012
42,65,101,123.15882742913023,120.563
42,66,100,122.68589080976565,121.94061
42,67,99,123.11445695498095,123.72272
42,68,98,123.34323539685519,119.05034
42,69,97,122.16998306286153,122.11353
42,70,96,120.24032953748127,122.624146
42,71,95,120.57626245219437,118.35484
42,72,94,121.38210110099975,123.24224
42,73,93,120.68818135247712,124.210464
42,74,92,119.86374470555187,122.388374
42,75,91,118.91076648768016,122.33322
42,76,90,114.63814178903624,111.84839
42,77,89,113.90163781605757,117.8393
42,78,88,121.16138695102859,117.40417
42,79,87,117.22883832569268,114.94742
42,80,86,119.84934712134535,119.724686
42,81,85,119.96737886449131,121.96105
42,82,84,114.68116235473057,116.94965
42,83,83,117.91594506469812,120.85257
42,84,82,117.72315781348351,119.79363
42,85,81,121.79313588109493,120.892944
42,86,80,117.06091149408448,121.529816
42,87,79,121.67682000122343,123.58551
42,88,78,119.17818779181368,119.5706
42,89,77,123.89759551582314,123.17506
42,90,76,117.8011126245347,117.875275
42,91,75,120.80419397416287,124.295235
42,92,74,113.77841492748395,119.60384
42,93,73,115.67920552997433,120.5322
42,94,72,118.15158357958896,118.711494
42,95,71,121.83286952252148,122.78258
42,96,70,118.27098517335753,115.43216
42,97,69,119.80064171145791,116.57901
42,98,68,118.83449557368802,115.51901
42,99,67,113.07912815336805,108.753624
42,100,66,120.08874011175438,116.825264
42,101,65,119.13024157576149,122.16391
42,102,64,118.59076261637566,123.322525
42,103,63,111.90008779239244,108.78483
42,104,62,109.15065787834469,120.46647
42,105,61,121.1905637396439,119.24117
42,106,60,116.5913303259045,112.94972
42,107,59,115.84975758504979,119.15085
42,108,58,116.70961621021074,121.330475
42,109,57,113.89405824284974,117.796844
42,110,56,119.2598824416635,113.24297
42,111,55,119.83424448297356,123.099594
42,112,54,116.42073662805578,127.68291
42,113,53,111.5702098054158,106.933205
42,114,52,110.99359047416455,115.33221
42,115,51,114.39559402365155,112.86488
42,116,50,110.60034270492426,107.81231
42,117,49,113.26810386121134,118.85183
42,118,48,117.18512641795002,116.791885
42,119,47,118.60451283282535,117.18823
42,120,46,121.81887941586945,127.254776
42,121,45,119.62833562811431,130.23093
42,122,44,100.96237306122356,105.74045
42,123,43,116.72214710658768,118.4072
42,124,42,113.3965815366346,120.81906
42,125,41,106.42675287189896,110.68491
42,126,40,116.06414767596148,123.82293
42,127,39,103.39811029234602,109.699425
42,128,38,112.40249994645318,111.9807
42,129,37,109.97304403600305,113.186554
42,130,36,76.58934523809525,80.169685
42,131,35,103.74113063096742,104.03403
42,132,34,95.68924401234558,99.96404
42,133,33,102.97977512813708,110.4968
42,134,32,65.8994060846561,62.788715
42,135,31,79.46604365079371,81.01726
42,136,30,72.99562698412699,70.23978
42,137,29,100.84670841466215,87.03996
42,138,28,75.08013912938914,77.43911
42,139,27,57.60000793650795,48.846497
42,140,26,74.51272883597885,57.90514
42,141,25,56.37277777777777,60.86526
42,142,24,75.96319911297849,57.37485
42,143,23,56.72617429792429,46.40056
42,144,22,48.969414733414744,46.615288
42,145,21,80.2377399470899,75.50818
42,146,20,47.20070610870613,49.304028
42,147,19,57.44659259259263,41.20746
42,148,18,29.817522875816994,23.727531
42,149,17,31.17613134142548,31.011099
42,150,16,36.207433408459174,31.375772
42,151,15,21.090172077922084,19.557636
42,152,14,24.637171536197854,23.573324
42,153,13,32.75514285714285,19.39663
42,154,12,19.174180283224402,17.324207
42,155,11,25.81541798941799,28.280062
42,156,10,21.742694444444435,17.99262
43,1,125,119.34491456504769,118.87898
43,2,125,120.64150389019113,124.70294
43,3,125,123.80862451800307,123.66431
43,4,125,108.82230124893704,122.485695
43,5,125,117.88737409186797,122.52057
43,6,125,120.61290452137335,122.09525
43,7,125,121.49733216194892,120.61855
43,8,125,119.58101376644677,118.815636
43,9,125,119.84560656503307,119.729576
43,10,125,121.32505639468555,119.24352
43,11,125,115.05268669346775,117.89609
43,12,125,121.49302855075535,118.76482
43,13,125,110.33399447977742,112.81982
43,14,125,121.58244584500711,123.377464
43,15,125,119.61975903033628,119.493454
43,16,125,107.30991249219637,114.70239
43,17,125,118.7374336406053,119.7412
43,18,125,123.08119255259089,122.85109
43,19,125,116.85963971730344,115.868744
43,20,125,121.32128453077797,123.23997
43,21,125,116.26323276549388,114.41377
43,22,125,115.25783773604412,122.22811
43,23,125,118.54386536766482,125.012375
43,24,125,118.8104618036381,119.13471
43,25,125,117.27200802552346,112.665855
43,26,125,117.56096136502887,112.77676
43,27,125,113.24716854552464,117.817955
43,28,125,116.61301037952147,117.26897
43,29,125,113.21380372803664,112.389404
43,30,125,119.10290954907965,121.95124
43,31,125,117.71829837639316,119.87689
43,32,125,119.37322384872704,122.56832
43,33,125,119.15174944331523,115.48017
43,34,125,116.94421483466715,114.2346
43,35,125,114.87995839623558,113.35995
43,36,125,120.7391417293611,121.26577
43,37,125,121.06263030686195,120.80413
43,38,125,118.70947385892265,118.24082
43,39,125,115.17377443723221,117.36234
43,40,125,113.53834283165884,117.014015
43,41,125,109.19718392090937,121.019356
43,42,125,122.92507824959607,119.850494
43,43,125,115.2539726147442,123.33666
43,44,125,115.86306901359768,116.317795
43,45,125,113.25624113688114,110.922264
43,46,125,111.78772079969211,109.948906
43,47,125,117.3212596515878,121.380585
43,48,125,122.00659636868765,121.98834
43,49,125,117.56857702088733,118.904816
43,50,125,110.88810410724545,121.7363
43,51,125,114.51396290492727,119.2899
43,52,125,120.80784901241267,117.98178
43,53,125,118.09186786067548,119.38377
43,54,125,120.11658408853131,121.31514
43,55,125,121.39551542400838,115.24776
43,56,125,120.31001665028981,117.22859
43,57,125,112.57368034105964,114.69519
43,58,125,120.4110924608978,122.43891
43,59,125,118.43358432411387,115.69663
43,60,125,118.91087636906099,114.86694
43,61,125,117.70241507988558,118.22954
43,62,125,111.9300947258766,119.90588
43,63,125,113.16229046463769,112.295525
43,64,125,112.15463712359056,117.17456
43,65,125,119.31494681320534,120.07828
43,66,125,118.71312635707017,122.827515
43,67,125,119.29007108757482,119.56228
43,68,125,114.61007314276178,113.08714
43,69,125,120.06206677426074,121.02694
43,70,125,117.78780624627063,119.22998
43,71,125,118.92299674932069,117.199905
43,72,125,113.43232957794552,115.87249
43,73,125,115.09374452623229,114.62807
43,74,125,100.45255245960334,100.73173
43,75,125,120.86224604941007,125.1078
43,76,125,116.94988958628514,123.80518
43,77,125,113.82117175581176,114.338585
43,78,125,117.45984895171064,118.157364
43,79,125,115.30542761497561,112.0772
43,80,125,113.46053932351211,117.32372
43,81,125,117.93934161727863,120.76111
43,82,125,120.9858016641584,121.105194
43,83,125,116.42397842794082,112.276505
43,84,125,118.284734626514,121.87401
43,85,125,118.81937168475194,116.053154
43,86,125,120.24122191273591,121.02403
43,87,125,112.98297573751881,115.43875
43,88,125,111.6605776128559,108.352844
43,89,125,119.17142443243509,119.035164
43,90,125,114.93523998287623,119.29613
43,91,125,112.2639677208582,108.41915
43,92,125,117.77805444343028,122.52628
43,93,125,116.38001059905463,120.32229
43,94,125,111.81976515012073,112.31989
43,95,125,109.65960851758835,111.62193
43,96,125,105.8308360028486,114.20392
43,97,125,114.79170639288758,115.227425
43,98,125,119.27150141113174,115.76305
43,99,125,114.6107286137078,121.82228
43,100,125,115.43958879620591,114.854515
43,101,125,114.24509967822921,118.679
43,102,125,110.9670343451847,117.913216
43,103,125,119.16872740894058,114.82418
43,104,125,106.1729663390562,117.919136
43,105,125,114.63582458747595,121.34509
43,106,125,96.44982463501702,109.44004
43,107,124,116.84562750376759,124.14777
43,108,123,115.17006802442596,114.76626
43,109,122,114.17232195934814,120.27805
43,110,121,110.24306748531644,110.181595
43,111,120,116.79108366335578,116.28156
43,112,119,111.4911599350653,111.220535
43,113,118,114.95641281256717,111.63574
43,114,117,114.74539352506945,116.35813
43,115,116,114.01275106440585,117.38069
43,116,115,113.57791994127973,114.847305
43,117,114,102.17701852523386,102.13335
43,118,113,100.52368350913031,108.48283
43,119,112,102.7900124929529,107.54179
43,120,111,118.84222649706197,121.23546
43,121,110,112.07411348202673,115.54571
43,122,109,107.49996723563746,112.572784
43,123,108,117.29405833814853,116.14304
43,124,107,115.68491519885994,113.96711
43,125,106,118.42838948826905,121.82534
43,126,105,114.7549490311985,114.704926
43,127,104,109.49450429081553,111.06764
43,128,103,98.2616592094864,105.42935
43,129,102,106.14000462740835,105.913
43,130,101,95.5554290114154,100.55331
43,131,100,118.12401199338774,119.12989
43,132,99,100.87154462809491,107.971146
43,133,98,98.52606999922455,105.68417
43,134,97,110.28023324573005,113.092514
43,135,96,109.44219306302693,112.66011
43,136,95,111.43729075118395,106.634
43,137,94,111.2827652748811,115.05646
43,138,93,107.65115658642236,104.14909
43,139,92,92.56607968661629,105.178375
43,140,91,111.42032084980983,114.53522
43,141,90,100.34414022097329,107.140366
43,142,89,113.98228570632163,117.85004
43,143,88,102.78861115659966,100.485
43,144,87,117.6941579210711,116.65108
43,145,86,108.11498924620649,111.45694
43,146,85,104.23597139375704,106.53442
43,147,84,108.8083158358617,108.33868
43,148,83,101.89900954866694,97.30885
43,149,82,102.64535871780737,112.616875
43,150,81,111.21514151943916,103.8172
43,151,80,98.22701571031476,101.49601
43,152,79,110.4363908565616,101.88483
43,153,78,107.0103859251015,112.7256
43,154,77,106.65446330150701,100.698456
43,155,76,110.35714855265391,106.58321
43,156,75,85.97161947356882,79.502045
43,157,74,108.50416471356202,93.70963
43,158,73,112.07102055773379,105.02918
43,159,72,97.28359284012917,98.098564
43,160,71,94.93507056656567,99.86617
43,161,70,103.52129715441413,102.36235
43,162,69,77.49449498880752,76.81211
43,163,68,104.0873641348529,103.07229
43,164,67,95.95613472369538,104.45468
43,165,66,104.93775350934997,103.87736
43,166,65,94.78341165991289,92.31944
43,167,64,76.31595800264547,70.85075
43,168,63,94.88973764294428,96.688965
43,169,62,101.4128516291323,83.1754
43,170,61,97.3360634920635,92.45699
43,171,60,88.17386961689085,100.72567
43,172,59,68.98295733974125,59.049854
44,1,125,117.98071248127907,112.98986
44,2,125,114.51693566149896,121.75306
44,3,125,114.98133856624983,112.99796
44,4,125,119.86390786598308,120.323456
44,5,125,118.9483108162074,117.84032
44,6,125,115.38233283340162,117.15065
44,7,125,115.90153270314448,120.049644
44,8,125,113.08510406503262,112.928375
44,9,125,115.98170984361856,116.47754
44,10,125,109.08546730602983,110.535706
44,11,125,107.59660227312744,98.27471
44,12,125,121.77057612004837,117.50458
44,13,125,118.1055847343778,117.93379
44,14,125,116.4233636018163,119.518555
44,15,125,114.18814479371397,111.937935
44,16,125,108.51544918567524,106.543655
44,17,125,114.9221308152713,112.9663
44,18,125,119.15082554774268,119.23045
44,19,125,106.62005265659285,107.16431
44,20,125,115.85744052769815,117.4713
44,21,125,115.1608264482547,112.13002
44,22,125,111.31398509633034,114.18271
44,23,125,110.80017733098568,119.948265
44,24,125,120.90446279260972,118.901764
44,25,125,114.7352730989493,113.5563
44,26,125,120.19311037823269,121.54685
44,27,125,119.36320800588132,111.87206
44,28,125,114.6374673517436,112.505035
44,29,125,116.11871943087138,120.673645
44,30,125,107.74559528882526,111.343185
44,31,125,105.0164211470084,99.21465
44,32,125,113.60621952978101,116.51662
44,33,125,115.57443443119499,112.39113
44,34,125,106.80652803657696,115.18235
44,35,125,120.61970640750103,117.05301
44,36,125,112.99352183437225,109.24611
44,37,125,109.63765204406019,116.26611
44,38,125,110.5832305974295,105.49225
44,39,124,113.98903574383075,117.20473
44,40,123,116.24485573414282,118.43299
44,41,122,116.39110808342275,112.52933
44,42,121,117.53683794791604,113.93824
44,43,120,115.60338711235711,120.35183
44,44,119,116.54197742770562,110.82595
44,45,118,113.67796382284881,113.705505
44,46,117,112.42650499234809,114.19938
44,47,116,115.04811611224254,112.636024
44,48,115,116.49768288744335,118.819565
44,49,114,117.17415131172675,117.364975
44,50,113,117.0213344554549,113.49519
44,51,112,100.57346382633395,109.715126
44,52,111,112.14363209916708,106.4012
44,53,110,115.55677082776764,113.84247
44,54,109,112.5288536969355,116.122665
45,1,125,96.25633407267783,98.6228
45,2,125,100.82929834517401,99.8265
45,3,125,88.00495770837183,81.514984
45,4,125,97.83114937281925,97.27413
45,5,125,99.51567550908304,97.551414
45,6,125,116.32516572595657,111.49715
45,7,125,92.69908083480307,97.04679
45,8,125,110.11082864068517,107.45937
45,9,125,104.22435867650081,100.079506
45,10,125,104.70422497998739,108.2919
45,11,125,95.36264411966489,91.33184
45,12,125,96.76713596391667,92.44015
45,13,125,106.26968885157454,108.05355
45,14,125,109.30867346898216,102.846306
45,15,125,94.29872563547562,90.14969
45,16,125,101.91193830805126,100.46085
45,17,125,106.31039880277362,109.74199
45,18,125,101.79101358022413,95.28689
45,19,125,111.62801643633235,108.199974
45,20,125,105.1730164453664,108.46449
45,21,125,97.78021385836387,104.80442
45,22,125,91.64341997869,97.71967
45,23,125,109.33275432173681,110.8057
45,24,125,106.79173767017907,103.1443
45,25,125,94.89496197727607,96.43614
45,26,125,92.6276506411053,98.82033
45,27,125,102.35665364074062,101.98629
45,28,125,92.65926190476193,93.80717
45,29,125,102.85094085530638,100.47719
45,30,125,97.98564120821952,90.682495
45,31,125,87.2840406643794,99.77075
45,32,125,86.02025922776485,89.92946
45,33,125,91.93451234567907,87.66056
45,34,125,92.92796001614926,84.791084
45,35,125,109.64878789896692,116.756256
45,36,125,92.15424865868944,95.19586
45,37,125,105.3273445516474,95.73693
45,38,125,106.94832625352342,94.51843
45,39,125,95.33494259426699,97.62069
45,40,125,97.4682368222439,93.69978
45,41,125,105.66638025445434,105.80002
45,42,125,97.42525974025976,98.787964
45,43,125,104.78124356128566,109.68557
45,44,125,112.68709542593412,108.23805
45,45,125,104.37022219898874,99.10756
45,46,125,83.78908282458282,93.21684
45,47,125,85.20181152981444,81.83728
45,48,125,108.3664039831342,100.79517
45,49,125,90.5817551942001,94.0147
45,50,125,80.37839848961124,84.1378
45,51,125,99.99565343290257,108.13807
45,52,125,113.01774811542704,116.421936
45,53,125,98.39558245188245,98.28411
45,54,125,88.91897089947084,96.09265
45,55,125,101.98235650247167,103.068245
45,56,125,98.27978023902222,94.93216
45,57,125,108.50870470236855,107.35589
45,58,125,92.27302896053611,95.118866
45,59,125,93.53072981305083,97.08242
45,60,125,100.43582544415321,107.84256
45,61,125,92.15624837876437,97.67129
45,62,125,88.34004727048782,90.295494
45,63,125,92.19781262935805,86.818504
45,64,125,98.36414435853094,103.939514
45,65,125,89.0655398187605,96.85994
45,66,125,93.22200399533216,94.31648
45,67,125,84.4768846212548,86.8609
45,68,125,99.80375619351136,97.35816
45,69,125,102.45005769895724,105.26792
45,70,125,106.3098099189157,102.84716
45,71,125,85.88298293493946,86.09741
45,72,125,98.66466917893784,101.4359
45,73,125,98.90189296308766,99.047066
45,74,125,101.23650745345795,107.55667
45,75,125,110.1578833328105,105.803795
45,76,125,88.11626293600276,95.386055
45,77,125,97.79281502803634,106.351776
45,78,125,105.28252285612966,106.27535
45,79,125,104.48770018361613,98.99311
45,80,125,106.75387882279419,103.40894
45,81,125,82.17160184047037,80.314316
45,82,125,95.32291544566544,91.68596
45,83,125,88.33986363122874,87.849236
45,84,125,102.84179898677174,107.41254
45,85,125,88.56394444749868,86.52994
45,86,125,104.04694119751102,87.93378
45,87,125,107.5479362462298,101.340385
45,88,125,98.86649585394326,96.70485
45,89,125,97.11870216976585,107.27752
45,90,125,106.35516269841267,107.7333
45,91,125,76.34533496292978,79.06456
45,92,125,100.1923836029509,99.16422
45,93,125,92.75141247317796,95.82645
45,94,125,102.47095563420562,103.94376
45,95,125,97.28879323426689,94.66001
45,96,125,84.97858179910618,85.89167
45,97,125,106.6083080933052,104.69088
45,98,125,92.51764296152767,90.79626
45,99,125,93.25932462302228,94.10273
45,100,125,91.27339233508602,98.45701
45,101,125,97.84043302113906,88.750565
45,102,125,104.50971803804302,102.160446
45,103,125,85.42294198834179,93.05055
45,104,125,97.33915754401728,106.91711
45,105,125,100.72349514256177,105.216354
45,106,125,86.94669725849148,87.63139
45,107,125,88.92252951987999,92.01604
45,108,125,100.29121623163292,99.46358
45,109,125,84.1154246809835,75.083885
45,110,125,82.52252787548987,87.971176
45,111,125,98.67093160405304,103.541824
45,112,125,76.8355571748418,79.156784
45,113,125,101.29481792242366,107.887634
45,114,125,80.45858333333335,82.118004
45,115,125,101.21510662626923,98.16063
45,116,125,95.93033500115023,94.080185
45,117,125,71.43662789889926,75.24778
45,118,125,89.18008779088149,83.86988
45,119,125,89.80497519669548,88.58189
45,120,125,98.50790056116861,90.45174
45,121,125,95.09849072955826,96.685776
45,122,125,76.36215916412192,77.336464
45,123,125,100.52203779000705,104.474686
45,124,125,87.13445020960404,88.81339
45,125,125,83.88364521021698,91.93326
45,126,125,99.45613052211556,102.37268
45,127,125,98.8639815991392,94.958015
45,128,125,90.71009402170242,84.457794
45,129,125,78.56345246218373,79.23549
45,130,125,92.11424942027308,96.45107
45,131,125,75.9444237724053,81.412125
45,132,125,83.1153599526289,76.90928
45,133,125,97.6204119966808,95.78209
45,134,125,98.79738911289077,100.01879
45,135,125,88.18173933694217,95.278984
45,136,125,72.81103655603658,74.01577
45,137,125,79.42029263830453,76.281624
45,138,125,76.68921453546456,77.96948
45,139,125,97.67891917116037,100.29949
45,140,125,97.02393782330745,88.805885
45,141,125,79.59493941517131,86.401474
45,142,124,94.77778642928101,92.243904
45,143,123,84.16988854527581,91.125786
45,144,122,67.27948015873015,72.507866
45,145,121,92.09839634320282,90.37187
45,146,120,94.37743071651246,102.0961
45,147,119,87.59474100728903,86.06531
45,148,118,69.35728572647248,70.66674
45,149,117,87.2679798368299,84.496155
45,150,116,58.17018121693125,63.037186
45,151,115,87.8129602667323,88.75832
45,152,114,72.32801632969425,61.994644
46,1,125,114.72988572771173,115.9108
46,2,125,113.50705941767472,116.65837
46,3,125,107.34259533835461,101.15171
46,4,125,98.46889020445408,90.016685
46,5,125,104.92132350707963,103.49251
46,6,125,110.36902231924542,102.735565
46,7,125,101.63799162257496,107.04974
46,8,125,106.5292781361758,109.93066
46,9,125,115.57418411129841,118.09557
46,10,125,101.90728794685086,103.76909
46,11,125,94.56580173992671,104.19926
46,12,125,115.41654696028178,117.65014
46,13,125,105.2564301901822,106.47804
46,14,125,81.34469360269365,86.14264
46,15,125,113.42690235670297,112.63217
46,16,125,89.78908525151671,89.7742
46,17,125,111.11229996463643,112.43153
46,18,125,100.57626089685697,104.24706
46,19,125,102.60287101962516,100.669655
46,20,125,109.52733577477811,113.94634
46,21,125,102.87680426389446,101.387215
46,22,125,104.92609360410837,99.20872
46,23,125,107.96321030656411,111.739075
46,24,125,116.45082721559166,116.20815
46,25,125,89.3270842033783,97.38713
46,26,125,105.50940271644936,109.73478
46,27,125,104.79754058588303,102.028595
46,28,125,107.5408898384028,103.52066
46,29,125,112.01694107435678,105.44146
46,30,125,111.02120356474882,109.62376
46,31,125,107.37565239019233,120.89168
46,32,125,104.60580047428725,104.05326
46,33,125,113.06031088365462,112.30808
46,34,125,104.13004471110263,103.11347
46,35,125,102.55687578109597,100.82323
46,36,125,95.12168542294049,96.264114
46,37,125,80.33719926576687,93.3014
46,38,125,102.34718397980888,103.13097
46,39,125,106.96299456078026,104.26574
46,40,125,80.80489285714283,90.82876
46,41,125,93.68875793650788,94.36312
46,42,125,108.60249979323261,102.5669
46,43,125,90.53775197830845,83.42013
46,44,125,100.23913702803682,113.97887
46,45,125,103.75178323477463,99.76033
46,46,125,100.77878117381103,95.58789
46,47,125,112.41826841842658,110.42021
46,48,125,105.87674340495496,102.879875
46,49,125,99.26790780335291,102.063286
46,50,125,88.44924040404042,85.84604
46,51,125,103.86341070492874,102.29847
46,52,125,87.35183068783066,77.18151
46,53,125,99.87950745853591,109.99192
46,54,125,89.89120887445883,97.96722
46,55,125,92.11975335412721,85.478745
46,56,125,78.11211327561328,76.01769
46,57,125,101.15210492813752,104.43821
46,58,125,96.52905560160883,100.544
46,59,125,108.88639894420882,112.24773
46,60,125,108.13566246013004,108.31655
46,61,125,90.47757332461086,96.92144
46,62,125,107.13951091746574,105.7048
46,63,125,98.62815660249919,97.42867
46,64,125,111.94761599297044,109.844406
46,65,125,85.75216019628519,92.64177
46,66,125,105.10691196248514,108.96987
46,67,125,100.1122819782891,96.22078
46,68,125,107.96815280265572,106.986534
46,69,124,109.81108253925244,103.01828
46,70,123,93.19774718546188,91.695244
46,71,122,82.28180164481252,89.84412
46,72,121,76.99974867724869,88.42123
46,73,120,96.95571303164826,94.14296
46,74,119,88.81887117720987,95.53529
46,75,118,94.67791266060058,88.930595
46,76,117,99.05662850378833,111.034164
46,77,116,92.63939514189516,85.418625
46,78,115,88.6465515873016,79.18063
46,79,114,105.49932586866554,105.26202
46,80,113,81.77266112947646,83.7144
46,81,112,92.19842748917752,100.42609
46,82,111,102.00540476190473,103.03441
46,83,110,87.2214461279461,100.81598
46,84,109,95.41274173471865,94.67273
46,85,108,88.87970564429182,89.61139
46,86,107,89.68747622780438,96.80045
46,87,106,90.98263044363046,87.05614
46,88,105,86.899612387314,94.43767
46,89,104,65.55519305207461,63.808258
46,90,103,85.45236590407642,83.17771
46,91,102,90.2813095238095,87.187294
46,92,101,83.03885094681146,83.8452
46,93,100,74.98791269841267,81.537094
46,94,99,82.99460364145658,82.00429
46,95,98,88.35251638195103,86.37621
46,96,97,85.75318121693124,79.862305
46,97,96,74.15071966532494,75.75584
46,98,95,77.46427513227515,79.74242
46,99,94,83.71237970805555,97.53199
46,100,93,72.03502766907796,74.59518
46,101,92,75.19766391449058,67.12614
46,102,91,88.21776442613542,81.79384
46,103,90,89.19966199706212,86.38343
46,104,89,84.34621514405134,78.83797
46,105,88,72.19773412698417,72.65585
46,106,87,79.04272225758994,85.65509
46,107,86,72.306474969475,71.97153
46,108,85,58.343339950082594,67.114876
46,109,84,85.2146705262955,81.61605
46,110,83,80.15621031746034,76.939224
46,111,82,61.03180059523807,59.213036
46,112,81,74.72257752140645,65.51505
46,113,80,77.51935256410258,64.10205
46,114,79,56.93225132275135,49.115196
46,115,78,80.27805158730156,80.27517
46,116,77,70.15448713323717,70.651764
46,117,76,66.06557847867332,69.631775
46,118,75,71.9760443722944,70.68301
46,119,74,78.18066452991451,60.73611
46,120,73,70.41509462759463,64.62798
46,121,72,59.503531971939275,63.806538
46,122,71,75.48202717652711,74.41289
46,123,70,54.98676190476191,55.72192
46,124,69,80.1328760790866,82.93565
46,125,68,62.607700549450556,58.234116
46,126,67,64.21818253968252,62.38066
46,127,66,60.17457632573364,62.7145
46,128,65,59.466721001221,58.37529
46,129,64,52.51781216931218,48.2388
46,130,63,47.28575396825395,47.553795
46,131,62,57.02089671147563,56.211227
46,132,61,52.04142328042326,45.851376
46,133,60,62.68324107142857,59.287964
46,134,59,55.84229886779887,58.470356
46,135,58,56.96369444444442,52.45022
46,136,57,46.00834126984126,45.769108
46,137,56,50.753603174603185,49.63059
46,138,55,54.609283068783064,50.578075
46,139,54,49.15718495514152,47.2211
46,140,53,58.34496825396827,55.65573
46,141,52,49.54640476190473,50.07138
46,142,51,43.99298412698414,45.9501
46,143,50,54.99757193732194,54.528893
46,144,49,43.92796693121692,46.791073
46,145,48,43.13740343915344,39.96495
46,146,47,55.158507971014494,51.989376
47,1,125,97.17033480707555,103.34322
47,2,125,105.19213871133479,105.40052
47,3,125,85.84780034706372,91.18864
47,4,125,113.43433954624946,114.44145
47,5,125,84.4245151996152,99.85831
47,6,125,99.4213269134721,115.20366
47,7,125,110.98041679590258,123.41408
47,8,125,114.8781286706425,113.607376
47,9,125,114.5393517911003,121.989
47,10,125,72.56741534391531,81.52505
47,11,125,115.11157583713525,124.92109
47,12,125,111.14775577825688,111.29675
47,13,125,111.1024852081436,114.86476
47,14,125,113.54606060274872,120.334305
47,15,125,103.39158873490744,109.953674
47,16,125,111.71304806182408,113.45868
47,17,125,113.4075869023456,104.808365
47,18,125,116.30497394333233,117.914635
47,19,125,109.8056612494755,113.43588
47,20,125,111.5190129455083,111.84965
47,21,125,111.21128594352041,114.65214
47,22,125,93.68946013993299,95.71919
47,23,125,105.1350004012275,107.46247
47,24,125,117.09308516522714,127.53849
47,25,125,112.50848009642532,115.43127
47,26,125,116.64046146002515,112.751945
47,27,125,109.90882663531372,122.02328
47,28,125,90.95503042328045,84.48025
47,29,125,120.40765672812728,121.04396
47,30,125,112.03058482831865,113.388336
47,31,125,113.88263044645534,116.2995
47,32,125,100.36141240282794,94.428246
47,33,125,117.36378987571763,110.03088
47,34,125,103.1261000417711,112.05394
47,35,125,120.85017422334221,116.57966
47,36,125,114.45153630339938,118.88236
47,37,125,99.73028483088447,101.75768
47,38,125,110.96710481534237,115.47661
47,39,125,112.89266140710664,117.37128
47,40,125,96.27536065943993,101.818016
47,41,125,108.07569789074208,113.61973
47,42,125,76.52818398268398,87.4034
47,43,125,105.12293037982731,106.487144
47,44,125,107.05509911049487,127.12505
47,45,125,103.867951836977,102.79857
47,46,125,96.66201868032199,89.054596
47,47,125,120.13979411209958,121.48336
47,48,125,111.9947742210252,115.177574
47,49,125,96.07518614062967,102.77882
47,50,125,104.3734088091911,98.073715
47,51,125,122.0477628360857,122.33358
47,52,125,110.27880575943738,113.77846
47,53,125,116.2919485980006,117.54421
47,54,125,109.94363616174454,117.46541
47,55,125,113.00751503812882,110.46476
47,56,125,110.7138636687531,106.94707
47,57,125,91.64155897207374,93.16901
47,58,125,109.16642578584772,108.39583
47,59,125,106.1261156074435,102.09834
47,60,125,99.91035676198959,108.89844
47,61,125,110.84558858829195,114.91006
47,62,125,87.74298340548344,106.49736
47,63,125,105.41897528456678,108.100624
47,64,125,107.82969896492322,114.996346
47,65,125,65.23460707323866,79.210495
47,66,125,108.03454889935976,108.43654
47,67,125,101.11634568772612,98.324425
47,68,125,111.58151730943142,115.182556
47,69,125,99.50646737424374,114.782936
47,70,125,101.14644954912426,95.69892
47,71,125,101.43004929903255,109.83134
47,72,125,95.83871352134474,98.961235
47,73,125,117.73902078994264,115.320175
48,1,125,114.21331980589828,113.30225
48,2,125,116.36692179301325,116.09853
48,3,125,112.43530977358809,114.78352
48,4,125,112.40079743007709,118.17812
48,5,125,116.02916581016383,118.5561
48,6,125,119.16821726425354,119.94743
48,7,125,109.71409761530587,102.72146
48,8,125,114.99097990433566,109.30251
48,9,125,108.17223251708761,108.29392
48,10,125,118.15063348808692,118.465836
48,11,125,110.08150882668376,108.291954
48,12,125,112.51107589790854,110.887505
48,13,125,114.06275030559334,113.77471
48,14,125,117.07631486576487,116.477646
48,15,125,112.783928408964,113.163414
48,16,125,117.13292707011281,116.796036
48,17,125,113.83820527078274,117.028854
48,18,125,117.82383040247909,121.08782
48,19,125,108.96651440532406,109.254074
48,20,125,113.05145501937014,116.739624
48,21,125,119.01988302124727,120.440994
48,22,125,111.8488365148886,111.851364
48,23,125,106.98820925970662,109.19402
48,24,125,106.59171806916304,113.477264
48,25,125,107.3746224312867,105.22268
48,26,125,120.50894091960802,119.33128
48,27,125,117.24700520520001,109.70959
48,28,125,115.82111351834709,113.42119
48,29,125,109.02198341841087,102.66518
48,30,125,111.50412022133122,109.70282
48,31,125,116.36620061006634,121.11714
48,32,125,110.9792004972257,110.900986
48,33,125,112.61831134756142,107.52173
48,34,125,114.99317371105133,110.51711
48,35,125,104.96851888049413,119.95572
48,36,125,112.22051523885605,119.204956
48,37,125,107.21157956628217,115.108864
48,38,125,111.96710298174301,118.97572
48,39,125,116.61633112782091,117.491615
48,40,125,112.17542556222375,119.373535
48,41,125,112.37966593833517,111.35729
48,42,125,116.7953811518303,115.74725
48,43,125,112.55379287054889,113.86665
48,44,125,96.37072040607967,94.23852
48,45,125,120.0505582668753,120.743164
48,46,124,112.18004729666146,111.8208
48,47,123,110.47534054805149,112.51893
48,48,122,106.45991637187163,102.54639
48,49,121,111.84290970013986,113.647766
48,50,120,105.5658232204015,103.2123
48,51,119,116.77347870816811,116.44409
48,52,118,116.32867136127585,116.44719
48,53,117,115.51797624381327,118.94463
48,54,116,110.90220731082013,118.63516
48,55,115,116.4650809597865,115.3801
48,56,114,117.94216961672389,116.24406
48,57,113,116.38298788557606,112.40377
48,58,112,111.16063525352801,111.2694
48,59,111,112.68196567152397,115.080795
48,60,110,109.24285437441053,114.948166
48,61,109,111.72164510692416,113.73555
48,62,108,110.78499839728434,109.60634
48,63,107,102.89909022770135,102.23389
48,64,106,108.66652543094679,112.47151
48,65,105,109.18363703269695,118.058
48,66,104,114.08035647855529,113.64487
48,67,103,117.57471601295191,118.87988
48,68,102,106.16034429245177,101.669815
48,69,101,118.52464462993078,117.37167
48,70,100,112.96222490311268,115.04476
48,71,99,113.8943659413604,109.32889
48,72,98,100.61815964271459,97.28622
48,73,97,109.49291548859881,102.93082
48,74,96,103.50509469929104,100.6507
48,75,95,110.70460747806845,119.259575
48,76,94,104.34056992390714,104.37914
48,77,93,107.62457572418701,113.28283
48,78,92,103.84211843865086,106.1734
49,1,125,118.55614223927772,122.446754
49,2,125,124.78632337007633,123.57405
49,3,125,123.20321558312928,124.27573
49,4,125,120.14708312875807,118.298035
49,5,125,120.87188760837145,123.35988
49,6,125,122.3984938583889,124.55517
49,7,125,123.97376377336857,126.437805
49,8,125,121.54077066905909,122.12656
49,9,125,124.13805026296058,121.68013
49,10,125,123.70390141837396,123.12565
49,11,125,123.40137565887593,125.11036
49,12,125,120.86052674260196,124.12244
49,13,125,119.42463093094933,119.96102
49,14,125,121.50968765045128,121.318
49,15,125,123.64210827924096,125.77992
49,16,125,123.78451794401437,122.51099
49,17,125,124.57886730005298,128.00433
49,18,125,123.74901568710345,124.96183
49,19,125,124.54658035728686,124.659096
49,20,125,122.76654172422214,123.738
49,21,125,124.01488650594659,123.857666
49,22,125,119.8514826675237,120.21676
49,23,125,123.57041777723086,122.60411
49,24,125,124.39628424434025,123.61365
49,25,125,124.20831125465823,123.679726
49,26,125,123.78520862852156,124.22769
49,27,125,124.3471753599954,124.4166
49,28,125,119.24292221590527,117.26146
49,29,125,117.58104746338776,118.80819
49,30,125,120.2797138121206,123.54477
49,31,125,122.14650721086953,126.01316
49,32,125,118.96458957031876,120.35753
49,33,125,119.53261866455631,121.24363
49,34,125,124.60997848411195,123.96663
49,35,125,124.45707272446363,125.13536
49,36,125,121.57298302595741,121.75676
49,37,125,123.50857354477368,120.5098
49,38,125,122.4380416249212,122.275764
49,39,125,120.52377121913467,121.9964
49,40,125,123.07748915180841,124.32997
49,41,125,124.43888264781002,123.03074
49,42,125,118.65840703037573,121.62094
49,43,125,124.22764343901763,121.420975
49,44,125,122.4389165772736,122.15405
49,45,125,118.62033370996076,120.486565
49,46,125,112.70218285134635,116.12297
49,47,125,116.42870667209175,120.68066
49,48,125,122.18910778494323,120.45308
49,49,125,123.95194398771748,122.12154
49,50,125,122.27290303915062,124.9129
49,51,125,122.5019505250345,121.13833
49,52,125,124.1651535648264,123.320526
49,53,125,118.39072804809179,119.34455
49,54,125,121.58487287073328,120.440445
49,55,125,123.41468818568893,117.64589
49,56,125,121.8005212880912,120.95209
49,57,125,123.82239198301593,121.60325
49,58,125,124.44589356890269,124.27811
49,59,125,123.64109014686956,125.516266
49,60,125,120.82373540243518,123.66224
49,61,125,123.98655146957344,121.61922
49,62,125,122.12308012086896,125.81354
49,63,125,123.58276805114502,124.62731
49,64,125,121.41746854064976,123.87499
49,65,125,119.61415399617184,120.333374
49,66,125,120.23238467939251,121.77967
49,67,125,122.05188807452797,124.43556
49,68,125,120.81688911530532,120.26565
49,69,125,122.11892011316439,124.493904
49,70,125,119.84635359851704,123.82384
49,71,125,124.5563426864438,124.664764
49,72,125,124.10123297402507,123.66561
49,73,125,123.0112252010184,120.97277
49,74,125,124.75011787695408,125.09598
49,75,125,120.59150451956012,120.82505
49,76,125,121.7333327082475,122.98719
49,77,125,124.67650399621226,124.37685
49,78,125,119.60652048526295,121.716576
49,79,125,119.23511798725791,118.01948
49,80,125,117.17842809369506,126.95653
49,81,125,123.86247591530172,124.86219
49,82,125,112.39284771512737,109.85736
49,83,125,123.99626254106016,125.18495
49,84,125,122.98615484470672,122.14072
49,85,125,123.88262644478891,123.030266
49,86,125,124.43185017508372,123.976845
49,87,125,120.33425234145376,120.47868
49,88,125,113.99569133534673,112.55518
49,89,125,122.77648307325468,122.88347
49,90,125,124.11231970438673,124.79097
49,91,125,123.43347860291702,122.50163
49,92,125,122.85454986310889,123.87425
49,93,125,119.9297973832422,119.105774
49,94,125,118.3198086456776,115.88793
49,95,125,123.75167965878863,122.56135
49,96,125,121.88250900236847,122.14573
49,97,125,122.42207541810019,121.09356
49,98,125,121.28329829358655,122.84651
49,99,125,120.68393288886502,120.91622
49,100,125,121.81174954465736,123.29097
49,101,125,121.7698423861475,122.33723
49,102,125,118.34794978795088,119.50773
49,103,125,118.83658874839794,119.99913
49,104,125,119.90057817498142,120.00575
49,105,125,122.39268266621626,121.82799
49,106,125,121.85219995842276,120.76334
49,107,125,123.91654661201612,122.16618
49,108,125,120.03011262801871,117.85858
49,109,125,124.3846403889183,123.45548
49,110,125,121.32563320572085,123.76245
49,111,125,124.37678385033476,123.901505
49,112,125,102.37626451044932,100.81956
49,113,125,115.05575506882478,117.21543
49,114,125,123.79255568407723,122.52334
49,115,125,116.70205852297498,123.89328
49,116,125,124.51465333731073,125.51617
49,117,125,117.24647449268834,116.22894
49,118,125,119.81941283559168,121.635056
49,119,125,108.18708542425117,115.83239
49,120,125,123.1535938658075,120.75136
49,121,125,114.48141988470566,116.094376
49,122,125,115.25176534162252,117.49234
49,123,125,119.85298027708265,119.62661
49,124,125,121.92412237369652,123.53493
49,125,125,112.5971841727534,116.20215
49,126,125,122.00496410604659,122.7648
49,127,125,123.57978191287431,122.70245
49,128,125,117.55167607300517,121.118195
49,129,125,108.65383035632551,117.05115
49,130,125,118.57239090664889,120.624466
49,131,125,120.81953181676091,117.635956
49,132,125,122.74283721507214,121.45372
49,133,125,117.12165549265349,115.05047
49,134,125,115.36664380257399,115.942696
49,135,125,116.03174922893187,124.30873
49,136,125,118.26973543296648,117.41705
49,137,125,121.57265619736928,120.48251
49,138,125,115.94747140423924,117.698586
49,139,125,116.23366142376729,115.236
49,140,125,119.58300216143907,121.215935
49,141,125,113.94552352039013,118.04694
49,142,125,119.12203024136404,117.400604
49,143,125,117.7774184020435,119.95168
49,144,125,120.22324120503679,117.95648
49,145,125,119.4740401862691,119.33295
49,146,125,118.3319903561352,122.47617
49,147,125,117.22153313137993,118.5609
49,148,125,122.55656267596831,121.86069
49,149,125,114.9823608558581,117.46596
49,150,125,118.92228654706875,117.66794
49,151,125,112.40234425294484,116.99902
49,152,125,113.35212764996848,118.29898
49,153,125,120.0552588747317,119.22156
49,154,125,119.61216914182772,120.483086
49,155,125,116.75721580122513,116.29058
49,156,125,115.80501112318312,112.24428
49,157,125,120.65598124923068,119.61782
49,158,125,115.5868847767561,117.7868
49,159,125,116.93918276876519,120.44956
49,160,125,117.58209572682647,117.862915
49,161,125,118.43058690632618,117.08062
49,162,125,119.55948329450761,120.76738
49,163,125,122.65524827524534,122.54537
49,164,125,113.5291866464066,111.15785
49,165,125,114.4759219752323,113.83308
49,166,125,114.2954947829059,115.361595
49,167,125,115.94551058140273,114.992226
49,168,125,108.75561714002976,104.69722
49,169,125,112.54970893146805,111.16326
49,170,125,108.47572816284719,114.742294
49,171,125,118.48050704594253,122.68752
49,172,125,106.85385204418225,106.7
49,173,125,114.15604919013997,109.182365
49,174,125,121.00448985227005,118.14705
49,175,125,117.60523886213103,115.44927
49,176,125,109.0036786514636,108.75473
49,177,125,117.77882745372695,113.46179
49,178,125,114.47250064059929,117.45763
49,179,125,111.96030555555556,115.63274
49,180,125,118.58105716795237,118.54296
49,181,125,111.4672370294087,111.93044
49,182,125,105.70702663571984,111.15194
49,183,125,118.56453522696441,119.03267
49,184,125,104.10322711211533,105.45761
49,185,125,114.37112882640096,117.56664
49,186,125,117.09072755697076,117.76109
49,187,125,116.40512919798802,118.692245
49,188,125,113.99335874430282,117.76824
49,189,125,113.85141921590281,113.30416
49,190,125,112.48448340303236,112.25198
49,191,125,117.15770610301777,116.8282
49,192,125,116.59603709911886,114.05966
49,193,125,115.10600038077835,110.41639
49,194,125,112.90408323387601,106.286446
49,195,125,116.99068866445764,118.14987
49,196,125,111.41804796195096,109.557365
49,197,125,114.85580867112493,104.37375
49,198,125,112.19393039380846,111.88615
49,199,125,111.0406367783636,111.11129
49,200,124,113.61196019755148,112.18805
49,201,123,121.42771947750688,120.707085
49,202,122,99.63611928452409,96.567055
49,203,121,116.54737258914062,110.14939
49,204,120,116.10231616967006,114.43077
49,205,119,94.63097937718521,99.88634
49,206,118,105.96376920137239,105.01802
49,207,117,98.2827176951589,106.731125
49,208,116,113.33337713375785,109.32027
49,209,115,106.7981706211606,105.28095
49,210,114,98.10796183088144,100.50529
49,211,113,104.4139565020129,102.29609
49,212,112,105.24529395971102,100.55269
49,213,111,113.93534347290274,112.087395
49,214,110,105.75022531342303,97.64302
49,215,109,112.31063266237518,107.908226
49,216,108,107.96761645997947,116.04171
49,217,107,103.43036235278274,99.63176
49,218,106,108.507954492618,104.31189
49,219,105,87.92477235648383,82.77132
49,220,104,106.77445723880568,112.323814
49,221,103,113.90995482002805,108.465034
49,222,102,112.20192838643506,110.02556
49,223,101,102.85506875256574,101.92431
49,224,100,107.13729352431729,105.418686
49,225,99,115.59132946268399,102.69729
49,226,98,106.62796204969854,107.56142
49,227,97,101.02738068762923,102.28444
49,228,96,101.71682355232821,98.99392
49,229,95,102.62215591716483,111.114105
49,230,94,106.3209621551067,109.386375
49,231,93,102.10079549979474,114.46877
49,232,92,106.42490281180551,114.82715
49,233,91,104.20373955496791,106.67424
49,234,90,97.46227908630301,101.97398
49,235,89,107.31142662372628,117.72806
49,236,88,114.04922615332327,108.39869
49,237,87,100.02416045362128,97.043236
49,238,86,91.66544526911106,106.27407
49,239,85,104.42284017120281,101.32068
49,240,84,85.52392143096556,93.44762
49,241,83,105.02205036146222,110.02764
49,242,82,101.75013254887794,97.98827
49,243,81,103.35104657603492,97.83779
49,244,80,87.33305381964738,91.34997
49,245,79,110.34714298829296,112.04184
49,246,78,101.96703565103553,78.72481
49,247,77,105.64369552211393,97.69827
49,248,76,94.35716519819327,99.375084
49,249,75,96.21411393737037,108.26801
49,250,74,76.29314923166685,76.29008
49,251,73,90.69412027987197,92.993286
49,252,72,107.26277748703171,103.339836
49,253,71,87.45854762033751,91.55104
49,254,70,106.98635974465162,104.92847
49,255,69,103.54360317460318,98.07875
49,256,68,100.5481481481481,103.923325
49,257,67,87.89103469553272,87.69874
49,258,66,107.60581933860269,99.497116
49,259,65,91.50773243974614,80.152466
49,260,64,90.542731188574,97.47032
49,261,63,93.97767414776986,102.376015
49,262,62,104.04055118347118,103.04932
49,263,61,67.74929365079366,66.92776
49,264,60,102.14722026304325,105.44542
49,265,59,68.93399783549785,80.34032
49,266,58,74.30083102065906,79.41573
49,267,57,54.75384211004052,64.462776
49,268,56,83.00852813852812,80.787285
49,269,55,66.3621453742608,60.29555
49,270,54,68.65886493691491,73.06966
49,271,53,62.58640873015874,74.46481
49,272,52,69.98641269841268,78.028755
49,273,51,83.63908107017022,79.791275
49,274,50,60.43512301587298,59.528152
49,275,49,59.010039682539684,50.733215
49,276,48,74.3706375661375,79.847336
49,277,47,58.722560846560796,58.11516
49,278,46,50.20306507936508,50.21337
49,279,45,45.14854080714605,38.93124
49,280,44,65.55046825396828,47.157425
49,281,43,46.481469576719576,46.01513
49,282,42,59.214269841269825,61.66079
49,283,41,48.301005207755196,53.839664
49,284,40,85.6324941451586,77.32502
49,285,39,60.91790187590188,52.45675
49,286,38,39.76181786731787,46.088528
49,287,37,47.082576058201056,42.568214
49,288,36,49.072227513227496,51.868042
49,289,35,30.9808898809524,30.689058
49,290,34,29.50808170065229,29.191305
49,291,33,43.423535714285684,44.822475
49,292,32,44.89346957671957,47.53492
49,293,31,36.38078166822286,32.46547
49,294,30,21.386593915343912,16.401596
49,295,29,26.89492041925466,25.182652
49,296,28,23.184353415103406,27.370132
49,297,27,25.193352140725942,31.971745
49,298,26,19.008915150469498,18.733694
49,299,25,36.23711279461279,28.339043
49,300,24,22.195960317460308,22.451406
49,301,23,31.538606806156803,25.272686
49,302,22,28.025956830206834,29.181282
49,303,21,15.084313131313126,15.624769
50,1,125,117.60002546590748,111.44534
50,2,125,119.82455554933809,119.27035
50,3,125,118.77762939614314,117.65637
50,4,125,122.33346427412374,123.42593
50,5,125,116.26004356420398,113.773315
50,6,125,120.01613173320635,116.49647
50,7,125,112.54201862976502,114.98617
50,8,125,108.89770433668285,111.854935
50,9,125,115.18397655440907,113.85116
50,10,125,115.13942817886168,116.255844
50,11,125,116.92552833916643,120.38618
50,12,125,124.6883994537553,123.03077
50,13,125,119.24257077341899,115.88963
50,14,125,119.34547330164258,119.248436
50,15,125,107.46753440656373,119.257805
50,16,125,118.47479018512158,118.10434
50,17,125,114.66131716006339,114.99545
50,18,125,122.57213114516722,123.2564
50,19,125,122.93060749174381,121.72865
50,20,125,112.20081683063724,112.82269
50,21,125,123.5824624703262,121.915504
50,22,125,119.1953134837809,123.49961
50,23,125,113.20111224273765,115.96901
50,24,125,112.1048427266519,114.199036
50,25,125,119.53613199433548,124.029
50,26,125,113.83855324149702,114.52446
50,27,125,119.79951492411608,120.79207
50,28,125,116.4853070242123,114.15791
50,29,124,122.67035581962647,122.79106
50,30,123,119.36410538777862,117.950745
50,31,122,118.96333758790487,120.47204
50,32,121,116.32009545074598,116.34897
50,33,120,116.88850796200992,120.563225
50,34,119,116.87948774218252,117.99519
50,35,118,106.6662199661819,106.20366
50,36,117,121.66609605113804,119.90175
50,37,116,121.08856189792164,121.45539
50,38,115,121.36153564495946,117.481995
50,39,114,121.81830953032943,120.30712
50,40,113,117.11494677607969,114.002785
50,41,112,115.78630916521443,112.726875
50,42,111,118.0530990531702,117.23898
50,43,110,115.91133851464082,116.589645
50,44,109,117.01917394850983,117.15886
50,45,108,113.22222027020354,111.91036
50,46,107,112.52440441189154,113.966934
50,47,106,108.61638621363434,108.47533
50,48,105,117.5632857688034,121.87478
50,49,104,110.44547358304048,106.676056
50,50,103,112.2716302641847,113.45968
50,51,102,114.09259755743324,110.84273
50,52,101,123.0988894866973,122.34958
50,53,100,117.65887478787769,117.84405
50,54,99,117.3700451683035,116.87984
50,55,98,112.48407855059651,114.173256
50,56,97,121.69887027944637,119.38718
50,57,96,104.35216362607889,104.81757
50,58,95,106.28337070242,98.274956
50,59,94,109.54614050181429,109.470955
50,60,93,111.3282686218536,114.2174
50,61,92,109.77150869925164,115.22237
50,62,91,111.27270753351029,110.66227
50,63,90,107.89775410499057,109.30994
50,64,89,115.69538056374387,120.35719
50,65,88,106.65196244121447,107.486725
50,66,87,111.76983348993473,111.737076
50,67,86,122.05671033083905,116.95855
50,68,85,110.0093715111131,108.87549
50,69,84,111.194312760642,110.81776
50,70,83,106.52129933586049,114.41368
50,71,82,110.94544757121318,112.557816
50,72,81,96.43489623792624,97.88846
50,73,80,105.26638480205663,104.71834
50,74,79,102.06552380952384,106.572914
51,1,125,121.72956435059272,122.63082
51,2,125,113.89071461934437,119.55013
51,3,125,120.61613229703755,120.71959
51,4,125,118.35042178925451,120.30859
51,5,125,123.2928559186237,121.54714
51,6,125,119.78097631792053,119.90971
51,7,125,117.27434439152906,116.49852
51,8,125,117.65745746900667,117.29291
51,9,125,118.33238404870009,120.447716
51,10,125,117.49621450379878,124.70137
51,11,125,115.79141205909104,113.94285
51,12,125,120.59478391596475,122.950935
51,13,125,117.52718328943081,115.79697
51,14,125,113.91249372521835,120.285324
51,15,125,120.86630931300373,122.18824
51,16,125,120.57655479638093,118.5398
51,17,125,118.76086036570659,120.6084
51,18,125,120.73654763639821,120.26178
51,19,125,115.31846628856091,111.60499
51,20,125,123.5484501990148,122.73239
51,21,125,105.22104396846844,111.34112
51,22,125,119.10634718488194,120.06389
51,23,125,117.78659127175219,116.70577
51,24,125,110.31445896840671,111.63453
51,25,125,114.4288323611354,116.23457
51,26,125,117.62284827697687,111.42578
51,27,125,122.33637807098812,121.34776
51,28,125,118.48688640889438,124.54525
51,29,125,117.14386581579063,120.06855
51,30,125,117.08752893490676,116.544014
51,31,125,118.24206123604803,114.67588
51,32,125,113.15571898314047,115.48075
51,33,125,115.38631758412387,117.84942
51,34,125,116.18025633015034,120.96221
51,35,125,119.59595699629072,120.40923
51,36,125,116.87249356552476,122.693146
51,37,125,114.49963470701745,115.40853
51,38,125,115.63598767866158,117.0711
51,39,125,119.39432721912615,120.610504
51,40,125,118.2933990773691,120.42972
51,41,125,116.64692320790294,116.56509
51,42,125,107.04087198886597,107.39798
51,43,125,114.40483186382022,117.77786
51,44,125,113.51638670766016,115.27706
51,45,125,114.3092988749007,120.17843
51,46,125,118.77788536659604,120.92076
51,47,125,121.06796478190205,116.40664
51,48,125,117.86745323162359,117.42497
51,49,125,116.62849029046748,119.828415
51,50,125,118.64743026187348,120.620384
51,51,125,120.24565412876875,120.52306
51,52,125,114.25816840479064,107.15928
51,53,125,120.37102280296938,115.534706
51,54,125,115.93074525262595,121.45936
51,55,125,116.33745099942098,115.20178
51,56,125,114.7464967034808,115.92811
51,57,125,115.83296898289224,117.08548
51,58,125,118.57806481055823,118.0387
51,59,125,119.81845730705263,118.771324
51,60,125,112.41829965747463,117.844185
51,61,125,116.98655397336098,117.65509
51,62,125,119.99453842477492,115.93396
51,63,125,116.47548131722047,111.44596
51,64,125,118.17991685325134,119.98563
51,65,125,110.91400651972357,118.98554
51,66,125,122.17473903620981,118.14173
51,67,125,121.53475634782386,119.06195
51,68,125,118.02458828493354,113.05416
51,69,125,116.19691453408171,119.79921
51,70,125,118.51258812515644,122.89344
51,71,125,118.50096160930751,117.115974
51,72,125,118.24839950648888,115.69016
51,73,125,108.63008816104545,114.29788
51,74,125,112.02083902830823,118.80375
51,75,125,120.30578389585112,114.56686
51,76,125,117.376391797195,113.86389
51,77,125,108.433025279703,115.44033
51,78,125,121.72103195296435,126.5418
51,79,125,112.26589065439087,116.268166
51,80,125,114.5682994141334,115.95681
51,81,125,112.75383932603766,109.64263
51,82,125,114.66646663180212,114.86222
51,83,125,115.69098023250201,117.05015
51,84,125,118.39348049225923,121.19579
51,85,125,119.07024362406378,121.40291
51,86,125,114.2049258000932,113.28601
51,87,125,117.01547193411898,118.28438
51,88,125,118.51766114078933,120.7845
51,89,125,114.6705936288318,119.4656
51,90,125,114.30453856127349,116.438065
51,91,125,118.6266478502418,118.67627
51,92,125,116.00862285950166,116.20902
51,93,125,112.35346144029869,114.354996
51,94,125,105.76335985979196,116.13124
51,95,125,109.52626144227756,111.29217
51,96,125,115.76490474058458,113.64903
51,97,125,114.66175098792674,111.85766
51,98,125,119.56859725476747,116.60718
51,99,125,108.54689015557393,102.74428
51,100,125,118.96688769021894,125.8645
51,101,125,114.03590763154202,117.10733
51,102,125,119.41747374378737,122.05327
51,103,125,119.65751169318251,125.79948
51,104,125,116.59231785457992,113.067314
51,105,125,122.59732976157287,112.834984
51,106,125,116.06843679860518,109.84243
51,107,125,119.83821505111457,120.43662
51,108,125,115.7009001942475,118.359375
51,109,125,105.62439880650199,119.505745
51,110,125,112.06960465277051,109.26665
51,111,125,115.40175914043257,117.958885
51,112,125,114.85735704021383,112.3558
51,113,125,121.67174033261028,124.80994
51,114,125,111.26911604800883,109.95676
51,115,125,113.62374075687691,115.784805
51,116,125,115.83203663254271,114.81595
51,117,125,116.80196753066446,115.317406
51,118,125,119.04021186230709,117.71694
51,119,125,119.610582038862,118.6515
51,120,125,116.70566245811206,128.83151
51,121,125,101.97700643370895,108.743576
51,122,125,109.43248410320241,115.1457
51,123,125,107.30097452478545,112.76456
51,124,125,107.04576307166211,117.117516
51,125,125,113.10423730155495,112.04651
51,126,125,120.08331632994857,118.22144
51,127,125,108.00509609584675,107.454
51,128,125,122.11562678923629,121.17382
51,129,125,114.17193519631583,123.29996
51,130,125,115.28565642027137,110.81129
51,131,125,112.56179991237765,117.69798
51,132,125,108.59173613848088,115.1647
51,133,125,110.75274434533101,113.86425
51,134,124,115.81896570427622,119.48632
51,135,123,117.00580453803246,110.25564
51,136,122,107.26904303285086,112.71374
51,137,121,97.58298261238306,92.66777
51,138,120,113.71120516456297,121.126884
51,139,119,122.61538819223458,120.478165
51,140,118,109.51018362294705,102.49129
51,141,117,113.25033839133248,113.38264
51,142,116,91.65619220020443,95.69426
51,143,115,109.91678914996669,115.57034
51,144,114,114.47797271956988,120.0746
52,1,125,122.71889573791984,126.31328
52,2,125,124.73064644804555,126.814835
52,3,125,124.7437111414317,125.08772
52,4,125,124.24466731742143,127.17346
52,5,125,124.11084244529596,125.11168
52,6,125,123.79821368076904,125.35865
52,7,125,124.77847204007885,123.98859
52,8,125,124.45301932105399,125.75064
52,9,125,124.62103858117374,126.54667
52,10,125,124.49887846064927,123.389015
52,11,125,121.7291721429169,126.08711
52,12,125,124.21768411981546,125.879684
52,13,125,124.03010263822837,125.78836
52,14,125,124.57142728403782,124.9801
52,15,125,123.83113710000296,126.75613
52,16,125,124.91296232655063,126.31083
52,17,125,123.9619709421693,124.47992
52,18,125,124.67338477225046,126.028015
52,19,125,122.6349587508928,125.45543
52,20,125,123.6540288768872,124.61459
52,21,125,124.71486000672732,126.2168
52,22,125,121.86532543677798,126.23271
52,23,125,124.7538016090244,126.02265
52,24,125,124.97843761672894,125.77037
52,25,125,123.80165431616005,125.54479
52,26,125,121.25413945230424,124.200775
52,27,125,124.96692097056435,126.61893
52,28,125,124.91670006043198,126.77726
52,29,125,122.5905311625731,124.259026
52,30,125,124.62696969373263,127.42758
52,31,125,124.43922703192725,126.43978
52,32,125,124.69056176379954,125.10549
52,33,125,124.96624057693846,126.40423
52,34,125,124.30565997555877,125.33872
52,35,125,124.7469588958659,124.38354
52,36,125,124.8522538895125,124.68097
52,37,125,124.14944594836915,125.82451
52,38,125,122.5008012354201,123.42573
52,39,125,124.78005511199093,126.45423
52,40,125,121.41474362200647,123.8096
52,41,125,124.7453126161149,125.70874
52,42,125,124.64965030219777,127.01941
52,43,125,124.68143680538276,124.77936
52,44,125,124.75187400188338,125.13488
52,45,125,122.87989880748474,124.26908
52,46,125,124.91380130989016,125.25829
52,47,125,124.50027358729305,126.21021
52,48,125,124.76137758622009,125.48955
52,49,125,119.65601440122026,124.12898
52,50,125,124.74693683656236,126.19505
52,51,125,121.57450902843458,124.035225
52,52,125,124.03774537213661,125.32768
52,53,125,122.17167117208552,123.68651
52,54,125,124.54735044451746,126.48522
52,55,125,123.6447713077426,123.4618
52,56,125,124.34789094840205,124.07117
52,57,125,123.16768274275394,123.34575
52,58,125,116.76912373391812,122.15144
52,59,125,124.52860255023928,126.52141
52,60,125,123.55415293685631,124.98227
52,61,125,124.52769706133537,126.71082
52,62,125,124.295936344752,126.32373
52,63,125,120.4591844346334,123.365906
52,64,125,123.20183067279,123.01329
52,65,125,124.49799769575858,124.75461
52,66,125,124.94040907093581,125.32737
52,67,125,120.58444024522132,123.92111
52,68,125,121.703510743667,121.17739
52,69,125,124.90080422808052,125.77901
52,70,125,124.57090788383275,126.272514
52,71,125,122.25075976984759,121.20933
52,72,125,121.30120582150056,123.34909
52,73,125,124.91829956695437,125.66843
52,74,125,124.23777146412773,124.401146
52,75,125,116.41590627440891,121.77096
52,76,125,121.99123257735019,125.39297
52,77,125,124.46190703273062,125.84615
52,78,125,124.82625783138418,124.74607
52,79,125,121.98402625501056,123.83564
52,80,125,122.60365965047963,122.17778
52,81,125,119.2079654652037,123.727066
52,82,125,121.99947458020792,122.71916
52,83,125,124.70525502421141,125.40573
52,84,125,124.33314772048405,125.53608
52,85,125,124.48097085401832,125.47152
52,86,125,122.51107065340094,124.63182
52,87,125,122.26428936176885,125.83224
52,88,125,123.29914241919614,123.99359
52,89,125,123.67359251999473,124.66179
52,90,125,122.39271072799934,124.04539
52,91,125,124.83159801815493,125.34272
52,92,125,119.62811232989887,118.05843
52,93,125,122.04464756367521,121.13423
52,94,124,124.605606566961,125.36378
52,95,123,124.40072965708367,125.38302
52,96,122,118.67381592976113,116.83423
52,97,121,124.23516221917212,123.53687
52,98,120,124.19953570056731,123.96183
52,99,119,119.57965195517332,121.172165
52,100,118,122.32971800709616,124.905945
52,101,117,121.36036146329124,122.03958
52,102,116,123.1862077099019,123.21601
52,103,115,123.58301267488451,126.068054
52,104,114,122.05385100520921,124.974304
52,105,113,118.17242221932865,118.643196
52,106,112,123.46982198374822,124.110214
52,107,111,117.25192393211621,117.51153
52,108,110,118.13128767436278,117.31912
52,109,109,124.73336864168193,124.77897
52,110,108,121.08151444857923,123.34178
52,111,107,119.77985840651723,123.65078
52,112,106,117.51670737069304,120.15658
52,113,105,117.21789834775426,120.93897
52,114,104,117.72322600167148,118.50096
52,115,103,122.54558815057906,123.99835
52,116,102,119.5309554330266,123.45482
52,117,101,114.48887016247737,115.130585
52,118,100,121.30502895999145,118.79478
52,119,99,121.17638435229019,118.44754
52,120,98,119.66150143908087,122.16755
52,121,97,117.3257313117782,112.09418
52,122,96,117.58156304208589,116.7139
52,123,95,116.54257759331767,121.47277
52,124,94,119.22583015190287,125.11853
52,125,93,124.10236390523202,123.665436
52,126,92,119.36883827887851,122.49589
52,127,91,123.87442146705568,124.45529
52,128,90,122.06075582227662,117.845894
52,129,89,119.61454304806995,119.2567
52,130,88,117.9507973220116,118.221054
52,131,87,119.68595644393902,121.55372
52,132,86,118.0767889289911,119.809906
52,133,85,116.37813580449475,118.1341
52,134,84,117.87818782905788,115.33576
52,135,83,104.83096434778074,108.16854
52,136,82,119.00149725909337,116.98024
52,137,81,90.29903808640847,94.56144
52,138,80,115.55092999135555,116.22564
52,139,79,105.14861198228233,101.85388
52,140,78,104.03402531853507,100.788574
52,141,77,96.29068428324553,107.176414
52,142,76,103.82457366264222,105.927185
52,143,75,111.77411144355722,105.85097
52,144,74,115.13323826956095,119.57064
52,145,73,91.09757275132277,99.06229
52,146,72,106.74954999999994,109.668365
52,147,71,102.7102806122449,99.780014
52,148,70,96.12837368239843,100.769585
52,149,69,107.5258235267287,107.779274
52,150,68,94.30830396825395,97.782715
52,151,67,99.45117086385837,105.104164
52,152,66,88.1357341269841,86.27174
52,153,65,84.13847486772487,85.605034
52,154,64,88.9534616402116,92.74163
52,155,63,89.16297050865792,91.80206
52,156,62,94.34814021164021,94.95021
52,157,61,94.65392857142857,92.92462
52,158,60,86.69560449735452,84.53845
52,159,59,74.46080687830684,71.756874
52,160,58,74.6959298941799,75.003494
52,161,57,75.87142857142858,72.65847
52,162,56,75.51328835978833,80.23152
52,163,55,79.0106114718615,78.187225
52,164,54,67.05535317460323,63.00143
52,165,53,63.49490211640211,66.94792
52,166,52,76.74994444444445,72.944016
52,167,51,67.40058730158727,66.18568
52,168,50,62.81255158730162,57.042747
52,169,49,64.48450264550266,66.33776
52,170,48,67.12943121693121,62.91354
52,171,47,60.02041269841269,57.72181
52,172,46,59.85453042328042,58.12227
52,173,45,55.93095024420025,52.692474
52,174,44,53.200761904761904,45.25161
52,175,43,42.800757936507935,33.60797
52,176,42,56.347179440929416,55.873917
52,177,41,64.13424603174604,62.25138
52,178,40,45.49980687830689,41.160156
52,179,39,50.905173280423305,54.91095
52,180,38,47.23026851851849,45.12645
52,181,37,44.200895502645515,37.27746
52,182,36,48.22042195767196,45.79071
52,183,35,51.23516702741702,51.398415
52,184,34,44.98449877899874,41.29319
52,185,33,41.75151587301585,49.172485
52,186,32,39.696107142857166,36.14297
52,187,31,32.7850171957672,36.466393
52,188,30,34.75607804232804,34.936832
52,189,29,29.335146825396837,25.579466
53,1,125,122.67795579720807,122.0213
53,2,125,122.82606580969373,119.493324
53,3,125,121.89790713039947,122.720085
53,4,125,117.1186019728157,116.5933
53,5,125,121.18730337369205,115.48791
53,6,125,122.30622442257385,120.86135
53,7,125,119.40653537847012,120.32811
53,8,125,106.59262396565813,111.91777
53,9,125,123.26141758001982,124.4408
53,10,125,117.40759374997249,118.98485
53,11,125,120.56694939647954,120.39344
53,12,125,123.3515002180362,123.40534
53,13,125,119.52496982774511,120.34394
53,14,125,123.06255398829029,122.7954
53,15,125,120.91793872555961,121.2025
53,16,125,118.60037158970233,122.349144
53,17,125,118.15859984402856,117.56579
53,18,125,116.56658264502936,118.78375
53,19,125,111.32432687686278,111.70913
53,20,125,118.05097778428748,120.76759
53,21,125,118.8314823232792,117.71727
53,22,125,123.47647895935226,123.50779
53,23,125,118.38879028885232,121.57248
53,24,125,118.22311002796833,119.356186
53,25,125,116.36297627626098,115.99371
53,26,125,122.90047024964927,124.07478
53,27,125,120.24512438333964,117.82632
53,28,125,120.04479455125706,119.50523
53,29,125,112.73331983035733,119.33136
53,30,125,118.08005090682234,120.55279
53,31,125,118.681245326353,116.946915
53,32,125,124.53928297788669,124.02062
53,33,125,120.19454462004491,123.74575
53,34,125,112.82028271559328,121.2322
53,35,125,123.02098546101496,122.06973
53,36,125,122.5007484554552,121.20286
53,37,125,116.31758139069804,113.48317
53,38,125,116.56128407256236,116.425285
53,39,125,124.09671927744797,123.537
53,40,125,115.41618815984279,117.84275
53,41,125,113.86259901285679,111.63079
53,42,125,119.9212539686817,121.74345
53,43,125,118.69485375126695,119.66296
53,44,125,120.31048673291257,120.39115
53,45,125,124.21338850108421,125.6314
53,46,125,121.80753458224562,122.09306
53,47,125,118.6060552836104,122.74458
53,48,125,116.78451715797019,118.16458
53,49,125,112.7547001129783,112.79089
53,50,125,119.06830402416803,117.42957
53,51,125,118.92784752103226,118.760155
53,52,125,117.78920875176685,121.60107
53,53,125,116.3172835532359,117.16722
53,54,125,113.70583759000922,115.11758
53,55,125,117.42975807743827,121.57529
53,56,125,119.37857293971886,118.51914
53,57,125,113.94532634116632,113.79721
53,58,125,116.29528064488797,116.93009
53,59,125,109.35099516333071,115.697876
53,60,125,120.05166269835519,120.89738
53,61,125,122.50014653787473,119.1531
53,62,125,114.12573029352201,110.90639
53,63,125,116.54864219875238,121.74869
53,64,125,122.20283342356925,121.47732
53,65,125,107.50320616042903,110.238716
53,66,124,111.67029268515907,103.37097
53,67,123,114.8068722213421,112.263855
53,68,122,101.0530174068273,109.07122
53,69,121,121.0497146782628,121.925705
53,70,120,111.42455496311509,113.839584
53,71,119,119.5589995658322,118.018875
53,72,118,115.11171047676729,117.179985
53,73,117,110.17081817809185,116.90172
53,74,116,108.09057203191294,112.61877
53,75,115,103.40410293455463,112.54094
53,76,114,118.29902195971202,116.881584
53,77,113,103.1224126415144,109.5669
53,78,112,104.65034445217057,115.20484
53,79,111,111.62065142410405,117.18065
53,80,110,109.9061776877473,112.856895
53,81,109,113.69547479431924,121.237404
53,82,108,116.43526088090114,117.186806
53,83,107,111.91040630538618,114.37232
53,84,106,111.43437864760295,107.55998
53,85,105,114.64586888978202,114.9694
53,86,104,100.33276991200529,101.35042
53,87,103,109.29362860742253,103.389
53,88,102,108.27724388552153,108.06134
53,89,101,110.15671475091064,108.97798
53,90,100,99.64999322833873,99.246544
53,91,99,105.1415465440992,106.34458
53,92,98,113.80981394062233,108.55464
53,93,97,110.54422526497798,110.00377
53,94,96,105.12463086131946,111.608536
53,95,95,104.50677370327688,102.52311
53,96,94,107.14928743961349,105.10832
53,97,93,109.22411878070153,107.505554
53,98,92,103.06870381601536,109.55932
53,99,91,109.34050855912983,107.707985
53,100,90,109.2996689402478,111.82653
53,101,89,112.82072639189978,116.89863
53,102,88,100.67377900606851,102.19261
53,103,87,108.65469370925867,104.61017
53,104,86,109.8317030175631,107.72796
53,105,85,104.4331251631966,106.187836
53,106,84,106.06104467015577,109.4689
53,107,83,106.33459399760414,105.47266
53,108,82,97.2348248899126,90.95213
53,109,81,94.10659901394902,96.999435
53,110,80,107.91687901630603,109.11576
53,111,79,108.14199218981553,103.9464
53,112,78,103.57327186191641,107.741135
53,113,77,80.99327578447382,87.1034
53,114,76,83.16957034632034,75.04648
53,115,75,77.77970271694544,77.96098
53,116,74,99.72256479752134,103.99635
53,117,73,88.38547890535783,83.99836
53,118,72,85.73602547777998,83.50715
53,119,71,82.59630280337943,80.97803
53,120,70,82.02876449397726,81.32914
53,121,69,85.393216298934,82.01202
53,122,68,105.25115032810783,90.44811
53,123,67,95.50805565491143,97.704445
53,124,66,81.76414676827397,80.402916
53,125,65,94.4828520888246,93.96722
53,126,64,83.99298893698891,91.22532
53,127,63,67.93429680504678,68.89386
53,128,62,78.48583970658967,71.65196
53,129,61,84.51506227501586,81.675125
53,130,60,74.89146693121697,74.3497
53,131,59,87.17383234126983,84.80471
53,132,58,75.96291465778233,69.76828
53,133,57,71.4578505291005,63.589394
53,134,56,78.01997835497835,71.33176
53,135,55,62.6533716931217,61.412197
53,136,54,76.90762037037035,68.50537
53,137,53,77.06022174122171,73.75493
53,138,52,75.24891932672449,64.82142
53,139,51,65.20690476190475,62.64192
53,140,50,71.61977380952382,71.39158
53,141,49,51.774760461760444,51.330425
53,142,48,62.776956349206415,60.864082
53,143,47,56.455218584656095,54.901596
53,144,46,61.15411507936511,55.64012
53,145,45,49.95257539682538,49.94616
53,146,44,57.00461111111112,54.92268
53,147,43,47.56692063492063,48.19297
53,148,42,57.90233333333334,63.19637
53,149,41,47.40471296296295,55.4751
53,150,40,60.09462301587304,68.31111
53,151,39,50.57995634920637,47.698788
53,152,38,43.39645634920636,44.04615
53,153,37,50.20966269841269,48.331467
53,154,36,49.304612433862424,48.65592
53,155,35,53.44245442520443,53.445312
53,156,34,41.87222619047618,40.504665
53,157,33,37.10209368530022,35.930233
53,158,32,35.83960958485959,39.848503
53,159,31,42.106619047619034,45.99906
53,160,30,36.31548809523808,39.416145
53,161,29,37.136517195767176,32.89602
53,162,28,32.32291798941801,33.39725
53,163,27,38.78442063492066,37.948513
53,164,26,33.84441666666667,31.569756
54,1,125,124.21996389256385,123.528534
54,2,125,124.4788450026836,125.39557
54,3,125,123.55942390462553,122.97183
54,4,125,124.36154131216217,127.0439
54,5,125,123.55774722573166,123.26058
54,6,125,124.9760909464334,125.43627
54,7,125,124.05624897088799,124.465576
54,8,125,124.40291767064203,125.067406
54,9,125,123.06252593896001,122.070984
54,10,125,124.82192957659873,126.53326
54,11,125,124.47535486740522,126.206085
54,12,125,123.11550070591805,123.81989
54,13,125,124.42723502277669,126.528885
54,14,125,121.60808070512418,122.02637
54,15,125,124.3354931831714,124.725334
54,16,125,124.29321643228059,126.90652
54,17,125,124.94904183138523,126.63706
54,18,125,122.82642914038544,125.593185
54,19,125,124.37672170671294,123.82976
54,20,125,123.88312404174398,123.921715
54,21,125,123.89311307708196,125.79796
54,22,125,120.13675502852864,122.656654
54,23,125,121.98410897018259,123.64532
54,24,125,124.2545592375648,125.432045
54,25,125,123.89282082171502,124.35955
54,26,125,124.91333491147978,126.03611
54,27,125,124.83514052718077,126.08091
54,28,125,124.92706432307554,125.15612
54,29,125,124.28084341125111,126.254425
54,30,125,123.07721475564935,122.05633
54,31,125,124.55993380835251,125.147835
54,32,125,123.13724700341677,122.25619
54,33,125,124.6768032233247,126.550156
54,34,125,124.971110099482,126.46851
54,35,125,122.09349523637042,122.42108
54,36,125,119.01701348695019,114.99112
54,37,125,124.87528494809972,125.08777
54,38,125,123.35644453716188,123.77835
54,39,125,124.6794033234786,125.017494
54,40,125,124.85632626486375,126.44165
54,41,125,122.34286010396438,122.816734
54,42,125,124.97219696951366,126.36779
54,43,125,124.74009922106255,125.83452
54,44,125,123.94636069447942,124.38168
54,45,125,124.7453554045348,124.863396
54,46,125,123.80827977148348,123.35931
54,47,125,122.88591896941112,124.91518
54,48,125,123.96906758078384,124.317894
54,49,125,124.2070404736191,125.59163
54,50,125,121.045865119463,125.06993
54,51,125,124.90804884805861,125.99115
54,52,125,123.64678491475989,123.27768
54,53,125,121.5244594357964,123.09646
54,54,125,123.99945468885858,125.88188
54,55,125,124.38536077337068,125.9306
54,56,125,124.47989391477456,124.21951
54,57,125,124.56552801742626,125.180435
54,58,125,124.7687025744061,125.88645
54,59,125,124.28781574002574,123.381065
54,60,125,121.7317702971809,122.87848
54,61,125,119.7740310764799,121.501526
54,62,125,124.41739125872255,126.60478
54,63,125,123.73346116932953,123.64833
54,64,125,123.58716959013555,121.47477
54,65,125,123.01247133504766,122.88937
54,66,125,124.6755382882178,125.11437
54,67,125,124.50669442308963,126.21377
54,68,125,124.98034168800785,124.505516
54,69,125,120.2651302335042,125.744385
54,70,125,124.32343674356653,125.217804
54,71,125,120.97224599770489,124.88443
54,72,125,121.53599724596548,121.341995
54,73,125,117.7769090551931,117.655266
54,74,125,123.52941050963773,123.91321
54,75,125,120.57075117245077,122.90514
54,76,125,122.36002373979495,122.209755
54,77,125,121.38918327952568,122.20111
54,78,125,122.42668197866273,121.22754
54,79,125,124.68980090611643,124.90498
54,80,125,124.61252476683845,125.27447
54,81,125,124.78113580616542,127.4758
54,82,125,123.03694064089136,125.66731
54,83,125,124.61522215375085,125.00659
54,84,125,123.3492644946527,124.72811
54,85,125,120.10502895168737,116.69825
54,86,125,122.39519896207884,124.32058
54,87,125,124.2889694163121,125.44344
54,88,125,123.95383558743025,123.60324
54,89,125,121.39705350726503,123.4743
54,90,125,121.84726653792197,124.71629
54,91,125,124.6392176770147,122.81578
54,92,125,119.80491622732693,121.78133
54,93,125,123.62003000191358,123.418915
54,94,124,116.77201908825657,123.56315
54,95,123,123.49402838126062,125.08225
54,96,122,124.656856293155,124.23403
54,97,121,121.30865922760175,123.595055
54,98,120,122.20467667683545,122.32565
54,99,119,124.35490160940458,121.02849
54,100,118,120.78926544690859,117.314415
54,101,117,111.60066535635502,114.48711
54,102,116,120.87025515185265,121.85054
54,103,115,118.41018594977153,115.58592
54,104,114,121.1475636401729,120.14863
54,105,113,120.79973839203063,124.048836
54,106,112,111.51839392522447,112.66625
54,107,111,122.0413683101353,123.20886
54,108,110,121.66374139946736,120.9052
54,109,109,111.4291768189632,112.61875
54,110,108,112.05376282691402,114.29425
54,111,107,112.70835237393221,118.22385
54,112,106,119.34897849792134,118.05716
54,113,105,120.95861187216265,121.176674
54,114,104,121.9273504800494,122.78782
54,115,103,121.2463450078923,118.922104
54,116,102,122.85577973642611,124.68482
54,117,101,115.54495947901489,117.33476
54,118,100,117.87047220302571,114.762436
54,119,99,114.16144594770076,118.181915
54,120,98,122.19391509875571,124.108864
54,121,97,121.79766559978785,121.858315
55,1,125,117.56258769226064,116.77126
55,2,125,114.35246894925952,115.21388
55,3,125,124.56194987894199,123.97582
55,4,125,119.50263581147304,121.54898
55,5,125,119.99106254753798,123.02031
55,6,125,121.58580355250272,121.39395
55,7,125,118.87146648607312,121.47475
55,8,125,116.7997204296197,121.65384
55,9,125,121.60568974377844,120.94387
55,10,125,119.49399332033931,121.780594
55,11,125,124.2056116659213,124.47667
55,12,125,118.30322845063392,118.23599
55,13,125,120.36318105364747,119.794136
55,14,125,120.54384701754226,117.98635
55,15,125,120.29872515504731,121.6647
55,16,125,120.36880703607412,121.02314
55,17,125,121.37855502155575,121.58044
55,18,125,115.31081637599607,116.446945
55,19,125,119.01320747385978,122.18686
55,20,125,116.07712071468237,115.70637
55,21,125,122.68460331674153,122.01094
55,22,125,122.55993176899011,120.995346
55,23,125,114.98144947461587,118.251755
55,24,125,121.79030932879628,120.80459
55,25,125,118.46379013793958,121.047226
55,26,125,123.5760147924006,121.64446
55,27,125,122.92285712043187,120.02637
55,28,125,115.41065926703001,111.96558
55,29,125,118.4615198229232,120.9587
55,30,125,121.5787726444145,120.44711
55,31,125,123.49891972775244,122.91038
55,32,125,120.71472139848227,120.32964
55,33,125,111.41357357934304,115.17165
55,34,125,121.98214306408927,121.67628
55,35,125,118.179556247877,120.64399
55,36,125,114.1606881148129,121.63511
55,37,125,122.95023726076592,120.88146
55,38,125,115.23516564339624,114.02853
55,39,125,112.8386879206054,120.55018
55,40,125,110.79897214431507,114.532135
55,41,125,110.3452948530867,111.92989
55,42,125,118.23718492464832,121.551895
55,43,125,119.00305041959987,116.58509
55,44,125,118.95900331928,118.5792
55,45,125,124.44092355934697,123.07504
55,46,125,120.11260517813375,121.22738
55,47,125,119.15493414299529,119.29607
55,48,125,120.56324218043413,123.46121
55,49,125,116.60783820273392,117.0954
55,50,125,122.41418130380362,122.87315
55,51,125,112.22610223199084,113.85328
55,52,125,115.66678980867447,112.67769
55,53,125,114.66586722299093,120.35937
55,54,125,116.55372499869377,121.389084
55,55,125,118.92745931036795,118.27313
55,56,125,109.8197694088035,107.77994
55,57,125,111.63731049324885,110.19847
55,58,125,119.9462011191548,117.08125
55,59,125,120.55758944076314,117.52484
55,60,125,120.30170981567446,116.865166
55,61,125,111.60971821974813,112.704346
55,62,125,117.11391476238056,117.17389
55,63,125,115.6761279170079,119.47337
55,64,125,122.78047180575426,122.40632
55,65,125,113.82648870606417,115.136314
55,66,125,115.58304543416416,119.29169
55,67,125,120.78675946361858,119.36606
55,68,125,114.56920581920005,116.56577
55,69,125,115.75797876677832,116.22727
55,70,125,116.81561376402959,114.150505
55,71,125,109.0843580183448,107.72524
55,72,125,108.04353982056534,103.59648
55,73,125,114.2954602797052,117.35125
55,74,125,114.01067331536952,117.50839
55,75,125,117.29920881026922,114.8635
55,76,125,115.27415504351603,114.15058
55,77,125,117.08065183533715,114.932434
55,78,125,115.09417903010149,117.20705
55,79,125,123.0337754894153,118.92188
55,80,125,114.06187662329454,119.91565
55,81,125,114.68281139010658,115.16839
55,82,125,111.81535687343009,112.054054
55,83,125,114.13179505242661,112.09572
55,84,125,117.77648467003841,115.21425
55,85,125,116.60699737582385,113.46962
55,86,125,116.4386300817441,115.27951
55,87,125,120.1637960761449,117.306015
55,88,125,109.3361930022656,108.10333
55,89,125,113.84209589921673,115.11397
55,90,125,116.14055137665025,112.17985
55,91,125,116.17631238288506,121.42579
55,92,125,110.2963151735656,123.79685
55,93,125,116.09072815021908,114.950516
55,94,125,113.55854694252689,121.145
55,95,125,110.50907215993692,110.92778
55,96,125,115.59944294983664,117.35659
55,97,125,109.22554743313937,108.29828
55,98,125,119.13115658799846,114.16257
55,99,125,119.50438022150551,122.33355
55,100,125,114.67896731269738,116.77716
55,101,125,110.74481326257522,109.383194
55,102,125,110.59101720473178,113.253365
55,103,125,112.35285464535465,113.66155
55,104,125,117.99222138901098,118.34333
55,105,125,112.30302205503074,114.6156
55,106,125,117.04483634124199,115.77063
55,107,125,103.9739904278356,107.93687
55,108,125,121.30342764093288,120.660065
55,109,125,119.85362320988236,116.779724
55,110,125,109.73334799301098,111.18991
55,111,125,109.94274308339396,112.90557
55,112,125,106.82180843878663,102.97461
55,113,125,111.60283314947152,114.39789
56,1,125,113.46951005868803,117.08735
56,2,125,118.72847855819323,115.56801
56,3,125,115.96842549274412,108.94159
56,4,125,72.08764646464645,75.866974
56,5,125,93.92662406520854,100.53085
56,6,125,109.90980277110121,118.14254
56,7,125,115.12884710502387,122.02463
56,8,125,100.7336932178187,111.96059
56,9,125,122.31275917635188,122.56408
56,10,125,104.51426634426943,108.98875
56,11,125,109.9468607210294,123.54483
56,12,125,109.38361214178605,107.60549
56,13,125,114.2421414040929,111.54839
56,14,125,102.65791660547762,99.4454
56,15,125,119.80137558224267,116.109604
56,16,125,101.40297592921345,91.05316
56,17,125,116.10267927792593,122.737175
56,18,125,116.65236208444524,123.903786
56,19,125,109.0171234664022,110.72047
56,20,125,113.40777468358118,114.53008
56,21,125,102.22178512510978,101.73512
56,22,125,119.93873070260983,116.195335
56,23,125,110.91901444132569,110.95965
56,24,125,112.00804901408934,115.02431
56,25,125,115.10073922976397,115.04768
56,26,125,88.42221963566585,94.50733
56,27,124,116.69197969460875,118.0299
56,28,123,110.13975274013782,104.23198
56,29,122,87.92771533479295,98.11906
56,30,121,107.29424033670549,106.24482
56,31,120,117.30347698334367,114.81035
56,32,119,111.25412431902681,119.64673
56,33,118,110.74929425454572,104.205536
56,34,117,91.40892638352636,92.3507
56,35,116,117.86392618636583,109.42684
56,36,115,109.89386647069134,118.496346
56,37,114,107.4808144670644,125.52192
56,38,113,102.11928932208725,101.09907
56,39,112,89.53647434493536,97.91009
56,40,111,89.05767857142854,82.63141
56,41,110,103.21108431158997,114.48432
56,42,109,99.30896211154234,101.28584
56,43,108,100.99959843940226,97.35679
56,44,107,98.80010436168769,90.49395
56,45,106,116.13488354026623,117.45415
56,46,105,109.83115788243286,111.23504
56,47,104,114.87414947765687,111.87605
56,48,103,102.40829802250073,102.73116
56,49,102,88.84204725829724,85.2703
56,50,101,81.06328174603173,93.4731
56,51,100,108.40592156094743,112.2279
56,52,99,94.31264285714285,106.31032
56,53,98,111.3359503768489,110.275566
56,54,97,95.25133837094089,98.5978
56,55,96,82.76811408483496,77.07385
56,56,95,106.58100161313874,102.34486
56,57,94,62.250620370370356,62.00274
56,58,93,107.61458344463622,111.65627
56,59,92,113.13871173579723,108.76474
56,60,91,98.56914564523872,92.090256
56,61,90,115.67382131709019,113.949
56,62,89,99.58785610979824,95.5849
56,63,88,62.62538921957673,59.19322
56,64,87,116.542236210766,118.47774
56,65,86,73.42239814814813,78.101074
56,66,85,87.06534586553137,93.54403
56,67,84,89.61859127843528,84.46713
56,68,83,87.47103835978835,83.39252
56,69,82,90.55921957671956,93.36917
56,70,81,97.73433852577908,101.452225
56,71,80,68.20887291908635,77.08226
56,72,79,59.80310714285715,58.561
56,73,78,102.6921819161127,92.09894
56,74,77,52.2033307895808,48.197693
56,75,76,84.64674735449735,91.37629
56,76,75,96.51889513066274,95.69784
56,77,74,87.6263015370272,87.19645
56,78,73,88.58842539682543,90.57903
56,79,72,53.42192765567765,48.334267
56,80,71,73.02143202550965,87.47051
56,81,70,59.86869107744107,54.931503
56,82,69,95.67428241450294,94.27562
56,83,68,52.21634330484333,59.52509
56,84,67,77.11539294079509,80.31604
56,85,66,55.04218386243387,53.28001
56,86,65,65.57615740740742,62.818195
56,87,64,66.29858465608467,50.638058
56,88,63,53.784690476190484,70.66593
56,89,62,45.41679995929996,41.928875
56,90,61,67.57585714285716,75.76563
56,91,60,68.4009246031746,57.54054
56,92,59,83.67110052910051,92.73354
56,93,58,96.43578523386812,97.81046
56,94,57,56.24211375661376,51.137585
56,95,56,47.8188025030525,47.392822
56,96,55,54.86784788359785,50.18572
56,97,54,49.041518518518515,52.179073
56,98,53,58.07225158730158,55.233677
56,99,52,83.76349999999998,83.7337
56,100,51,40.64705736910147,33.638126
56,101,50,62.06603835978837,61.36564
56,102,49,93.39468239275719,93.82529
56,103,48,45.63916941391942,47.228794
56,104,47,72.18505687830685,66.61587
56,105,46,59.796730158730135,54.412838
56,106,45,52.90485978835982,54.530552
56,107,44,42.54114153439155,45.71546
56,108,43,40.00046171802056,45.027557
56,109,42,51.3890105820106,45.75192
56,110,41,39.52030339105338,36.992496
56,111,40,35.483530219780235,33.214935
56,112,39,30.935770683020667,26.468182
56,113,38,39.92850793650795,35.149784
56,114,37,19.742858465608467,16.723667
56,115,36,38.270164021164,33.120815
56,116,35,47.07022847522848,35.296513
56,117,34,39.94168217893217,37.04975
56,118,33,41.40358826358828,35.91454
56,119,32,26.94214649183345,26.84694
56,120,31,41.81295695970699,42.302357
56,121,30,22.50705687830688,21.104193
56,122,29,25.103706349206348,23.15738
56,123,28,22.301215608465608,22.88756
56,124,27,41.13043984726083,36.870487
56,125,26,22.42460714285714,23.09583
56,126,25,25.50808862433864,30.822483
56,127,24,30.987407407407403,26.54087
56,128,23,22.084508564911793,20.3617
56,129,22,21.781400895400893,22.247349
56,130,21,24.739300913900923,26.113201
56,131,20,25.64468494468495,24.356697
56,132,19,19.36431884319384,15.257263
56,133,18,19.987853322006547,18.633926
56,134,17,15.698855011460273,16.943838
56,135,16,16.790526455026455,16.91698
56,136,15,15.472757455507459,13.876511
57,1,125,115.83824399831411,123.66417
57,2,125,117.13460049149097,121.418625
57,3,125,119.43683292886924,120.197845
57,4,125,121.1626572155691,117.73429
57,5,125,109.4415552127737,120.781136
57,6,125,121.46521141241121,120.286606
57,7,125,121.01231818538348,130.55319
57,8,125,117.07307690598076,122.13067
57,9,125,109.93332837089375,108.4427
57,10,125,120.10965124666436,123.43752
57,11,125,116.95267853800294,112.119835
57,12,125,110.36334579405298,113.885666
57,13,125,119.15462072697994,119.01957
57,14,125,120.35578840611292,119.13905
57,15,125,120.52081167750407,119.1173
57,16,125,115.67370585154536,115.65887
57,17,125,118.74402205361905,117.275085
57,18,125,110.741350299149,109.99116
57,19,125,118.16405522244648,117.123825
57,20,125,117.57461671216707,116.274315
57,21,125,114.85503832941507,121.618645
57,22,125,121.46771579918487,121.32001
57,23,125,121.86596660346581,122.84033
57,24,125,121.46744873208785,116.17039
57,25,125,111.34002076820876,125.2823
57,26,125,121.62108460984852,123.388824
57,27,125,112.6800017439346,114.397896
57,28,125,123.4019395194971,121.917984
57,29,125,119.97979684400906,123.18312
57,30,125,118.93125871263541,120.6062
57,31,125,110.00853237737778,110.639275
57,32,125,113.43770608504362,123.20495
57,33,125,113.93193410897861,110.98565
57,34,125,107.97936665616909,99.880104
57,35,125,119.80952354522941,125.20264
57,36,125,116.3334860522279,116.48956
57,37,125,119.7575679201171,119.27911
57,38,125,120.6160057451195,118.6558
57,39,125,118.08502315585797,115.361435
57,40,125,117.88677022956867,113.668465
57,41,125,109.55793104538758,118.4971
57,42,125,115.17061109601028,119.23477
57,43,125,109.90744113753014,109.28819
57,44,125,116.18234981749794,117.28427
57,45,125,119.00110870655078,120.52209
57,46,125,116.50067085389996,120.7306
57,47,125,115.5925554787346,117.95433
57,48,125,111.73052690795616,114.53551
57,49,125,108.75951453602217,107.42332
57,50,125,115.13247237995924,115.96245
57,51,125,117.69146712327075,119.80837
57,52,125,119.77774916759084,114.36824
57,53,125,119.33160902080361,117.429955
57,54,125,118.1462157837393,118.99417
57,55,125,110.58518044220291,108.44848
57,56,125,112.2085604635777,115.69527
57,57,125,118.88729408837038,118.877106
57,58,125,117.5946413440088,121.907196
57,59,125,119.06492045579512,117.47295
57,60,125,117.1078436586905,109.52894
57,61,125,120.86359658868777,117.169914
57,62,125,115.25591843389198,115.83909
57,63,125,102.66422076132959,107.15013
57,64,125,118.90919172187202,113.94814
57,65,125,114.70376123850845,127.34079
57,66,125,113.52312520458722,113.85574
57,67,125,115.89074757959119,109.223694
57,68,125,115.31888721127936,117.25102
57,69,125,118.36825800587184,115.501686
57,70,125,109.73952386069803,107.15418
57,71,125,118.06742747792943,118.951096
57,72,125,117.88156548268427,115.634636
57,73,125,119.19258215718057,117.14704
57,74,125,110.44954467327346,106.57678
57,75,125,114.89935934742371,114.12496
57,76,125,118.62849735142156,118.85215
57,77,125,116.61869374591772,123.08833
57,78,125,121.24102804151534,126.48238
57,79,125,120.14792438746382,118.05913
57,80,125,121.96388923639151,121.16628
57,81,125,107.34821219083807,108.52241
57,82,125,113.09566255161145,113.243
57,83,125,112.28364929941665,113.45571
57,84,125,103.42581946484268,100.11728
57,85,125,115.46036137963772,118.280426
57,86,125,111.75448613436201,106.05142
57,87,125,111.6166645647072,111.90586
57,88,125,114.26010314598753,113.47791
57,89,125,118.49715860212845,117.54978
57,90,125,120.06978005919882,120.3657
57,91,125,118.92383771941758,112.00489
57,92,125,118.42261708737836,115.23953
57,93,125,111.38122413990297,114.706055
57,94,125,114.98456483595263,113.85985
57,95,125,117.85792438552748,120.748146
57,96,125,112.88788336612018,116.97041
57,97,125,109.17903380680272,107.476715
57,98,125,119.83541216991948,120.45242
57,99,125,111.32639529097658,113.47999
57,100,125,115.88480021247936,118.666885
57,101,125,115.74126333525783,108.1784
57,102,125,120.13022947201563,121.69036
57,103,125,118.66882966435892,118.01823
57,104,125,116.78090803190709,119.502945
57,105,125,112.12870435503694,117.54779
57,106,125,107.27372865640443,104.553055
57,107,125,115.02445647145963,114.99697
57,108,125,111.46478076788699,104.93503
57,109,125,106.8993263620951,109.90069
57,110,125,116.63049576854267,109.49731
57,111,125,117.4431670959846,119.89059
57,112,125,109.80624174268958,112.99459
57,113,125,110.92757069952522,113.4981
57,114,125,111.69303916843472,118.47381
57,115,125,112.15049806589727,117.098816
57,116,125,109.14809316486337,108.72969
57,117,125,103.45177052598484,105.95595
57,118,125,108.37879672515086,112.13846
57,119,125,120.87788534330083,120.10596
57,120,125,105.97859382599849,110.0228
57,121,125,120.3730165255533,120.77128
57,122,125,111.80189613820502,107.418846
57,123,125,109.32437302439122,115.54399
57,124,125,115.23621431606597,115.165665
57,125,125,118.2064337545211,116.79086
57,126,125,106.96542276239792,106.85489
57,127,125,116.4112535268291,123.147224
57,128,125,105.63791322831037,102.56757
57,129,125,112.53156729506846,111.39958
57,130,125,108.8158884090927,108.10106
57,131,125,112.6602137953976,115.20711
57,132,125,101.26094415142755,106.84355
57,133,125,90.04763446453171,94.37813
57,134,125,112.34421907010478,116.24843
57,135,125,97.95244272779425,102.36949
57,136,125,112.7848176584791,113.82622
57,137,125,102.78505972433142,106.30718
57,138,125,109.46026472173232,107.33442
57,139,124,118.37580241890782,116.53605
57,140,123,93.78824232918365,110.65636
57,141,122,96.0964138641548,96.09049
57,142,121,101.82880970670303,86.51589
57,143,120,104.57522509226901,101.71576
57,144,119,116.5022973980248,114.69514
57,145,118,110.55629131375703,106.43949
57,146,117,112.69647230246284,118.40743
57,147,116,114.95990703364953,118.43005
57,148,115,117.84391811494298,116.77856
57,149,114,107.53824553039505,110.90029
57,150,113,113.66188932349954,110.22038
57,151,112,114.82409958934593,113.595474
57,152,111,92.13843831239248,94.0688
57,153,110,112.59679158101727,118.027275
57,154,109,100.5669216748671,93.245964
57,155,108,111.01375695553718,111.952545
57,156,107,112.16142470685651,108.64854
57,157,106,98.65917073809531,107.83719
57,158,105,95.40427171601624,96.872116
57,159,104,90.68141989891234,105.260376
57,160,103,100.67931988074808,101.84059
58,1,125,120.99286154232517,125.76693
58,2,125,123.02081967353561,124.712036
58,3,125,120.818366756707,119.857285
58,4,125,122.34318490183803,122.17308
58,5,125,122.7103504164361,122.26287
58,6,125,122.21778712385925,125.28921
58,7,125,122.2333978462339,124.76816
58,8,125,120.3937994305042,119.80213
58,9,125,123.45449413722476,124.98866
58,10,125,114.36662051965837,118.06514
58,11,125,122.29400402352374,119.51248
58,12,125,122.09625112694846,119.341286
58,13,125,118.7996937631657,122.07132
58,14,125,123.3112303121287,127.78769
58,15,125,122.90228905979187,120.92756
58,16,125,113.5069640254206,120.03482
58,17,125,113.43312991784416,116.905304
58,18,125,119.95279302457311,127.84937
58,19,125,118.75740305525575,116.29423
58,20,125,123.56682147671405,126.53582
58,21,125,119.33557721647938,118.33464
58,22,125,123.49168683190479,119.41519
58,23,125,122.32323591457047,119.91471
58,24,125,118.82761549432175,121.58238
58,25,125,120.57680312352328,118.41588
58,26,125,112.2396627093867,119.7149
58,27,125,122.98959830910778,122.80467
58,28,125,115.47127910328233,117.24317
58,29,125,121.06623219328627,122.67909
58,30,125,121.96702404885288,121.61849
58,31,125,123.06181313357894,125.20511
58,32,125,122.57530607911494,124.5784
58,33,125,121.95756540446047,122.40166
58,34,125,115.19990557084442,122.25218
58,35,125,123.04800437609104,118.401505
58,36,125,115.57705332812138,120.111786
58,37,125,123.8738283106592,123.06277
58,38,125,123.32510911213896,118.83707
58,39,125,123.32660033431962,124.905464
58,40,125,119.2230511913093,118.639854
58,41,125,120.30308724330035,121.76005
58,42,125,120.75618570666542,122.83813
58,43,125,120.42135769925413,121.32275
58,44,125,121.54788220291857,125.46152
58,45,125,118.14998971893476,119.62863
58,46,125,117.70593297889296,122.82452
58,47,125,115.71427849297031,116.47323
58,48,125,123.08574247139673,121.945564
58,49,125,122.74053413014347,121.44402
58,50,125,116.69354479994637,120.22192
58,51,125,121.49086478288538,122.10375
58,52,125,121.66559077831677,125.24197
58,53,125,121.72663246337943,120.24163
58,54,125,117.96845011573309,115.951096
58,55,125,121.85243221071677,121.4503
58,56,125,113.62695663448096,119.23443
58,57,125,116.40929278426076,122.4977
58,58,125,118.49964438844438,122.969025
58,59,125,113.25063712326956,115.11929
58,60,125,119.8054114633851,124.823975
58,61,125,122.31277920491087,120.76253
58,62,125,118.50671327527664,121.89499
58,63,125,121.68797016981354,119.56733
58,64,125,124.07655617731453,122.29904
58,65,125,116.95195000161911,116.14538
58,66,125,115.98738127406085,117.2703
58,67,125,120.30478010325173,120.86394
58,68,125,118.03605242931008,118.96356
58,69,125,114.58882146031087,117.76144
58,70,125,117.14161455629392,121.37879
58,71,125,107.16209118974388,109.02593
58,72,125,117.23266794757484,119.82445
58,73,125,115.55008475067497,114.157104
58,74,125,121.23566008777345,121.4344
58,75,125,118.94811179242912,120.94787
58,76,125,119.61888903824972,115.185265
58,77,125,122.47792418321939,121.280136
58,78,125,118.94691910429918,118.26283
58,79,125,118.53807710456887,122.89123
58,80,125,120.61281556739797,118.71607
58,81,125,120.28058462993188,122.65542
58,82,125,118.37658963217977,115.585365
58,83,125,112.2736531929797,119.13269
58,84,125,121.9573402550695,118.796005
58,85,125,110.29661152804101,114.801506
58,86,125,120.82741505034522,115.58595
58,87,125,118.08908647527,125.9091
58,88,125,118.3533308243566,118.21564
58,89,124,120.66493408339399,124.72255
58,90,123,118.8215333449759,120.08253
58,91,122,109.23504494270877,110.80569
58,92,121,119.24187021178717,114.34601
58,93,120,118.40890385540379,120.59292
58,94,119,117.8982622392677,116.95108
58,95,118,121.00237542327719,118.66883
58,96,117,120.31900197382252,112.992744
58,97,116,117.38200752957295,118.474174
58,98,115,116.48587623457075,117.083
58,99,114,117.22973858586262,126.94123
58,100,113,115.83193985160949,114.019775
58,101,112,116.50994985455763,112.930466
58,102,111,122.35050318934918,120.588104
58,103,110,110.41059541865262,113.6306
58,104,109,122.66634311953848,119.44705
58,105,108,117.50000778531081,114.23694
58,106,107,122.86729994983666,122.26826
58,107,106,108.31216154989748,109.42099
58,108,105,112.56513938437274,115.45682
58,109,104,114.94330874000038,114.76439
58,110,103,119.89409215600523,120.68249
58,111,102,110.8919676290246,110.11305
58,112,101,119.78135467889486,117.24681
58,113,100,117.66029458597868,114.47149
58,114,99,117.70564836078421,112.83104
58,115,98,114.18734300654401,117.2528
58,116,97,117.55446515844254,116.58081
58,117,96,118.64652992720475,116.72677
58,118,95,108.48614880336582,110.97804
58,119,94,107.71546705153531,118.32236
58,120,93,108.47984945791148,104.09962
58,121,92,107.51868977937698,115.923836
58,122,91,117.44551042237268,118.76123
58,123,90,121.25212421756926,114.51726
58,124,89,120.0341436665559,121.24697
58,125,88,113.28012940591323,115.267136
58,126,87,114.51945853038652,109.69788
58,127,86,118.35446510306988,116.44126
58,128,85,110.66947375495064,118.29361
58,129,84,108.67342457436615,114.38997
58,130,83,108.89460136626336,106.183075
58,131,82,113.26043275256667,116.88493
58,132,81,117.32457061364073,114.1576
58,133,80,115.88739308481418,116.01729
58,134,79,117.33257015676543,113.98436
58,135,78,113.73787998890514,112.47878
58,136,77,114.72138877994807,111.45388
58,137,76,110.19576178388587,116.41923
58,138,75,100.03649659599652,98.70534
58,139,74,115.71526858290211,112.40765
58,140,73,110.5452121076869,111.2723
58,141,72,108.51390582272961,106.13411
58,142,71,111.78664210484962,114.97066
58,143,70,120.09445459775513,120.75618
58,144,69,114.2445146575168,109.54739
58,145,68,107.74276092352807,104.75917
58,146,67,114.09625564090042,106.056564
58,147,66,96.1025825812692,94.45814
58,148,65,108.66556348751058,109.83359
58,149,64,111.78187737216157,103.44051
58,150,63,110.55386163328639,108.68882
58,151,62,87.55682275132276,98.72637
58,152,61,93.42861104830459,93.17517
58,153,60,115.0815448001257,121.71465
58,154,59,76.8896594860166,90.71872
58,155,58,96.29369459646217,105.71248
58,156,57,82.27198601712898,81.43531
58,157,56,72.7927151278673,77.1565
58,158,55,103.9903206860136,108.23233
58,159,54,102.11067315408896,108.222336
58,160,53,74.20476190476194,71.13415
58,161,52,99.26176773285891,94.57454
58,162,51,72.5517328042328,79.55997
58,163,50,76.46963756613755,73.12432
58,164,49,104.4793015413395,101.183586
58,165,48,105.17225746528094,98.22165
58,166,47,93.36161569888677,90.98745
58,167,46,57.17187433862436,63.874287
58,168,45,57.03574700299703,53.969532
58,169,44,71.0959880952381,69.079384
58,170,43,76.30375873015876,71.63518
58,171,42,64.53670909275908,61.981133
58,172,41,64.10586584741422,70.46962
58,173,40,53.27816931216932,56.499073
58,174,39,88.44912891462887,80.918175
58,175,38,44.07790740740741,40.914818
58,176,37,48.78000132275136,50.194763
59,1,125,119.82718240307331,125.43991
59,2,125,123.0258088651411,119.381386
59,3,125,124.14731785189439,124.20211
59,4,125,122.57708078106356,123.78292
59,5,125,124.01732394424971,124.19927
59,6,125,124.76102418521468,124.455
59,7,125,122.61549645669896,122.83917
59,8,125,124.44949670957709,125.142555
59,9,125,123.92145133119766,124.82676
59,10,125,124.89041652055448,125.03994
59,11,125,124.923640241515,126.015656
59,12,125,123.89389038776179,125.235916
59,13,125,120.34106446255618,124.568375
59,14,125,119.76135438051358,121.72326
59,15,125,120.35577594361345,123.542404
59,16,125,124.29766571591007,122.526024
59,17,125,124.458661357343,121.69929
59,18,125,124.96731752887011,123.349945
59,19,125,123.75309199928336,122.737465
59,20,125,124.066507399853,124.42672
59,21,125,122.34781858978927,124.72731
59,22,125,115.64555700225327,117.16851
59,23,125,122.26555017691567,126.904396
59,24,125,123.7524471373849,121.91443
59,25,125,121.02856988229463,120.37152
59,26,125,122.82912644884074,122.34856
59,27,125,122.67393474678497,121.8213
59,28,125,121.86617034748105,122.49129
59,29,125,121.4753787089941,123.9026
59,30,125,117.98555602500254,120.70247
59,31,125,124.33292322839918,125.77015
59,32,125,124.40652788496705,124.36125
59,33,125,122.90935172145825,124.69712
59,34,125,124.36098962923585,124.81853
59,35,125,124.5089695127522,124.289696
59,36,125,121.1567720857554,122.339775
59,37,125,121.24935753737526,120.817665
59,38,125,124.92769704985132,124.9915
59,39,125,119.15015638064841,118.08431
59,40,125,124.66495559814415,125.50557
59,41,125,123.44351474885926,125.0949
59,42,125,122.1106492546628,122.53707
59,43,125,123.61315571957724,123.759094
59,44,125,123.31329753335064,124.66077
59,45,125,124.29743382497152,123.25012
59,46,125,124.55892781698412,124.828445
59,47,125,123.78931083254483,124.9452
59,48,125,124.95456058579099,126.922104
59,49,125,123.92018086921293,125.163
59,50,125,121.46876559924546,123.50165
59,51,125,117.13367904728226,112.7555
59,52,125,121.11984192642404,118.94738
59,53,125,124.405030231985,124.85128
59,54,125,118.07821649457819,121.58882
59,55,125,124.41670810529001,124.36501
59,56,125,124.84332673096212,123.746445
59,57,125,124.68960211200502,125.10984
59,58,125,121.71870476849499,124.164345
59,59,125,122.68905117620488,121.64828
59,60,125,122.52803597307577,122.41235
59,61,125,117.28165515388054,121.02486
59,62,125,120.84786706789603,118.71125
59,63,125,120.69492134048036,124.14553
59,64,125,122.45186408492162,119.60716
59,65,125,122.44761600960837,123.33503
59,66,125,119.46678842456713,122.628136
59,67,125,123.35009915541882,124.623
59,68,125,123.83893251793748,120.93018
59,69,125,123.24494103970375,124.766594
59,70,125,122.94876292914198,125.045746
59,71,125,122.48523199457578,125.718445
59,72,125,122.72516486496922,120.5512
59,73,125,123.54825031044864,121.85752
59,74,125,119.59775774129392,119.72378
59,75,125,120.5279331569573,122.12109
59,76,125,122.35075422449745,119.34445
59,77,125,122.40168348377878,122.026474
59,78,125,121.72105795852536,121.03086
59,79,125,114.5469954779446,118.72914
59,80,125,119.40919277048131,121.142204
59,81,125,112.54435302840007,117.5156
59,82,125,124.70962023608348,124.7293
59,83,125,116.83024138285111,117.16202
59,84,124,124.25170001696581,123.91579
59,85,123,120.43775895228282,123.03942
59,86,122,117.38615401574432,121.726494
59,87,121,120.01874882237435,120.82569
59,88,120,117.3197129711051,113.20153
59,89,119,113.16644543436438,115.96525
59,90,118,119.06634460200793,119.327805
59,91,117,118.6567129438723,122.87277
59,92,116,116.94278142353161,117.602135
59,93,115,119.46213694116462,114.116196
59,94,114,120.08523242301303,121.98569
60,1,125,113.98104634561622,113.005226
60,2,125,108.98964384143846,108.80068
60,3,125,114.50209660149213,117.19702
60,4,125,117.77742130886594,116.77588
60,5,125,117.93204346910225,117.56343
60,6,125,114.01331196053876,117.98852
60,7,125,117.0799848679612,116.458885
60,8,125,110.34717737506755,110.47473
60,9,125,122.5730753876623,119.34734
60,10,125,120.87753315225571,119.55875
60,11,125,109.71099928879057,105.701935
60,12,125,116.88957380348829,117.16295
60,13,125,113.06910781687735,109.68434
60,14,125,112.46093710667257,114.78897
60,15,125,114.66043836946082,124.35927
60,16,125,120.0370928667406,120.6461
60,17,125,108.42642184676184,115.21811
60,18,125,113.07334217262338,111.864784
60,19,125,110.92548662543292,116.18719
60,20,125,108.20215896810915,111.2163
60,21,125,112.15335644361517,115.29005
60,22,125,116.970575192575,113.60649
60,23,125,115.5499660672333,118.22735
60,24,125,112.15033906364289,106.99347
60,25,125,111.65664045072042,111.84365
60,26,125,115.90569929814835,111.38792
60,27,125,103.6765554884909,106.63778
60,28,125,109.70767283789722,119.03769
60,29,125,110.46581897513092,105.80128
60,30,125,116.56295672935472,117.19212
60,31,125,115.86046623857828,115.56744
60,32,125,111.2008452306747,114.35932
60,33,125,115.05624396947616,117.014755
60,34,125,103.69457184550267,112.82764
60,35,125,121.81564575890293,121.15202
60,36,125,118.86713583349801,120.427536
60,37,125,118.5800980334014,119.31536
60,38,125,120.42859192203757,118.188774
60,39,125,102.31403694399359,90.663666
60,40,125,115.7967740733018,113.6254
60,41,125,106.83346023494126,115.26924
60,42,125,119.14771459103964,118.1878
60,43,125,106.07042037862502,106.15513
60,44,125,104.22709216915882,109.1358
60,45,125,117.65116217738704,113.172226
60,46,125,108.23328636579063,112.84125
60,47,125,110.25049640962926,117.33124
60,48,125,118.6547104398118,118.482925
60,49,125,116.68146603820455,116.68109
60,50,125,106.23142561793628,105.985916
60,51,125,113.57331785307858,114.49635
60,52,125,115.81722989630548,120.36519
60,53,125,109.43780883523989,112.968605
60,54,125,111.52463402123297,114.42284
60,55,125,112.82728077056959,112.012024
60,56,125,114.84726402031168,117.14372
60,57,125,114.83421274948647,109.47659
60,58,125,118.87406406354715,121.38043
60,59,125,111.98712451021517,110.08302
60,60,125,118.72595441379445,118.38713
60,61,125,115.87789977859327,115.754906
60,62,125,116.66127093524737,117.34116
60,63,125,110.17874359947568,118.47553
60,64,125,116.71784422521046,119.65928
60,65,125,110.27774133295432,119.0107
60,66,125,116.05066653919205,111.13777
60,67,125,106.21048875402725,103.493065
60,68,125,111.98752821932128,113.70767
60,69,125,104.42322562943613,104.72108
60,70,125,104.0741594540008,112.00173
60,71,125,110.19537593446752,114.452515
60,72,125,108.64376004463321,110.178986
60,73,125,102.56203631229747,98.806656
60,74,125,111.36107349499856,116.310265
60,75,125,114.15530084802855,106.32968
60,76,125,115.40309352676964,120.07862
60,77,125,111.66617909576485,114.043686
60,78,125,110.87626768031929,114.40147
60,79,125,109.43243563247006,117.10774
60,80,125,115.52614258825852,124.99206
60,81,125,112.44513508899293,106.8585
60,82,125,108.90171030554083,110.10728
60,83,125,102.18576808921927,112.87542
60,84,125,113.86924599729282,111.613525
60,85,125,112.41764536371409,111.15572
60,86,125,101.56390500886556,111.52109
60,87,125,117.73849937987929,116.2897
60,88,125,111.1011093637259,112.218
60,89,125,104.12213735142042,114.70379
60,90,125,114.31366366644707,115.25146
60,91,125,119.16573732885068,118.5497
60,92,125,109.1700417870015,109.31905
60,93,125,110.21978870635299,115.55103
60,94,125,112.4239594481094,112.95693
60,95,125,112.47485115418148,120.35657
60,96,125,112.59884532682644,111.2477
60,97,125,111.15037575027753,114.04058
60,98,125,118.32186784183658,116.9805
60,99,125,99.20475641663496,112.12009
60,100,125,117.21822373552263,120.21785
60,101,125,117.73826849266732,123.867714
60,102,125,108.97162139367062,101.57461
60,103,125,116.39348928974525,111.50112
60,104,125,112.04779647379627,113.148186
60,105,125,113.16325279718484,116.763435
60,106,125,106.4784223784405,110.24155
60,107,125,98.37634942851942,102.39331
60,108,125,103.71166653405702,97.899506
60,109,125,97.91176313974731,89.86743
60,110,125,116.27920955583916,118.14441
60,111,125,114.57391254425293,117.29248
60,112,125,106.8624470936346,105.330185
60,113,125,108.32551584619436,108.04984
60,114,125,110.3523543839486,114.228745
60,115,125,110.98814400286004,104.75958
60,116,125,115.233101046005,113.76173
60,117,125,114.86299869961665,115.573265
60,118,125,114.55282206662363,114.87191
60,119,125,101.56577230309644,103.67253
60,120,125,106.58183689576803,100.28659
60,121,125,98.64513640323467,95.23489
60,122,125,108.01525933721585,106.17466
60,123,124,106.39076867110816,107.22354
60,124,123,114.08460516495417,117.96865
60,125,122,104.80899138902568,106.76965
60,126,121,92.39069855225253,96.43061
60,127,120,104.82312111629751,101.11884
60,128,119,109.67080384189974,117.64362
60,129,118,99.11036184616407,102.326904
60,130,117,91.59148321921356,94.40402
60,131,116,105.96683671551108,103.2882
60,132,115,108.44760350238546,110.99007
60,133,114,113.52013073352042,114.172775
60,134,113,111.87401351535812,112.36366
60,135,112,108.32491566140757,112.40818
60,136,111,106.35124944407401,108.11296
60,137,110,109.46538158220584,106.420334
60,138,109,106.7561101137867,103.97748
60,139,108,113.62176091492582,116.45473
60,140,107,112.01809818448535,108.94797
60,141,106,101.4116804787777,99.77998
60,142,105,105.4917890079844,105.6574
60,143,104,98.47592924265892,87.68686
60,144,103,89.12998134577707,93.13187
60,145,102,109.76590654676868,107.587616
60,146,101,105.78522542712668,105.78523
60,147,100,113.43423279205253,106.354095
61,1,125,124.63109859533853,125.05183
61,2,125,123.25998208977231,125.60848
61,3,125,120.98007429500382,123.00504
61,4,125,124.35661304139171,123.68139
61,5,125,118.73382339654447,121.83061
61,6,125,123.88259569317333,123.42225
61,7,125,121.56516047552368,122.77811
61,8,125,119.21158945782797,120.69398
61,9,125,121.99957445346469,123.8146
61,10,125,123.79973181352419,124.74087
61,11,125,118.69865004473893,119.95082
61,12,125,124.37088926181224,126.54402
61,13,125,112.22772739553648,113.803795
61,14,125,120.72162030668953,123.563
61,15,125,120.36956570557385,117.14207
61,16,125,115.40092977456207,115.183876
61,17,125,120.16175754186071,123.03397
61,18,125,114.61628041316614,111.01354
61,19,125,116.11030836972274,116.331184
61,20,125,119.39390380840032,123.21869
61,21,125,117.10304218458577,119.971565
61,22,125,120.89838873589571,116.37324
61,23,125,120.916830214242,119.80543
61,24,125,119.75572531186914,120.915245
61,25,125,122.9934697314069,122.0465
61,26,125,121.2184864046347,121.58247
61,27,125,120.01353197546082,124.455635
61,28,125,112.63098046927102,117.83073
61,29,125,115.85616008586857,115.33977
61,30,125,120.36454476988668,117.26188
61,31,125,120.86884782125965,124.56434
61,32,125,122.2720431852296,124.50109
61,33,125,124.0539470013029,121.64162
61,34,125,110.56033940063499,111.21742
61,35,125,123.6346445861082,123.21753
61,36,125,119.973849755979,119.15431
61,37,125,121.65518455908978,122.57647
61,38,125,123.61045099726182,123.133835
61,39,125,123.38439326980513,123.69094
61,40,125,119.39051729392547,118.74762
61,41,125,117.63391098033782,109.345375
61,42,125,123.18727979724837,125.249016
61,43,125,121.60352744075627,122.630356
61,44,125,118.2107900400329,121.01014
61,45,125,120.05884443556543,123.383286
61,46,125,118.37312422052841,119.396484
61,47,125,123.95509096866495,124.2114
61,48,125,124.20687953213644,126.3032
61,49,125,124.69724820471284,122.97799
61,50,125,120.13182203817642,120.84531
61,51,125,121.43126222475107,120.65064
61,52,125,113.8689164196011,113.33789
61,53,125,120.29972248504498,122.53325
61,54,125,110.05062354074502,114.71867
61,55,125,124.30622760521476,125.549324
61,56,124,108.39621031746033,114.40522
61,57,123,113.70437881506096,114.41245
61,58,122,117.24587815166569,123.30316
61,59,121,113.06309477295312,112.35258
61,60,120,117.02476732631364,118.09894
61,61,119,118.36928982715389,117.15482
61,62,118,120.51478222343655,121.05509
61,63,117,109.70326900566657,110.85503
61,64,116,98.25292384507601,105.48365
61,65,115,122.92154853263999,118.33307
61,66,114,118.66754165378589,110.013466
61,67,113,122.2274132006652,121.26499
61,68,112,118.83160088959634,116.63807
61,69,111,104.84860557437733,112.54932
61,70,110,111.3616539357337,112.98107
61,71,109,121.53764686698179,120.82049
61,72,108,115.16884094187206,118.46483
61,73,107,115.02848224377058,114.90092
61,74,106,117.41261114683536,120.50966
61,75,105,117.58809942649,116.601456
61,76,104,113.60634142766966,116.02384
61,77,103,117.96705448737377,117.612434
61,78,102,104.33944328518513,100.88984
61,79,101,117.442877163417,117.50346
61,80,100,117.21799981551582,121.05205
61,81,99,106.07572884723119,110.382935
61,82,98,106.29211742270074,101.90879
61,83,97,107.0522119805482,117.040825
61,84,96,100.22055826558265,102.8079
61,85,95,114.6816399182664,117.03827
61,86,94,111.30481226914247,108.509674
61,87,93,104.6994332864991,108.91251
61,88,92,105.36719046097572,116.601776
61,89,91,114.63117985051515,115.54969
61,90,90,106.77608748834709,102.44341
61,91,89,115.64627816457653,118.25013
61,92,88,113.26476209121948,113.70493
61,93,87,106.28849842550626,110.095795
61,94,86,96.11985413519358,99.43957
61,95,85,100.90271428571428,96.85675
61,96,84,116.08023427955675,117.17671
61,97,83,89.06622326717485,97.22242
61,98,82,99.96433068783067,105.78507
61,99,81,112.1190452590422,109.528755
61,100,80,99.94082487041351,105.4378
61,101,79,108.14337709073848,112.142746
61,102,78,112.88823150995752,109.96738
61,103,77,107.20077645560464,108.62327
61,104,76,98.44996044646479,103.985916
61,105,75,106.43423041859687,105.31879
61,106,74,108.18786870879619,111.22971
61,107,73,91.38881997320523,89.34622
61,108,72,100.76481798583598,100.17573
61,109,71,105.32500253137022,99.847305
61,110,70,84.88256688311688,90.15526
61,111,69,104.40047152194214,94.0641
61,112,68,99.59762663906146,104.00846
61,113,67,105.81859881481041,100.47147
61,114,66,91.23052856383175,89.38295
61,115,65,90.83397989909199,81.737724
61,116,64,78.10284391534393,89.26297
61,117,63,104.78504391064172,102.22767
61,118,62,89.5963800087906,86.67898
61,119,61,112.36496410438667,112.70373
61,120,60,75.59026202675545,79.85409
61,121,59,89.10692446671865,73.59049
61,122,58,79.82863414522899,75.33629
61,123,57,95.89645533865723,92.91983
61,124,56,84.09913986911786,85.34462
61,125,55,87.16164153439155,94.80739
61,126,54,87.81333465608466,88.54963
61,127,53,85.91522194374826,89.16314
61,128,52,68.18971527777781,77.32746
61,129,51,95.24216689787346,90.08383
61,130,50,90.79127425352425,86.97661
61,131,49,70.29175396825393,56.578045
61,132,48,90.76061274337872,88.586296
61,133,47,96.2658577713563,99.54418
61,134,46,70.57033533293016,67.530975
61,135,45,84.1844938271605,90.51996
61,136,44,79.53896280838221,78.71041
61,137,43,76.73176529965333,78.44649
61,138,42,82.68757519278535,86.8179
61,139,41,85.68699314145185,79.595535
61,140,40,79.48799379324377,92.367004
61,141,39,78.84208878819045,71.66551
61,142,38,69.6287812660551,66.24832
61,143,37,81.32499201787996,83.86082
61,144,36,72.31976753268424,65.679115
61,145,35,68.36060317460314,61.24173
61,146,34,70.5022367724868,56.90456
61,147,33,68.62383994708998,68.12091
61,148,32,60.081279503378404,56.27171
61,149,31,42.58814065255733,41.576687
61,150,30,65.03496957671962,62.095123
61,151,29,70.66242096560846,67.68358
61,152,28,59.64146852300244,59.093227
61,153,27,58.14328182234433,53.540318
61,154,26,49.708714285714265,46.32235
61,155,25,53.160477633477626,50.98629
61,156,24,42.68478042328043,36.94312
61,157,23,52.19250622471211,46.028214
61,158,22,47.039968253968276,45.4263
61,159,21,44.09478703703705,39.15857
62,1,125,121.05829640838031,121.26057
62,2,125,124.00528966063953,125.00174
62,3,125,124.96728518510783,124.47795
62,4,125,124.49274418792753,124.46275
62,5,125,124.71751874433481,126.58735
62,6,125,124.53162292843585,123.87561
62,7,125,124.9713025789421,125.50345
62,8,125,124.97748482355155,125.58335
62,9,125,123.09137521331108,126.56008
62,10,125,124.53087122914759,123.96885
62,11,125,123.24636229624848,125.22779
62,12,125,124.89283874577976,124.77825
62,13,125,124.88221520320896,125.49954
62,14,125,124.45885223720434,124.247856
62,15,125,115.93856462902745,116.42244
62,16,125,124.91620207560615,125.73575
62,17,125,124.73063343119436,125.809654
62,18,125,121.70413189931503,126.29911
62,19,125,123.04963080130004,125.62341
62,20,125,123.72274808503062,124.19738
62,21,125,120.59114394601893,125.268585
62,22,125,124.43789057081798,126.58346
62,23,125,122.96280086558552,124.18175
62,24,125,124.46141266148918,126.11721
62,25,125,124.59376250728943,127.04718
62,26,125,121.56037751436355,124.49879
62,27,125,124.87598980176794,126.2672
62,28,125,120.92269773957453,125.8466
62,29,125,124.11598181049223,124.8736
62,30,125,124.23911053257834,124.79912
62,31,125,121.59753210383191,120.38353
62,32,125,121.00152215848998,118.5805
62,33,125,123.96216740543811,124.77046
62,34,125,124.98296210263567,125.737015
62,35,125,123.29350538421166,125.319084
62,36,125,124.05608792360198,125.078316
62,37,125,123.09398449420432,124.83153
62,38,125,121.94465555156489,122.150345
62,39,125,122.17653562286165,124.86275
62,40,125,122.22854427063609,125.92505
62,41,125,122.77374815107814,124.74019
62,42,125,124.81650732800233,125.32521
62,43,125,124.16842524119787,125.68595
62,44,125,119.93771910530003,123.708694
62,45,125,124.35646807631228,126.076996
62,46,125,124.69946010346631,125.543335
62,47,125,124.94072988823623,125.87387
62,48,125,124.7633515537237,127.093445
62,49,125,123.65900413968573,124.06518
62,50,125,124.57979327438024,125.890495
62,51,125,124.91952800704016,124.958855
62,52,125,123.6726313226787,124.57908
62,53,125,124.8663153082552,125.89821
62,54,125,124.66171955350978,126.87044
62,55,125,124.69092570959974,125.15376
62,56,125,123.51563967479953,123.91612
62,57,125,120.5663087368321,122.92593
62,58,125,123.28481126350768,124.374626
62,59,125,121.75468327619606,122.982765
62,60,125,124.15303054277402,125.33753
62,61,125,124.40680853914417,126.87414
62,62,125,119.62573712173888,123.56566
62,63,125,121.02810049154326,124.21201
62,64,125,121.23981608677752,122.40998
62,65,125,124.02738173423842,124.13708
62,66,125,124.63490672797862,126.46774
62,67,125,124.24816981338411,122.46469
62,68,125,124.0050298839208,122.2945
62,69,125,123.16060050152167,123.979996
62,70,125,124.44303426313085,123.15776
62,71,125,124.9652617172051,125.345566
62,72,125,124.53650049324426,122.75104
62,73,125,123.53686747180188,124.4946
62,74,125,123.13726330581339,122.28308
62,75,125,123.6113991228316,121.853264
62,76,125,122.1767857980861,122.17815
62,77,125,124.84319951528335,125.011986
62,78,125,124.04309852399344,125.68015
62,79,125,124.95825347077982,126.70609
62,80,125,124.08544253063589,124.5628
62,81,125,123.91014643637875,124.15262
62,82,125,122.04178109268118,124.19375
62,83,125,124.69077213012798,124.76014
62,84,125,124.52020770222256,124.80313
62,85,125,124.1453226352948,123.31414
62,86,125,124.20524533869762,124.81238
62,87,125,124.36628388948925,125.71321
62,88,125,124.32381657172186,122.71964
62,89,125,124.51503701274926,124.47917
62,90,125,120.45471427451763,122.558655
62,91,125,124.55043582522002,125.27512
62,92,125,124.70616458058423,124.53756
62,93,125,124.52897797657354,126.10456
62,94,125,120.84748891844336,120.98772
62,95,125,124.7583127033708,126.11037
62,96,125,123.56397983985543,125.46601
62,97,125,120.49110097365221,124.90233
62,98,125,123.57534382728454,122.97475
62,99,125,123.1068026313639,122.47596
62,100,125,123.95197942163543,122.77126
62,101,125,123.66317831337805,123.73803
62,102,125,123.50814743826739,124.23832
62,103,125,124.06344431009832,124.45148
62,104,125,116.22558467059955,121.04573
62,105,125,121.93932542453881,121.79651
62,106,125,120.80607272792965,118.963165
62,107,125,123.39685132973115,124.232796
62,108,125,124.0857351692414,125.50885
62,109,125,123.36420968060918,121.41946
62,110,125,122.91506564137582,123.413315
62,111,125,116.58493373117996,112.42429
62,112,125,124.68882225701954,123.863556
62,113,125,119.92144687705743,116.60296
62,114,125,117.73246702135742,119.739586
62,115,125,116.29119525686718,118.24926
62,116,125,123.76608921035943,122.707855
62,117,125,124.77303079345235,125.06951
62,118,125,122.15907253614664,123.40747
62,119,125,119.46181289390576,123.70262
62,120,125,124.70916228288108,125.46907
62,121,125,121.63290539040754,121.335686
62,122,125,120.07140776363472,119.21533
62,123,125,124.41881589933494,126.08065
62,124,125,122.93587835790548,125.71377
62,125,125,122.66049907071609,124.147415
62,126,125,124.92278691705157,122.80881
62,127,125,120.66791650084592,118.63091
62,128,125,124.11587680057497,124.16403
62,129,125,123.31783310153885,123.373276
62,130,125,122.46711707026074,123.394165
62,131,125,124.898024003191,125.071205
62,132,125,120.8138519038298,119.220085
62,133,125,119.06636173230169,117.83622
62,134,125,123.04837312940651,122.34476
62,135,125,114.13725443554763,117.83722
62,136,125,121.73064699752389,122.32172
62,137,125,121.94159457954028,120.520256
62,138,125,122.95200976607218,120.60181
62,139,125,123.81195028797272,122.42396
62,140,125,122.21079553962295,121.443565
62,141,125,112.10632044385169,105.26299
62,142,125,122.9158082646243,121.561386
62,143,125,119.47499080021672,116.71879
62,144,125,121.83045433244273,119.30879
62,145,125,111.95392102129074,118.2869
62,146,125,116.81198356552272,118.118866
62,147,125,120.0730657715521,117.64042
62,148,125,117.86158938900218,119.50534
62,149,125,118.72396780698344,119.38279
62,150,125,121.7411049454749,121.25587
62,151,125,121.77362024004167,119.397865
62,152,125,108.05851749328929,111.13492
62,153,125,117.85048799165342,119.02959
62,154,125,111.08022834675268,115.54448
62,155,125,124.28250089463572,123.285995
62,156,125,118.33375724881938,119.634735
62,157,125,105.55292362172956,112.59749
62,158,125,120.02932490099056,116.560455
62,159,125,117.89340574860518,114.76964
62,160,125,116.2379909016922,109.60255
62,161,125,108.07660427460021,118.27772
62,162,124,116.27166846383096,117.15498
62,163,123,108.96434380889082,113.39612
62,164,122,119.14061625860124,119.943436
62,165,121,118.1221170930677,120.67035
62,166,120,119.21574861174012,117.444336
62,167,119,110.50628028288665,115.73496
62,168,118,112.18365910746911,113.74601
62,169,117,113.55170411342544,120.63388
62,170,116,106.40199066820178,115.23152
62,171,115,105.36387660821661,112.736435
62,172,114,109.346413806774,106.13739
62,173,113,107.47789653274192,106.5575
62,174,112,110.92567012288916,117.459694
62,175,111,104.54062684477555,109.10861
62,176,110,120.80080799846071,118.00082
62,177,109,109.72823485643957,107.00939
62,178,108,116.67326512451247,115.70486
62,179,107,99.03822967847782,99.26397
62,180,106,98.21529698773449,93.80961
62,181,105,95.62692877975202,98.856705
62,182,104,115.41215675923712,106.40271
62,183,103,117.54106645286096,119.4186
62,184,102,94.7011450714037,85.811584
62,185,101,114.32417032344597,109.126335
62,186,100,102.26832306219188,98.13725
62,187,99,109.91027851034353,103.546074
62,188,98,92.1259482623794,91.65207
62,189,97,92.22167947330446,88.01605
62,190,96,102.75350088319924,104.416245
62,191,95,88.81067093906499,78.592186
62,192,94,94.09424364225978,101.43316
62,193,93,100.28759126984124,103.82427
62,194,92,102.74380547677103,106.499466
62,195,91,90.65719175895791,93.22101
62,196,90,103.29946011396011,92.751045
62,197,89,87.78821825396824,86.48321
62,198,88,91.33209880285746,91.997116
62,199,87,86.87812343092989,82.17683
62,200,86,103.35114420111476,99.52363
62,201,85,104.00562037037037,105.50419
62,202,84,72.5121524771525,75.10549
62,203,83,91.40264586308962,91.23287
62,204,82,91.0392764041514,91.148834
62,205,81,99.09278443052439,98.839714
62,206,80,83.45881514550264,71.269875
62,207,79,85.32068894993898,87.93511
62,208,78,87.6598439153439,88.0702
62,209,77,77.80611830136098,74.480125
62,210,76,68.34667063492067,66.19103
62,211,75,87.73405675805675,86.29329
62,212,74,69.04012301587298,78.73789
62,213,73,63.42518650793649,59.463127
62,214,72,86.01198630700243,75.33066
62,215,71,65.05492063492063,57.645947
62,216,70,63.52053234728235,61.00902
62,217,69,69.97655213196391,71.50028
62,218,68,65.32748352573351,55.15199
62,219,67,85.70624735449731,73.96504
62,220,66,62.97983465608469,58.797153
62,221,65,62.255597763347744,65.265884
62,222,64,71.98205423280419,65.26784
62,223,63,62.68745899470901,71.290535
62,224,62,56.41427248677248,55.294914
62,225,61,61.641051587301604,59.030033
62,226,60,56.145134920634916,54.84846
62,227,59,67.46291402116401,66.52165
62,228,58,58.614211640211664,54.75562
62,229,57,53.65868915343917,51.440815
62,230,56,51.440300264550274,53.73707
62,231,55,48.14402777777778,43.767696
62,232,54,50.0188253968254,50.878445
63,1,125,111.08300366293773,113.26963
63,2,125,117.34753805211334,119.146255
63,3,125,113.97996397635596,108.57555
63,4,125,106.79790067994232,103.42233
63,5,125,110.35339594776204,114.9426
63,6,125,109.20383035730107,111.8944
63,7,125,118.48121509638618,118.21636
63,8,125,109.22023215432233,111.58289
63,9,125,109.99324267373966,117.95454
63,10,125,117.93858671092174,118.24803
63,11,125,118.3495444269932,120.56889
63,12,125,117.54371635681365,118.28586
63,13,125,113.32429140167712,115.660385
63,14,125,119.40650576223102,123.39789
63,15,125,119.6502283418304,111.67429
63,16,125,113.18068795943817,113.51321
63,17,125,115.75628438229216,115.3346
63,18,125,109.9164348575707,101.21297
63,19,125,119.24482487752243,122.59889
63,20,125,119.94121967341741,113.91184
63,21,125,110.63858036727127,117.899796
63,22,125,117.21791803710094,116.96482
63,23,125,119.38885377698782,114.933464
63,24,125,112.97999830389837,115.20441
63,25,125,117.3144572936167,115.972534
63,26,125,117.33270512428258,113.02999
63,27,125,117.98929130768168,114.15286
63,28,125,117.3925738490203,114.88263
63,29,125,107.53030534162252,112.248405
63,30,125,110.62346850263016,114.91242
63,31,125,117.25551125681046,111.95358
63,32,125,109.82119984724214,115.78474
63,33,125,109.10369143918837,115.31536
63,34,125,120.08756131483955,119.08153
63,35,125,117.50336488241065,116.66664
63,36,125,111.55016169541469,112.624016
63,37,125,119.53385421245582,122.47439
63,38,125,113.17256444731179,114.45151
63,39,125,111.36679854687385,109.79445
63,40,125,111.78295910272236,111.63939
63,41,125,118.16803039869386,109.010895
63,42,125,115.87712794899998,117.88325
63,43,125,119.79050283179565,119.578094
63,44,125,115.7819010107151,125.0232
63,45,125,116.87308518424426,118.317276
63,46,125,118.61111976398972,117.320335
63,47,125,115.83600795987147,121.64647
63,48,125,114.84221130906069,116.93591
63,49,125,110.3565222759849,113.60024
63,50,125,98.29006684208936,111.782
63,51,125,114.56447637399314,116.650566
63,52,125,118.19065473737774,113.51939
63,53,125,114.56528956739899,112.207634
63,54,125,114.60406673681905,111.18414
63,55,125,114.05048954185258,122.13709
63,56,125,107.37750901694123,113.69138
63,57,125,120.1163541212094,115.530266
63,58,125,116.84331845845932,118.9934
63,59,125,115.20853098655512,119.11552
63,60,125,112.50374831651676,108.709465
63,61,125,114.72508425402792,111.47331
63,62,125,108.41725888263889,106.83733
63,63,125,114.05533576558264,116.32582
63,64,125,111.26801492592868,112.62762
63,65,125,112.92713657207115,114.48093
63,66,125,114.4523279412197,107.78743
63,67,125,102.39128997995319,112.65239
63,68,125,104.38455508398245,107.40453
63,69,125,113.98572146131164,117.061554
63,70,125,112.35500099385357,113.94028
63,71,125,115.62775058892626,114.8337
63,72,125,111.16060149852171,111.76081
63,73,125,120.52551394505271,117.396324
63,74,125,111.90078494275993,118.77346
63,75,125,119.27803038593464,124.85933
63,76,125,112.8407438067875,117.16944
63,77,125,105.08011984422033,115.81009
63,78,125,103.34264273106164,108.26608
63,79,125,107.01005646983796,100.08088
63,80,125,106.23644802475842,107.41193
63,81,125,109.82942530925601,112.1503
63,82,125,113.37500162140553,117.7576
63,83,125,117.71512364791782,110.24843
63,84,125,115.20577737201948,112.28135
63,85,125,100.85070512202051,100.32295
63,86,125,106.25092138924097,100.57847
63,87,125,113.56878209624747,114.83622
63,88,125,118.33117110317427,118.512924
63,89,125,106.01636627400187,100.04178
63,90,125,104.7371923688743,102.35497
63,91,125,108.35373846605718,106.62495
63,92,125,110.6101605944596,112.02264
63,93,125,117.15987848048029,109.626366
63,94,125,111.79561565838031,107.94611
63,95,125,99.64590792412633,107.68833
63,96,125,107.71584663796088,108.88977
63,97,125,106.32572707332396,112.489555
63,98,125,111.37484890726174,112.02261
63,99,125,115.8109589020399,120.53281
63,100,125,106.99590676043277,112.362076
63,101,125,120.85365130243541,115.40573
63,102,125,118.98373957905721,117.759125
63,103,124,107.87133347591593,114.61668
63,104,123,113.75621346330428,111.35182
63,105,122,114.27133874425938,115.81148
63,106,121,113.33986162997009,119.104546
63,107,120,116.74583947797373,118.07629
63,108,119,112.26242420316717,109.242065
63,109,118,115.7009522726801,109.01619
63,110,117,119.97319258691299,112.49057
63,111,116,102.79528603938277,107.08656
63,112,115,111.53253020862843,99.94387
63,113,114,113.52925773669593,112.76465
63,114,113,117.72560191710376,117.09599
63,115,112,117.85428177984328,122.001884
63,116,111,112.41981661833566,115.27069
63,117,110,91.01693732090408,86.031555
63,118,109,117.66629893079025,112.39332
63,119,108,100.6394235372578,91.61845
63,120,107,109.23019938148752,106.46271
63,121,106,108.33362017678537,109.87292
63,122,105,107.3647977294136,99.13625
63,123,104,104.80841651800938,113.76801
63,124,103,105.16658081806067,114.15218
63,125,102,98.27410001171984,109.4107
63,126,101,107.70347741147742,107.94653
63,127,100,102.36273677248678,104.659195
63,128,99,104.45108841531102,112.74112
63,129,98,107.31088474905167,106.31013
63,130,97,113.40867054527655,110.69963
63,131,96,115.32580333905331,104.21097
63,132,95,114.10295052285726,109.96895
63,133,94,99.23769973544971,103.16589
63,134,93,106.36353617837038,113.114876
63,135,92,74.79540687577529,74.00439
63,136,91,87.40663011063015,78.144745
63,137,90,69.78937698412703,73.290565
63,138,89,109.46545177981723,108.27679
63,139,88,65.84318771043769,66.146545
63,140,87,62.23898015873018,68.05431
63,141,86,106.15371153934177,102.88888
63,142,85,78.34610515873014,86.1945
63,143,84,80.9486568524119,94.537575
63,144,83,80.11123491481166,75.794846
63,145,82,93.72425015281642,104.738014
63,146,81,113.04350299509072,105.231636
63,147,80,97.42408343629404,90.53894
63,148,79,94.21703118085027,108.752335
63,149,78,117.4943380436851,106.496704
63,150,77,103.09401290061322,100.618614
63,151,76,92.7046944444444,89.10662
63,152,75,83.40393420086815,77.15872
63,153,74,87.74170155086193,91.15742
63,154,73,95.7423767773399,89.32811
63,155,72,68.32748280423283,67.64943
64,1,125,119.18798564300815,119.745316
64,2,125,121.55133807104748,123.11747
64,3,125,114.35289664887551,120.719246
64,4,125,108.99487953146014,111.53427
64,5,125,117.47735097050686,119.75955
64,6,125,112.77817048978463,115.24392
64,7,125,115.18410255221248,120.05998
64,8,125,117.24046540247689,117.43813
64,9,125,113.63527420690315,107.86343
64,10,125,114.14253382961266,121.819756
64,11,125,122.65958942939469,122.18463
64,12,125,115.89374364218212,113.92963
64,13,125,118.88437931320331,117.856606
64,14,125,112.32671880637312,114.72672
64,15,125,117.8632193985245,112.70668
64,16,125,118.91875531886552,117.68249
64,17,125,112.28970488139316,119.40611
64,18,125,119.46054991193458,119.270966
64,19,125,118.02753751248429,121.11466
64,20,125,107.07785298577002,108.227806
64,21,125,112.82576755988212,116.58259
64,22,125,116.34692978551287,112.49494
64,23,125,101.21058084214965,101.497505
64,24,125,116.2342179804842,111.250824
64,25,125,121.23618729816317,118.88277
64,26,125,120.64092411181232,114.25027
64,27,125,118.86074167752163,117.10434
64,28,125,116.2138214018073,115.47529
64,29,125,116.60474399760332,113.33788
64,30,125,120.28593940868731,121.29059
64,31,125,117.20943903549261,112.94668
64,32,125,107.19450705505764,101.723785
64,33,125,115.21297092706395,116.7868
64,34,125,116.28964887622718,117.282814
64,35,125,117.80398762799125,117.12821
64,36,125,122.6619957379778,122.10658
64,37,125,113.43956926529489,115.05254
64,38,125,114.412296605792,116.38301
64,39,125,120.16440205340096,117.64834
64,40,125,111.8209176448419,115.34089
64,41,125,112.87687681318154,115.66232
64,42,125,110.88450514621667,100.96182
64,43,125,115.05935781423675,116.467155
64,44,125,110.29797573607328,110.044205
64,45,125,110.56853446076464,114.76164
64,46,125,115.27522511637083,118.92611
64,47,125,105.9419206797309,107.80686
64,48,125,110.11532596669092,112.37291
64,49,125,120.27190540501105,123.400444
64,50,125,119.5413641646476,113.32754
64,51,125,108.30268747595747,125.20886
64,52,125,115.52859943700328,119.321075
64,53,125,113.9728354603829,114.500175
64,54,125,118.87188986136668,121.74331
64,55,125,111.34026731500651,104.47613
64,56,125,111.06511947858917,110.49377
64,57,125,118.84764460873475,118.58463
64,58,125,111.1414711130816,118.38869
64,59,125,118.82412981526362,118.40228
64,60,125,105.32051793909315,105.75818
64,61,125,100.70561089074326,99.41339
64,62,125,118.87049912873323,120.82298
64,63,125,105.51682312923042,106.53515
64,64,125,109.75538510117961,110.21642
64,65,125,116.33537699467355,113.453094
64,66,125,104.24892790268912,115.173706
64,67,125,103.02039251888328,103.881355
64,68,125,107.71712801745363,114.98451
64,69,125,116.23590163401045,118.84607
64,70,125,119.35707268254627,114.51838
64,71,125,115.8403839303897,116.48679
64,72,124,121.69574414362017,120.67403
64,73,123,119.71477601538274,121.473206
64,74,122,108.3622959841783,110.85541
64,75,121,117.05975086227525,114.21979
64,76,120,112.44493884108483,106.095634
64,77,119,114.66432445898647,105.893745
64,78,118,108.96306252833135,109.64257
64,79,117,112.52861493645084,110.90633
64,80,116,120.46347634209877,115.30258
64,81,115,112.25642538596422,115.043526
64,82,114,111.53501026318972,101.80909
64,83,113,108.2212216724232,115.29329
64,84,112,109.01710246327748,103.35981
64,85,111,113.94635629370195,114.61333
64,86,110,103.13022337364852,106.56293
64,87,109,112.64735453611553,113.26101
64,88,108,112.11388367803607,114.01218
64,89,107,104.33061712396189,102.57292
64,90,106,103.38416686102751,102.59538
64,91,105,111.75046399229448,105.9439
64,92,104,109.08289462377397,116.269844
64,93,103,106.98358231762727,108.00963
64,94,102,95.33884474799702,97.762245
64,95,101,107.9065365060765,107.58303
64,96,100,111.09045563758659,106.5224
64,97,99,108.55332735691545,114.72475
64,98,98,93.46497396530022,92.88932
64,99,97,109.94412139268739,119.1289
64,100,96,114.11434618898866,110.57967
64,101,95,109.82191818264828,102.985596
64,102,94,109.05065082999906,113.381966
64,103,93,108.86546838219148,107.15571
64,104,92,104.34527087149809,96.81215
64,105,91,103.42893736483519,106.899315
64,106,90,115.5091406027583,113.970695
64,107,89,102.93941551629727,107.47783
64,108,88,103.02934241012527,99.33019
64,109,87,109.71966357960223,109.47261
64,110,86,105.57799226210325,106.084045
64,111,85,102.74993319251328,95.363335
64,112,84,113.05486026195712,107.84277
64,113,83,106.05041012174041,99.449554
64,114,82,102.48799360005825,105.59629
64,115,81,105.44561014347674,102.712654
64,116,80,101.42420288144281,95.60297
64,117,79,109.48309297922067,106.59247
64,118,78,114.58536000660419,115.06549
64,119,77,101.01922629636084,101.72657
64,120,76,100.87194644706072,109.83648
64,121,75,90.8705142539961,90.15765
64,122,74,94.88517365791938,104.75496
64,123,73,105.45300398459081,98.88587
64,124,72,107.20898767911014,101.43776
64,125,71,95.44807554622429,107.195274
64,126,70,98.45258669564014,95.5024
64,127,69,95.01543565877209,98.665504
64,128,68,101.44716215835096,101.918785
64,129,67,92.50973513324942,90.42793
64,130,66,110.55999403983498,109.89087
64,131,65,101.36821420531219,92.28813
64,132,64,103.92563540700912,101.759445
64,133,63,99.84033142078604,100.06892
64,134,62,100.31808912219421,108.38891
64,135,61,94.61675182784744,108.944244
64,136,60,89.44587462868931,89.24168
64,137,59,110.08312986953531,104.68328
64,138,58,97.57362718762717,96.321915
64,139,57,104.9128921807032,105.44603
64,140,56,101.54321963774127,100.04738
64,141,55,90.6004259954677,92.576096
64,142,54,101.35714074545832,97.73171
64,143,53,87.38895787742976,96.98838
64,144,52,73.99650252525255,67.8476
64,145,51,83.4741106107034,80.40915
64,146,50,105.10614566902021,103.2451
64,147,49,91.72185978835978,95.26038
64,148,48,90.22874085976132,94.58498
64,149,47,67.68164550264551,69.725136
64,150,46,58.50945743145745,59.269375
64,151,45,98.27325571634067,93.34754
64,152,44,81.21262164639408,66.54048
64,153,43,70.54303705753482,73.83111
64,154,42,71.36316774891776,70.30883
64,155,41,83.73459529560614,85.20029
64,156,40,74.9163941798942,80.232254
64,157,39,40.08453023979742,42.24435
64,158,38,54.75668583268583,63.44429
64,159,37,48.48468362193362,43.982304
64,160,36,61.8618928571429,62.85546
64,161,35,52.1932083009583,51.20593
64,162,34,47.46883410108411,42.334473
64,163,33,55.722013227513244,55.16917
64,164,32,45.46732936507937,37.40759
64,165,31,44.894623015873016,35.262497
64,166,30,39.73189153439153,33.94991
64,167,29,38.36334033613446,36.574085
64,168,28,51.035793650793636,53.77447
65,1,125,123.8470318643991,127.12422
65,2,125,123.67384072314834,124.44765
65,3,125,117.66584672361343,120.20446
65,4,125,121.94774231682054,123.02136
65,5,125,124.60990935264034,127.4637
65,6,125,124.05630378153604,125.222595
65,7,125,123.72486417452716,123.7656
65,8,125,120.65284153637697,125.08371
65,9,125,122.51287272876124,118.42208
65,10,125,122.67038147411314,125.80056
65,11,125,123.2714074905437,126.63147
65,12,125,120.3889974431184,123.770645
65,13,125,124.4180464506389,126.54749
65,14,125,121.43587456787611,124.16101
65,15,125,123.31974924581135,127.66811
65,16,125,123.2132713675082,125.82242
65,17,125,123.55443622367788,126.1329
65,18,125,123.95265352220513,125.12317
65,19,125,124.55168994087526,125.926956
65,20,125,119.80987440205803,119.56686
65,21,125,121.41245960517959,123.170876
65,22,125,124.53357329255469,125.88971
65,23,125,124.55925945453275,128.29831
65,24,125,119.59641976479412,122.73479
65,25,125,123.48597300081774,124.54587
65,26,125,113.90334043053966,113.616165
65,27,125,121.24282951282777,119.93125
65,28,125,123.83770023067041,124.41772
65,29,125,122.13020415414937,123.95408
65,30,125,122.92519285429431,123.03657
65,31,125,124.55647532514396,127.44192
65,32,125,123.94680424740261,122.84394
65,33,125,121.34692655802304,124.682495
65,34,125,119.33679348141845,121.08393
65,35,125,123.17941939185371,124.930084
65,36,125,123.27511037731422,124.581245
65,37,125,116.1675553287212,118.2404
65,38,125,119.65923375645558,122.27148
65,39,125,124.08178313552831,123.70277
65,40,125,123.10152219374339,123.19564
65,41,125,118.56931480254897,120.65742
65,42,125,124.53118510546442,123.80708
65,43,125,121.4442740344426,121.490616
65,44,125,123.62942128153186,126.49604
65,45,125,123.14573179499416,125.65506
65,46,125,123.29516626571284,124.23123
65,47,125,121.1144987988951,120.73653
65,48,125,122.96912345559474,124.668816
65,49,125,120.09652746923032,119.564804
65,50,125,119.69404233076828,121.42444
65,51,125,120.67625527640621,123.79585
65,52,125,112.60116587824619,112.37091
65,53,125,119.0924224208803,125.43964
65,54,125,120.38655117151588,120.36837
65,55,125,124.52878990420731,125.00772
65,56,125,120.96076936908194,120.11944
65,57,125,124.16734584212374,124.19593
65,58,125,117.51541698147965,117.12763
65,59,125,122.76949814443755,125.40673
65,60,125,123.55827276594027,127.29811
65,61,125,119.33091990552435,120.10048
65,62,125,119.39643718210779,124.47974
65,63,125,118.5713696882499,117.07225
65,64,125,114.64296663293327,112.16135
65,65,125,124.06132571441968,123.93062
65,66,125,119.60141836256062,122.12779
65,67,125,123.8243393719899,125.31354
65,68,125,120.4325423482532,122.14879
65,69,125,115.2173664455929,116.9079
65,70,125,118.04705027742195,120.57644
65,71,125,122.67344499023687,121.05905
66,1,125,108.92564198727749,110.67594
66,2,125,98.73601841777877,101.739624
66,3,125,109.52989761391476,102.38453
66,4,125,102.15639015490518,102.7025
66,5,125,111.81967009724445,117.700584
66,6,125,107.79102591162477,99.537704
66,7,125,100.2354740909415,113.349075
66,8,125,110.83724422285208,107.66878
66,9,125,108.48099174897838,110.59051
66,10,125,106.36865773206918,112.132385
66,11,125,107.44536577501874,107.14837
66,12,125,111.94026887549677,114.82495
66,13,125,106.54234562968588,101.00093
66,14,125,105.80785641357855,103.25911
66,15,125,97.66683811116263,92.7183
66,16,125,114.12273982422977,114.39574
66,17,125,109.14748469568636,106.47926
66,18,125,107.76665037463066,111.360435
66,19,125,113.70863704808255,113.1235
66,20,125,104.70420472483623,108.681725
66,21,125,89.74463464149495,93.20978
66,22,125,109.52575438676496,106.1786
66,23,125,107.80342148867238,104.68447
66,24,125,101.87931034041719,98.60727
66,25,125,90.04770308123247,92.47483
66,26,125,99.6975601164782,104.897125
66,27,125,101.83358489381276,92.73731
66,28,125,105.84229679249228,107.12399
66,29,125,111.87267469740344,107.08292
66,30,125,102.4142332964193,106.00196
66,31,125,105.61763766477026,102.24901
66,32,125,91.14114901965992,85.94626
66,33,125,97.55465396869712,96.25541
66,34,125,118.50549434703913,116.442215
66,35,125,99.1744354251678,107.72862
66,36,125,82.47559506149338,84.64016
66,37,124,109.51390248429242,95.33785
66,38,123,93.67261923069276,95.39427
66,39,122,107.602967522965,109.09833
66,40,121,92.25709337303327,94.55522
66,41,120,96.60430934666911,106.254
66,42,119,102.19890896849105,105.78002
66,43,118,103.20679132479007,98.86622
66,44,117,90.26590911920323,88.01922
66,45,116,103.33006209770845,100.363525
66,46,115,107.4967125998618,110.942894
66,47,114,89.37886970899474,89.00321
66,48,113,104.02988736967991,103.91546
66,49,112,94.60647364229975,96.51386
66,50,111,94.63391564557057,99.71042
66,51,110,102.42251695431302,99.15538
66,52,109,104.05268622733267,101.898636
66,53,108,85.23494705029877,100.69907
66,54,107,89.26425583675581,87.55027
66,55,106,104.20525045966053,99.08328
66,56,105,102.63972417582418,97.15416
66,57,104,94.10415836055839,89.13417
66,58,103,106.81635356812293,105.6377
66,59,102,82.65609355010665,78.23292
66,60,101,89.07004836897855,91.692276
66,61,100,105.26051149096077,102.46758
66,62,99,81.92593653340236,85.05282
66,63,98,100.46328447393257,102.06159
66,64,97,91.16086854523107,93.17254
66,65,96,99.31286580607356,97.73383
66,66,95,99.05549304155691,93.49607
66,67,94,97.33703854382924,95.70798
66,68,93,87.039170622635,84.79107
66,69,92,70.32580161341929,75.03212
66,70,91,89.2068706950181,91.11663
66,71,90,75.2077119793776,79.92209
66,72,89,92.06918921356421,83.73348
66,73,88,95.93885570075132,105.49582
66,74,87,85.19403523700433,86.88256
66,75,86,77.60742063492066,82.32007
66,76,85,94.92068632876301,94.77471
66,77,84,84.9713875661376,84.632935
66,78,83,89.05407605503662,93.24608
66,79,82,84.13375226757368,79.27897
66,80,81,82.47469392547022,77.652176
66,81,80,68.5135547801496,70.152534
66,82,79,84.01118253968254,82.28533
66,83,78,82.26301022588525,75.3325
66,84,77,72.1582835249042,80.46556
66,85,76,77.91387683840014,72.434
66,86,75,83.30462793864895,87.910576
66,87,74,69.8173135938136,66.311
66,88,73,76.17265907616981,76.40549
66,89,72,68.64578571428574,58.333275
66,90,71,64.44810830999073,61.222107
66,91,70,70.58588624338627,67.31338
66,92,69,66.24746719946721,67.28661
66,93,68,65.09259017705145,67.708725
66,94,67,64.0222351190476,57.73546
66,95,66,75.20554232804233,61.19454
66,96,65,73.71930636575593,77.96988
66,97,64,72.33770899470903,74.160904
66,98,63,78.66010714285714,73.26344
66,99,62,64.66114826839826,63.742657
66,100,61,62.788304563492055,64.894714
66,101,60,63.54739171122993,60.96111
66,102,59,58.63104524083414,60.458637
66,103,58,67.41413095238099,53.24975
66,104,57,60.9259571909572,65.685295
66,105,56,67.13581024531024,59.192154
66,106,55,51.55436628186629,51.495823
66,107,54,72.34265873015872,79.211525
66,108,53,62.40219907407405,66.09891
66,109,52,56.12253571428575,51.70573
66,110,51,50.05605026455026,38.316948
66,111,50,65.48405555555556,76.923996
66,112,49,57.73617592592589,58.624607
66,113,48,49.72354966329965,48.49608
66,114,47,40.21524146224145,40.84287
66,115,46,54.32082539682537,53.289448
66,116,45,55.21561805555558,53.918316
66,117,44,48.21417216117213,45.47406
66,118,43,39.50510714285712,37.732384
66,119,42,41.182357142857136,47.48735
66,120,41,46.755825396825394,47.175392
66,121,40,43.54333707154358,42.467876
66,122,39,37.31484523809524,35.291607
66,123,38,44.35170899470898,46.271366
66,124,37,42.725873015873006,42.233025
66,125,36,45.49442857142856,46.013123
66,126,35,47.01715343915344,39.681477
66,127,34,37.59340950556468,35.521152
66,128,33,43.548178571428586,37.805218
66,129,32,32.7766746031746,30.280785
66,130,31,36.02279365079365,40.621216
66,131,30,35.01536507936507,36.227512
66,132,29,36.12997619047621,35.546974
66,133,28,35.81652116402116,33.65871
66,134,27,30.481223544973535,25.884405
66,135,26,33.475595238095245,26.81459
66,136,25,30.788866402116394,32.485138
66,137,24,32.45965598290597,29.718143
66,138,23,27.603058201058193,20.09433
66,139,22,26.128146825396836,25.613438
66,140,21,25.844919312169313,30.724888
66,141,20,28.253638888888883,28.481155
66,142,19,27.57952116402117,27.944878
66,143,18,21.194563492063487,21.249958
66,144,17,19.176616402116405,19.884241
66,145,16,17.444613756613762,18.239346
66,146,15,20.56073809523809,18.746267
66,147,14,17.306523809523807,16.974365
67,1,125,123.03074170683996,122.228745
67,2,125,118.8618197543329,116.42071
67,3,125,107.19299198568315,120.18715
67,4,125,112.68718212005265,115.19263
67,5,125,116.51748174971671,119.39043
67,6,125,115.0970928498588,113.81862
67,7,125,114.79473190332807,116.88031
67,8,125,112.93822492527187,112.92363
67,9,125,115.53220620922242,117.85817
67,10,125,112.90439069149748,116.082405
67,11,125,117.92685614159643,119.29884
67,12,125,119.02891989245376,120.19773
67,13,125,117.568641879653,115.75359
67,14,125,118.24217024851364,121.323364
67,15,125,108.88105525271705,113.79476
67,16,125,113.71007621388601,118.34653
67,17,125,121.99672831736059,119.54391
67,18,125,105.73355753459059,109.53926
67,19,125,113.99930907143823,113.68406
67,20,125,108.26759342124696,114.39758
67,21,125,123.72442701283096,122.136024
67,22,125,118.32010630129766,118.99943
67,23,125,110.54439170403406,112.8867
67,24,124,113.0011820484619,107.76375
67,25,123,111.78929023870582,112.9175
67,26,122,118.82472572630283,120.28337
67,27,121,119.33816133071215,124.09406
67,28,120,119.49414962625764,117.16857
67,29,119,117.66298885657035,120.92928
67,30,118,103.31361265582873,110.44471
67,31,117,108.2126722321311,101.868645
67,32,116,112.28502113183774,119.08601
67,33,115,121.85940148155923,121.808754
67,34,114,117.90980656552696,121.87447
67,35,113,119.95001907153366,121.16133
67,36,112,116.12497985118927,120.06217
67,37,111,106.19519705634669,114.99342
67,38,110,102.66460706145662,99.74962
67,39,109,116.93858938722519,120.10345
67,40,108,113.55771871274233,120.73664
67,41,107,108.97728662196646,114.76911
67,42,106,114.22012521609322,117.464066
67,43,105,112.21736210715206,112.656555
67,44,104,116.51670232476125,116.173996
67,45,103,109.99396004090508,109.803345
67,46,102,111.26283060517181,112.45733
67,47,101,114.85910930500222,119.833664
67,48,100,114.47190317871498,120.57391
67,49,99,119.46950130002713,120.33807
67,50,98,118.93319773025384,116.629295
67,51,97,112.70459410907614,116.357315
67,52,96,118.37622652909452,117.01984
67,53,95,120.52055975866244,121.28734
67,54,94,115.3612718203673,116.30687
67,55,93,113.90450463690819,113.747444
67,56,92,117.31984446159535,110.81273
67,57,91,109.91613867651753,104.30758
67,58,90,112.85964566090912,112.30536
67,59,89,114.2100476828593,109.96513
67,60,88,106.64290318918265,104.103355
67,61,87,115.15903379195763,108.82942
67,62,86,116.00295446183235,111.944176
67,63,85,109.51590932314457,115.645805
67,64,84,113.7308992300848,107.26122
67,65,83,109.03602131475472,111.47132
67,66,82,117.31194691364713,119.21693
67,67,81,113.09500056031717,119.16773
67,68,80,112.64871836349506,108.76708
67,69,79,119.54151689095097,118.50186
67,70,78,115.82749868692328,113.891205
67,71,77,110.22732200520264,110.35125
68,1,125,113.0387397748527,115.36518
68,2,125,112.36664716549178,118.305214
68,3,125,117.90160930967691,122.00054
68,4,125,118.47975072223312,119.20479
68,5,125,120.41680385513556,118.67947
68,6,125,117.65260933204651,117.15502
68,7,125,123.43600467085577,125.17104
68,8,125,119.5308840639767,118.85747
68,9,125,119.03999950000568,121.37048
68,10,125,121.1362330769873,120.029106
68,11,125,118.40343623904486,121.222244
68,12,125,119.19389497841291,122.40213
68,13,125,121.42436522899395,121.242935
68,14,125,121.73718812954809,119.57562
68,15,125,116.33007118265775,119.99058
68,16,125,116.58092921932635,117.61414
68,17,125,118.067590806299,122.302216
68,18,125,117.07792965719474,117.90509
68,19,125,115.7815429457947,118.42605
68,20,125,123.60535420265207,122.42065
68,21,125,120.00242071436304,122.45641
68,22,125,118.08386463552476,117.33254
68,23,125,116.27380309711064,122.52711
68,24,125,116.19627516622187,109.049164
68,25,125,122.07487356607346,118.91483
68,26,125,122.42320071729687,121.162254
68,27,125,112.46705500812575,120.60707
68,28,125,112.14891070309054,115.217766
68,29,125,117.86841393829066,120.36797
68,30,125,114.06744506328063,117.48484
68,31,125,113.42167959570389,116.759605
68,32,125,116.64951832992493,117.14833
68,33,125,119.11764726129215,116.062454
68,34,125,122.26351903213273,121.44636
68,35,125,109.72161155758937,113.76568
68,36,125,118.49058748263563,115.722404
68,37,125,115.45665097180249,112.226494
68,38,125,117.91472443468486,122.0536
68,39,125,119.00988801437808,117.64781
68,40,125,119.49689489030992,117.68482
68,41,125,116.5486219357114,112.626884
68,42,125,120.34284139075419,119.29848
68,43,125,121.60550481124088,120.07803
68,44,125,114.93269787401256,115.46604
68,45,125,122.77444407018947,121.22139
68,46,125,108.8929363405525,113.67592
68,47,125,120.38727124918034,120.39899
68,48,125,118.7830578991291,116.90123
68,49,125,112.89338288009941,106.25639
68,50,125,119.67525913954222,120.14041
68,51,125,112.24367456205361,111.397026
68,52,125,116.35998779768063,115.33369
68,53,125,118.99981318996662,121.52843
68,54,125,112.74479850922168,112.21113
68,55,125,124.63616655695729,123.67816
68,56,125,107.80868683496462,114.20825
68,57,125,119.78387794989413,120.25686
68,58,125,117.22434173908715,119.323685
68,59,125,111.29193854802669,114.1861
68,60,125,111.69851483000886,113.769554
68,61,125,117.05844867859697,117.60853
68,62,125,110.24474531745518,110.52539
68,63,125,118.12166462085807,114.19865
68,64,125,115.4623470847972,113.08022
68,65,125,116.18259430212427,118.82662
68,66,125,111.03324388172356,114.32738
68,67,125,113.89879826813791,113.64233
68,68,125,120.40070578041315,119.02811
68,69,125,116.44429806590932,115.60251
68,70,125,115.68420297400921,114.35791
68,71,124,109.51399006986321,111.70922
68,72,123,112.25984876761264,115.800385
68,73,122,112.03485465472127,117.97023
68,74,121,114.59844080900764,117.825485
68,75,120,118.96388599336085,118.01992
68,76,119,114.45665385173581,116.74112
68,77,118,119.27059101640147,115.07717
68,78,117,120.6374612344744,116.399956
68,79,116,114.88578951661684,114.052795
68,80,115,111.78023564301427,115.27636
68,81,114,112.34057222033485,114.23951
68,82,113,112.896388737198,107.27016
68,83,112,114.70690561257308,116.81562
68,84,111,112.71295793196504,116.33408
68,85,110,115.58653819109023,116.05505
68,86,109,109.90152727596488,115.23786
68,87,108,113.15622797032047,114.80227
68,88,107,119.7875960017584,115.00359
68,89,106,116.04982486534388,115.57706
68,90,105,104.61018478857862,111.01331
68,91,104,109.63946276482406,108.06419
68,92,103,108.13519991171272,118.178696
68,93,102,116.85642872623367,122.52462
68,94,101,110.8336175216681,106.91679
68,95,100,103.70646711560205,103.83752
68,96,99,115.16445734215772,119.22195
68,97,98,109.96604248124112,112.040184
68,98,97,108.984317956722,111.394806
68,99,96,110.64523989834338,107.656494
68,100,95,107.81401440615873,109.159256
68,101,94,106.4595096125108,112.7633
68,102,93,112.81690384862183,120.0583
68,103,92,108.12589125678885,97.831215
68,104,91,117.08306056107081,114.56225
68,105,90,105.56643408746937,111.58612
68,106,89,107.98315083276607,107.98933
68,107,88,113.64566653271497,110.85593
68,108,87,95.35211359833578,88.00593
68,109,86,103.8204761146957,99.85168
68,110,85,108.51882278558065,106.7807
68,111,84,114.0294188855553,112.31774
68,112,83,107.41057502187337,111.84227
68,113,82,106.95189221044869,116.88825
68,114,81,93.6499125964375,95.83209
68,115,80,103.23421642177681,106.04333
68,116,79,105.23188362821905,112.91607
68,117,78,105.65756631482537,105.69679
68,118,77,107.81426510108763,107.50715
68,119,76,88.15894236964282,87.36676
68,120,75,102.81690242262196,111.42129
68,121,74,94.2960224662554,94.370735
68,122,73,83.63351977909929,90.496506
68,123,72,109.1583808178655,113.98228
68,124,71,67.82072913197915,72.60192
68,125,70,106.97611985410352,103.0123
68,126,69,87.80430735887764,95.035324
68,127,68,101.14472049011934,109.47822
68,128,67,93.11134452027824,91.46597
68,129,66,80.04726943801073,80.95379
68,130,65,89.71666531604284,88.6881
68,131,64,71.89240007215002,88.03457
68,132,63,94.2135616273047,90.50151
68,133,62,81.18659544026258,79.54536
68,134,61,92.65011508552702,101.11139
68,135,60,102.82105866443901,89.74746
68,136,59,92.87972690556703,100.895134
68,137,58,82.27853102453105,84.80556
68,138,57,70.68298058010848,72.05432
68,139,56,95.74051875773716,102.86817
68,140,55,72.13159010619137,83.0866
68,141,54,73.17656698145517,76.493
68,142,53,92.6689790763348,89.84918
68,143,52,86.64577487086187,81.5268
68,144,51,74.56176229380644,79.16135
68,145,50,73.91538960113961,75.5138
68,146,49,84.3406942039442,73.05462
68,147,48,69.55234391534391,70.51778
68,148,47,66.33677344877349,66.12353
68,149,46,77.27506222018724,74.69212
68,150,45,78.61410408666184,78.09157
68,151,44,92.72774429564602,90.00828
68,152,43,77.4320106563765,77.77436
68,153,42,47.344531033781045,43.62918
68,154,41,69.22206349206353,70.660934
68,155,40,69.62967063492064,61.9315
68,156,39,53.87386904761903,55.89309
68,157,38,66.7716255247891,66.46859
68,158,37,64.36194942265335,63.59167
68,159,36,69.46806113460184,64.16341
68,160,35,54.39071560846565,53.605824
68,161,34,46.60657539682541,49.28382
68,162,33,51.10318343385012,47.4007
68,163,32,60.768499759499754,53.833538
68,164,31,37.27242383636224,34.24184
68,165,30,57.90513095238097,59.90426
68,166,29,40.367353634690595,38.517853
68,167,28,47.99743518518517,50.29747
68,168,27,46.28345238095241,40.311607
68,169,26,38.287067584104356,36.879948
68,170,25,55.073624488256854,39.43176
68,171,24,31.6665918988419,31.698662
68,172,23,38.55573047951072,36.65243
68,173,22,25.775908822114705,25.684782
68,174,21,14.069640542328045,14.646805
68,175,20,21.607768305171543,19.139135
68,176,19,42.902440328190345,41.336155
68,177,18,17.09759972890064,17.157738
68,178,17,34.858053751803766,30.820183
68,179,16,24.24124074074075,20.046795
68,180,15,12.07350240500241,10.896207
68,181,14,18.399862433862435,19.11521
68,182,13,16.972804232804236,15.101666
68,183,12,18.611700670674363,19.465199
68,184,11,14.902570105820107,14.873869
68,185,10,16.642363756613758,12.697258
68,186,9,16.738407287157287,13.474885
68,187,8,17.424892135642143,16.009745
69,1,125,122.09631723611596,118.455864
69,2,125,121.9278114294048,124.54721
69,3,125,119.5023078169633,122.73632
69,4,125,121.34679699862201,119.75606
69,5,125,117.12286082946738,121.98684
69,6,125,119.15387077186402,113.63549
69,7,125,121.85389301796376,121.56236
69,8,125,114.77903814332679,114.18371
69,9,125,114.97613312962382,117.527245
69,10,125,118.57559574703846,121.07036
69,11,125,118.5548923284982,120.50439
69,12,125,117.20653152509075,119.0924
69,13,125,120.01526922792897,118.42414
69,14,125,116.36027823308932,114.14578
69,15,125,120.18154751023566,120.94793
69,16,125,114.69282049722618,120.10692
69,17,125,118.35667324635749,113.45819
69,18,125,112.83228381726947,113.86599
69,19,125,116.17480496238451,120.45912
69,20,125,115.8862343467934,117.47739
69,21,125,113.48399571136746,120.34258
69,22,125,118.24770953949697,108.92531
69,23,125,120.23841158281672,120.954796
69,24,125,114.47794258025877,124.27824
69,25,125,114.06182603119589,116.66338
69,26,125,110.46178484401001,115.452095
69,27,125,118.09359487080147,115.58158
69,28,125,120.74255635250273,126.851364
69,29,125,119.53786372040585,120.733444
69,30,125,118.22133684017625,118.365585
69,31,125,120.79393142377702,119.387146
69,32,125,121.46952429781159,123.11868
69,33,125,119.26531801168782,119.451355
69,34,125,116.92386793465798,123.013824
69,35,125,119.1091660876729,116.95246
69,36,125,122.69531056057829,114.529076
69,37,125,117.30328124992438,121.13594
69,38,125,119.7557600136299,122.79727
69,39,125,113.08044440668341,110.76521
69,40,125,115.50774879677246,111.19976
69,41,125,119.05812767715838,122.37074
69,42,125,108.66709581670126,117.01727
69,43,125,120.61573626174199,122.30808
69,44,125,122.46612107265732,123.301605
69,45,125,115.50792631879882,122.881226
69,46,125,122.01284905207862,119.79167
69,47,125,117.35608132994756,112.00698
69,48,125,113.33551036118808,111.01824
69,49,125,122.96668943682802,123.4776
69,50,125,122.89549862246044,121.367516
69,51,124,115.12728157917702,114.244026
69,52,123,112.26446007415345,111.614716
69,53,122,117.50468813754395,116.268845
69,54,121,113.01302179090035,120.114914
70,1,125,121.02323407057636,124.19766
70,2,125,114.5487846046462,116.09794
70,3,125,120.86555089670568,118.62245
70,4,125,117.64500309518036,115.30216
70,5,125,122.61263282306003,125.26841
70,6,125,121.39152740176641,113.72919
70,7,125,117.39195979969955,122.773384
70,8,125,115.54046440966665,113.26786
70,9,125,117.6833793103097,124.57154
70,10,125,115.82461040835479,122.832146
70,11,125,117.41171327082029,120.78594
70,12,125,115.02274912532181,120.60644
70,13,125,119.34379035276426,119.075005
70,14,125,119.48363417866523,117.88822
70,15,125,121.62431571143689,124.494255
70,16,125,117.71543303192105,118.018
70,17,125,119.46928155206184,122.07922
70,18,125,117.29333374795812,116.27903
70,19,125,116.96623099033367,116.14013
70,20,125,110.33075856418203,114.71379
70,21,125,110.22609081089017,112.03046
70,22,125,123.82993588609126,125.95793
70,23,125,115.00708169244429,115.871414
70,24,125,119.23129162454764,120.68154
70,25,125,118.824712155529,116.56735
70,26,125,109.90396130130404,113.702705
70,27,125,117.97689557188083,123.85271
70,28,125,122.50109346249937,124.42826
70,29,125,120.55466942573007,118.82367
70,30,125,107.64346374899498,113.65886
70,31,125,118.16160442601246,120.812904
70,32,125,114.77853989429495,118.79233
70,33,125,120.80254175782177,122.92311
70,34,125,122.99797208416406,121.23791
70,35,125,113.82974933393324,116.639084
70,36,125,121.1692437941793,120.07718
70,37,125,118.39447764964314,117.99594
70,38,125,118.81232941185476,120.63735
70,39,125,119.45750662595609,105.111946
70,40,125,105.47352874834057,121.80887
70,41,125,112.8128359323427,115.33641
70,42,125,121.09204517943236,121.37325
70,43,125,120.68685480810997,120.57937
70,44,125,116.70027827158162,113.1725
70,45,125,115.43505233945407,124.14042
70,46,125,121.02234110113456,121.46922
70,47,125,116.96303462843814,117.33297
70,48,125,115.37867566245642,114.387856
70,49,125,119.27422602630705,118.4668
70,50,125,115.38407048901738,123.87202
70,51,125,118.92770561854023,119.84897
70,52,125,122.52372204072523,122.43731
70,53,125,121.47580793201766,123.72612
70,54,125,120.32047267196486,117.6756
70,55,125,119.67815070300668,118.00346
70,56,125,113.00447141219607,101.73104
70,57,125,106.73251658799583,118.474815
70,58,125,117.58213541503545,119.12937
70,59,125,116.51970043801607,119.336494
70,60,125,114.57018043331826,108.24997
70,61,125,117.15019034724416,115.97893
70,62,125,108.36355998318308,111.151245
70,63,125,116.05247353134453,115.20448
70,64,125,112.83825678542193,108.15759
70,65,125,112.31082348993567,115.34473
70,66,125,116.6931853265218,118.096176
70,67,125,116.14935606715692,115.20235
70,68,125,114.87144985898223,115.5009
70,69,125,116.32592879218375,118.59668
70,70,125,121.49967824860519,118.269646
70,71,125,113.63145743719464,115.26466
70,72,125,114.18169870419963,118.90807
70,73,125,118.40502992373389,117.83694
70,74,125,109.72126165325423,121.78752
70,75,125,111.87970981759055,112.307625
70,76,125,120.8631529795502,120.322014
70,77,125,122.32212155067103,124.72732
70,78,125,114.41080647629892,115.81526
70,79,125,120.92870931697801,119.646645
70,80,125,117.28413517047494,115.54548
70,81,125,116.61244072536664,113.18085
70,82,125,107.64150724823598,114.46204
70,83,125,119.21884133688063,115.80486
70,84,125,107.89447811077947,115.94948
70,85,125,103.46242095195494,106.86934
70,86,125,104.31660117018568,98.079865
70,87,125,115.45376028893232,117.77226
70,88,125,117.40231271757732,114.18375
70,89,125,113.90332927158546,116.36944
70,90,125,116.77529356340318,119.55168
70,91,125,117.619495386714,111.69952
70,92,125,121.43711946237138,122.71651
70,93,125,117.53713747540736,113.923004
70,94,125,114.96485340836298,114.71325
70,95,125,113.24154791447421,113.803276
70,96,125,109.320263234372,108.5638
70,97,125,118.07213375772221,117.45025
70,98,125,112.37036312650213,111.91475
70,99,125,112.09468291996028,121.25061
70,100,125,104.80890876676243,105.218575
70,101,125,116.62120049354279,117.64924
70,102,125,115.90732507118133,108.23087
70,103,125,120.34029137510271,119.833275
70,104,125,115.27660327295867,118.99228
70,105,125,117.61368266874692,110.937515
70,106,125,102.2824902285107,105.26239
70,107,125,115.10144366537686,111.01049
70,108,125,117.07330429188328,116.49151
70,109,125,116.91497994440562,114.26945
70,110,125,116.2907954538217,112.56899
70,111,125,110.75551373272401,112.755554
70,112,125,120.95765114203363,116.679726
70,113,125,114.66893798589655,112.13005
70,114,125,111.70717201095317,112.451866
70,115,125,98.92198866835629,102.039696
70,116,125,107.71829699696663,111.23021
70,117,125,114.6911091762126,115.98087
70,118,125,111.23309658919854,116.73095
70,119,125,97.18225406547373,96.31585
70,120,125,114.85124510374973,111.8568
70,121,125,110.42030217458046,114.458244
70,122,124,109.29367469752023,114.53885
70,123,123,98.69577375839631,112.60189
70,124,122,117.99418233680107,117.6135
70,125,121,109.5389497890264,111.25549
70,126,120,114.00493369132113,111.13135
70,127,119,116.43422944305749,113.35024
70,128,118,107.28052193668672,114.05348
70,129,117,116.86616737605127,114.54249
70,130,116,104.38437177105902,104.26064
70,131,115,110.11542857142857,110.77686
70,132,114,108.54065872533286,109.60664
70,133,113,109.94829447428901,108.57078
70,134,112,95.2526809234722,95.626434
70,135,111,99.62048772155964,102.29254
70,136,110,106.66866702013051,111.98524
70,137,109,107.20254342573051,107.15297
70,138,108,109.70318455559924,110.868454
70,139,107,106.48192259166282,103.70325
70,140,106,100.08355876793087,91.725365
70,141,105,111.79669994639761,106.52634
70,142,104,88.36780363576517,94.48839
70,143,103,104.50008073325041,101.80201
70,144,102,107.02501503726972,106.0442
70,145,101,110.01514435419799,110.6175
70,146,100,92.99513286683452,96.74171
70,147,99,106.84900954788459,102.57781
70,148,98,105.13585827775681,110.20133
70,149,97,116.41850042701302,115.3224
70,150,96,93.47822250854345,105.47502
70,151,95,88.90054883196999,89.35682
70,152,94,111.9109373618166,114.97044
71,1,125,113.94507522329002,116.78745
71,2,125,119.13504321728387,116.36532
71,3,125,119.22717582250101,120.62904
71,4,125,124.15519900498012,124.93803
71,5,125,121.46999958575756,121.48258
71,6,125,112.7916823559315,111.81028
71,7,125,113.98857508193922,112.403366
71,8,125,117.07142572643941,119.56643
71,9,125,119.37719994129924,119.64589
71,10,125,115.67749388297187,119.0521
71,11,125,123.92658494924656,124.51276
71,12,125,120.88283072617762,122.59271
71,13,125,118.37678408341162,111.49376
71,14,125,121.68165451921227,117.69212
71,15,125,115.28923646379731,113.75234
71,16,125,119.95959126593867,116.36262
71,17,125,116.56484706459567,113.184326
71,18,125,119.3769372679723,117.83564
71,19,125,114.71113638840407,121.74276
71,20,125,108.65823565323564,109.58267
71,21,125,120.88096887266785,116.42505
71,22,125,114.58858722289753,112.730095
71,23,125,107.99294406805184,101.80307
71,24,125,112.0388773930392,117.66019
71,25,125,123.24131144891581,122.697845
71,26,125,119.57062896840361,117.68882
71,27,125,112.78889588109152,110.73957
71,28,125,122.98729355404866,120.432175
71,29,125,117.40690204291388,119.39281
71,30,125,105.95704106599807,112.821594
71,31,125,119.72995084722936,117.12636
71,32,125,110.61920350452056,112.3801
71,33,125,122.3859557467042,123.702934
71,34,125,94.13896153353811,103.07657
71,35,125,115.70527384052895,113.81517
71,36,125,120.30192010592424,119.0127
71,37,125,117.40998538790751,109.59987
71,38,125,111.19625659435408,112.891884
71,39,125,120.51120710293976,114.900116
71,40,125,120.06660584120417,111.58645
71,41,125,119.85127647115618,117.66728
71,42,125,121.1989184328234,120.37415
71,43,125,107.56286746729063,110.51351
71,44,125,104.82428131921145,100.06716
71,45,125,117.53016118996209,117.92685
71,46,125,119.46893253048407,121.94817
71,47,125,113.1400175688002,115.39482
71,48,125,118.91379107221525,121.83194
71,49,125,104.26312013902556,100.12498
71,50,125,110.8707294211698,107.29732
71,51,125,121.0325569094062,121.32781
71,52,125,108.78714833793354,112.92305
71,53,125,113.16842972414919,114.64118
71,54,125,110.46729818550091,112.53547
71,55,125,103.1228296287046,110.80426
71,56,125,108.37075841207707,117.26319
71,57,125,120.89989943473171,117.51114
71,58,125,109.8340264332586,112.97206
71,59,125,109.1977035111822,110.37094
71,60,125,89.0542076719577,82.32688
71,61,125,122.20387894845139,120.81479
71,62,124,106.95544948855324,108.83448
71,63,123,111.86261456030682,115.46248
71,64,122,107.73352206358597,96.56904
71,65,121,115.55663038372036,119.8231
71,66,120,117.57989393585262,116.98184
71,67,119,104.53294153220288,104.04109
71,68,118,107.01010729666545,103.3395
72,1,125,117.55129893760085,118.30337
72,2,125,123.98546258180538,124.27757
72,3,125,123.76353279035459,121.561485
72,4,125,120.12720452595616,117.02496
72,5,125,119.25260660018728,123.567474
72,6,125,116.09952091408418,119.14398
72,7,125,119.82793975768011,124.006744
72,8,125,112.59636038901112,115.3506
72,9,125,116.91191480441618,116.53991
72,10,125,117.41283519398345,119.65857
72,11,125,121.3298245957403,118.85981
72,12,125,120.82048456897263,117.87618
72,13,125,122.52621823620049,121.51824
72,14,125,117.77768343467503,122.835785
72,15,125,115.72829139951146,111.542816
72,16,125,122.44343141813447,122.079056
72,17,125,118.64561455118259,113.09292
72,18,125,119.58406010036299,119.5402
72,19,125,117.87389630398128,117.06917
72,20,125,122.56245443863178,122.72683
72,21,125,116.19221758488091,120.21362
72,22,125,117.99754369551619,118.50801
72,23,125,120.45644047307974,120.23982
72,24,125,113.31072737982741,113.18454
72,25,125,118.34768937930076,117.44823
72,26,125,124.17975000169172,121.109055
72,27,125,119.43647430673037,122.67424
72,28,125,120.53371057404726,117.48377
72,29,125,122.35445640407485,123.53404
72,30,125,109.32814087658143,108.092354
72,31,125,120.42846012187641,115.30184
72,32,125,118.35003926463777,119.41372
72,33,125,113.43952094092325,114.75818
72,34,125,116.21235784920313,120.56377
72,35,125,116.09367171264077,114.314606
72,36,125,115.59597005460104,118.21555
72,37,125,106.43843184239695,112.34081
72,38,125,122.43739700582671,119.50534
72,39,125,119.38209215468734,121.0215
72,40,125,117.96685751805535,119.11134
72,41,125,124.32819915591969,122.31567
72,42,125,116.37072339850565,114.57249
72,43,125,111.9237894788811,115.726685
72,44,125,105.70475983280853,111.55971
72,45,125,117.3391713497012,115.65963
72,46,125,121.370575958267,121.10726
72,47,125,121.2519231804331,120.837746
72,48,125,111.56561770864282,116.50398
72,49,125,121.30222264474791,116.06178
72,50,125,121.72104976816236,121.72381
72,51,125,116.29441095787311,113.78682
72,52,125,107.07311347582159,105.44719
72,53,125,118.28860217496525,116.70355
72,54,125,102.72362756279777,112.89044
72,55,125,111.59682074891855,114.00293
72,56,125,120.26527694692784,116.435
72,57,124,104.6386676003735,109.96954
72,58,123,118.11974175548826,121.055916
72,59,122,114.14209340976987,117.538376
72,60,121,114.3834436260043,115.03923
72,61,120,111.37541953519877,115.602776
72,62,119,104.78452076079834,104.011566
72,63,118,116.82872467853481,117.17251
72,64,117,120.83732441015859,120.13553
72,65,116,103.82622801426965,113.70456
72,66,115,111.6377578072969,116.37849
72,67,114,113.48740905948958,111.5857
72,68,113,109.1692217133441,115.72311
72,69,112,116.82009535355957,120.57466
72,70,111,118.33473825624132,117.82423
72,71,110,111.40025655673324,113.56815
72,72,109,110.79528734303531,108.67518
72,73,108,121.65511499107471,119.68485
72,74,107,98.80719879191425,103.22989
72,75,106,110.45457442446163,107.70086
72,76,105,111.81906704746294,112.628555
72,77,104,112.5281147935174,114.59501
72,78,103,120.69789807322663,120.84525
72,79,102,106.58569227566382,101.3313
72,80,101,118.17220539347696,117.02704
72,81,100,114.08178526243384,109.65967
72,82,99,112.74885831056719,112.39658
72,83,98,110.71599704172176,115.08378
72,84,97,117.48350279262452,119.48588
72,85,96,114.85673869738825,119.8519
72,86,95,91.73493033170318,93.91379
72,87,94,110.6328550439994,108.51069
72,88,93,112.93411331414472,113.240845
72,89,92,109.95576870027588,108.203766
72,90,91,105.59617643637131,112.10782
72,91,90,95.16619990061498,101.46396
72,92,89,93.75291965224481,97.69284
72,93,88,106.26968875848165,102.537895
72,94,87,112.20406469826284,119.79706
72,95,86,117.2991540308959,119.36183
72,96,85,112.57709088865221,111.3736
72,97,84,103.85051441593174,109.753685
72,98,83,98.50299927310107,105.91701
72,99,82,107.8835658172876,110.347725
72,100,81,95.78712698412697,95.89575
72,101,80,106.85364542934161,109.71945
72,102,79,94.28726595947619,93.86882
72,103,78,99.1970676985533,101.012955
72,104,77,95.84924882757204,99.92333
72,105,76,97.92116812650755,101.54294
72,106,75,109.85191706345441,97.94284
72,107,74,89.4834740129152,94.538414
72,108,73,108.49483885927941,104.24149
72,109,72,112.67498744414874,111.688484
72,110,71,102.1803751803752,104.95533
72,111,70,98.61702571066012,102.76269
72,112,69,86.93730835667604,94.718956
72,113,68,97.4638677373314,95.28772
72,114,67,98.82686979725982,101.50571
72,115,66,91.41021270528411,88.33187
72,116,65,90.95624771062268,87.97081
72,117,64,85.5035634920635,84.0934
72,118,63,108.44735322198999,99.62129
72,119,62,92.72039682539682,94.9109
72,120,61,93.81796863494105,92.319336
72,121,60,91.11176302401299,87.539734
72,122,59,80.92507190957191,88.90771
72,123,58,109.04172748745346,103.154305
72,124,57,83.23425918238682,83.280396
72,125,56,72.96284788359785,76.62343
72,126,55,91.81724603174604,90.29949
72,127,54,86.35260559166643,84.21072
72,128,53,81.58267857142854,85.42932
72,129,52,83.76928320644491,78.40758
72,130,51,84.88285129222626,87.252464
72,131,50,65.77197522385022,68.10712
73,1,125,123.30575695592027,122.83698
73,2,125,123.13610055312422,124.319664
73,3,125,122.59195400460642,119.86484
73,4,125,123.66752315391737,123.75521
73,5,125,123.27615905526257,122.64453
73,6,125,124.54294692777434,127.14893
73,7,125,123.70800326788594,124.762215
73,8,125,119.90909511995164,121.80324
73,9,125,123.43437340740844,123.728264
73,10,125,123.12214189077349,123.36233
73,11,125,118.7591858121657,120.97269
73,12,125,122.09258946614342,124.12834
73,13,125,122.051940052685,126.50216
73,14,125,121.59587020236026,123.98543
73,15,125,124.93246154991652,126.14889
73,16,125,123.08932410442794,123.85569
73,17,125,119.23774187588012,118.788086
73,18,125,124.17712266928679,125.68303
73,19,125,122.67789202345004,121.90656
73,20,125,119.86148394120107,120.92748
73,21,125,123.93040519083661,123.71809
73,22,125,120.23464492051289,121.881836
73,23,125,120.85172406934245,123.721725
73,24,125,124.58978514914479,124.28779
73,25,125,119.6501463074069,119.320045
73,26,125,121.6562545429719,122.73808
73,27,125,119.78282303331912,123.691605
73,28,125,120.50820934209463,120.18611
73,29,125,122.35707567705305,121.098915
73,30,125,123.43034475659675,124.17709
73,31,125,122.14695738964947,123.31051
73,32,125,120.56393689404244,111.21133
73,33,125,124.28127308009662,123.5465
73,34,125,123.81115215103588,123.40568
73,35,125,122.62486794700182,125.58656
73,36,125,114.22236235758493,122.9089
73,37,125,123.40804623684909,125.877655
73,38,125,124.96701847766163,126.707535
73,39,125,123.2419668240531,122.04472
73,40,125,116.32244318194998,116.859985
73,41,125,121.07504938818725,121.6605
73,42,125,124.96793783587042,126.35168
73,43,125,116.7241511797392,121.43975
73,44,125,123.1154480085765,121.98422
73,45,125,124.00022832649728,124.24933
73,46,125,122.68059553370959,122.77901
73,47,125,116.44402882538093,119.06593
73,48,125,121.70607619135653,121.78286
73,49,125,123.39339678937982,124.600975
73,50,125,123.43516609378042,123.48572
73,51,125,120.42735741448465,122.11834
73,52,125,121.84846317350711,124.555275
73,53,125,124.76732128958085,124.296936
73,54,125,118.15388108866885,120.45857
73,55,125,121.8239302851341,123.486374
73,56,125,119.098127757769,120.98882
73,57,125,119.94925278098351,122.217834
73,58,125,122.0690517065476,121.151344
73,59,125,124.06501317418149,122.17292
73,60,125,121.32426166311494,120.09884
73,61,125,121.99380214464838,122.8564
73,62,125,122.39417285042732,122.5136
73,63,125,123.22826418059233,124.58732
73,64,125,116.11208978890569,120.654175
73,65,125,123.1677589396989,122.68789
73,66,125,123.35962611420875,121.77204
73,67,125,121.71945338642838,122.51937
73,68,125,123.54753816068681,125.41781
73,69,125,121.1457793468981,119.99871
73,70,125,123.13755655154627,124.3486
73,71,125,124.28809921633965,124.98605
73,72,125,119.72993774040646,124.22077
73,73,125,124.39113118583974,126.16668
73,74,125,119.1667061626413,117.98377
73,75,125,124.18207799598963,122.42868
73,76,125,120.65519715828722,120.32187
73,77,125,120.89668779896282,120.773125
73,78,125,122.83464783405203,121.16137
73,79,125,120.2818218548787,120.312645
73,80,125,115.9197615212522,121.44553
73,81,125,119.85333283341139,118.27661
73,82,125,117.7001033535946,119.73069
73,83,125,121.80156667180844,120.62043
73,84,125,121.50487731419717,121.035736
73,85,125,120.27732074552449,122.587746
73,86,125,120.38542972045629,119.94758
73,87,125,121.80945457890698,124.51869
73,88,125,121.23602028711386,120.10231
73,89,125,120.25297188705794,118.219826
73,90,125,120.00822632388756,119.67297
73,91,125,121.84638318280932,123.804886
73,92,125,120.07937865204738,120.75107
73,93,125,122.1176899605193,120.7259
73,94,125,119.56942068889259,119.91855
73,95,125,122.38351203975085,119.60532
73,96,125,111.38398038468787,112.86966
73,97,125,122.89065252701349,121.051125
73,98,125,113.23482199997326,114.884384
73,99,125,117.96081395949697,118.17616
73,100,125,115.94521492560564,118.27102
73,101,125,117.43695775521921,114.51167
73,102,125,119.69572978655029,120.88322
73,103,125,117.58550733047028,120.14836
73,104,125,120.04760492635037,119.96116
73,105,125,121.81750449438643,120.15305
73,106,125,109.7791595272414,120.45285
73,107,125,113.87815090582835,119.24125
73,108,125,110.12679735149298,111.68023
73,109,125,116.84553163179233,114.77407
73,110,125,109.64839931075728,109.57875
73,111,125,115.99930727280812,118.67106
73,112,125,117.22126429989463,107.3333
74,1,125,116.27488370018271,114.108315
74,2,125,96.29611769018018,98.543335
74,3,125,112.68552501322925,113.12913
74,4,125,111.39563430263998,103.34988
74,5,125,118.24042224680642,118.58081
74,6,125,110.15530318500753,106.657074
74,7,125,114.29680524349455,112.195595
74,8,125,105.95704851086917,114.39214
74,9,125,121.46715935634886,117.82359
74,10,125,108.4064217387946,110.783134
74,11,125,111.45638726110234,111.26901
74,12,125,113.80608118359682,105.0233
74,13,125,114.54052189609317,112.086555
74,14,125,106.28734658535107,104.67243
74,15,125,104.46328561563564,102.04926
74,16,125,115.31870708133349,111.04099
74,17,125,111.42102490258328,108.44044
74,18,125,117.64242732261438,117.93854
74,19,125,108.93151821113973,103.40924
74,20,125,105.11893949176405,107.47107
74,21,125,100.30799846616556,96.41861
74,22,125,106.9312090880439,110.62491
74,23,125,106.46900389517391,101.42033
74,24,125,107.07207162870264,109.31842
74,25,125,104.91603377853313,109.29155
74,26,125,90.12571357655112,102.89114
74,27,125,109.70793425927812,107.28448
74,28,125,113.04822703431692,115.85129
74,29,125,105.86525038070418,105.313515
74,30,125,119.03252684548026,115.911194
74,31,125,92.09727194485143,103.06729
74,32,125,113.01518203872794,111.45187
74,33,125,111.44128731977655,116.70302
74,34,125,110.86078337918534,111.05371
74,35,125,99.83257043813212,110.08722
74,36,125,106.04893824825156,99.13144
74,37,125,110.3968497826786,100.6726
74,38,125,115.37078716650707,119.25368
74,39,125,105.60131574370051,99.895775
74,40,125,119.22184418518535,112.08688
74,41,125,105.21013482421623,106.38015
74,42,125,111.09972119923101,111.66146
74,43,125,117.39173401785517,115.92633
74,44,125,114.40621717148802,107.442215
74,45,125,112.42113672576244,108.50394
74,46,125,111.91459351710368,109.34726
74,47,125,107.06017771682916,104.2455
74,48,125,106.74110959119857,108.72091
74,49,125,104.51763581566993,96.47032
74,50,125,98.75600492233269,88.58068
74,51,125,107.45109189169592,115.777794
74,52,125,101.13763676063625,97.52784
74,53,125,107.51672627073093,110.8897
74,54,125,111.28830333573946,108.64407
74,55,125,109.75514024403606,106.55758
74,56,125,108.50774983949917,107.42205
74,57,125,115.50290274476014,116.63576
74,58,125,113.11250639823699,105.84489
74,59,125,112.0233274074848,109.51697
74,60,125,115.81204788245847,109.57802
74,61,125,105.96347336023985,96.354294
74,62,125,104.45317844226881,107.51531
74,63,125,104.1271521368409,102.99875
74,64,125,113.18167329169742,113.51369
74,65,125,115.6089697326135,111.08341
74,66,125,112.16192649192521,112.65303
74,67,125,110.55094188342635,110.592896
74,68,125,109.29676828160251,112.744644
74,69,125,110.88436342182125,111.57142
74,70,125,97.7383112712427,97.11174
74,71,125,96.76537911026725,96.09054
74,72,125,101.14208359457531,92.46696
74,73,125,106.97725630892133,105.9999
74,74,125,109.21715818123938,107.78335
74,75,125,105.54791776867718,109.600845
74,76,125,111.62480905807011,110.50846
74,77,125,91.19291494300053,86.5377
74,78,125,111.8024299860467,107.42851
74,79,125,113.14133385421732,113.209564
74,80,125,109.76463428378445,115.8518
74,81,125,109.1429241690359,101.359314
74,82,125,106.08072976381837,109.23431
74,83,125,109.04044630615228,110.9474
74,84,125,111.31632497016375,112.135056
74,85,125,108.98562515786813,103.07257
74,86,125,108.41902080721785,107.083336
74,87,125,110.26115780765222,109.720634
74,88,125,111.72356946783965,104.13779
74,89,125,106.75620317145376,116.7222
74,90,125,103.8467947885859,102.88123
74,91,125,106.39731228841055,110.70933
74,92,125,97.79446524452285,96.71151
74,93,125,108.67381201038617,109.99013
74,94,125,107.11479695593015,105.10732
74,95,125,105.6523502306171,103.81815
74,96,125,108.02636533034013,102.16692
74,97,125,101.49991268832302,108.08149
74,98,125,110.11072052691469,103.07947
74,99,125,107.01758186263032,113.910095
74,100,125,101.47684102276526,98.88075
74,101,125,113.20062446785956,111.61924
74,102,125,95.92532124070546,96.54691
74,103,125,110.00612170867389,108.08003
74,104,125,102.14108064726463,106.37902
74,105,125,108.19985479291199,99.65882
74,106,125,108.3667747564129,107.94818
74,107,125,101.6781447876448,94.80919
74,108,125,102.92920137677488,107.75581
74,109,125,95.80454365079369,98.008415
74,110,125,114.1185548014991,117.163216
74,111,125,112.69863568621663,109.6659
74,112,125,78.70327074314572,77.19121
74,113,125,98.70475602070852,102.518524
74,114,125,89.65950598219922,102.64508
74,115,125,95.79239994327901,93.38052
74,116,125,108.0614822048571,111.881
74,117,125,93.35425189411363,97.25109
74,118,125,99.69437474445539,99.769905
74,119,125,98.7990967399204,98.3422
74,120,125,101.51829714373437,99.577
74,121,125,108.40677048106718,100.94559
74,122,125,108.81439527012412,108.35827
74,123,125,90.98627579365078,95.69877
74,124,125,89.3397732842817,95.18761
74,125,125,106.56631089192439,108.488235
74,126,125,91.69543547656043,94.73101
74,127,125,104.04250928866269,90.14171
74,128,125,109.7217466014317,110.68713
74,129,125,87.07057826976941,83.060616
74,130,125,93.25895236197769,96.24027
74,131,125,92.57658738478658,94.26957
74,132,125,104.07093723431406,107.47848
74,133,125,94.07163779100698,88.949776
74,134,125,89.6758144780661,95.9136
74,135,125,96.21431694510129,104.151115
74,136,125,108.91932545021577,109.124756
74,137,125,86.33081560679395,98.71488
75,1,125,121.00202387150122,122.34543
75,2,125,117.09135107709417,113.151505
75,3,125,123.78973472597801,120.79974
75,4,125,116.73679207089172,117.52045
75,5,125,117.6043718361757,124.68517
75,6,125,118.22674386020444,113.87696
75,7,125,115.70817758427278,114.07885
75,8,125,112.46466513669289,113.19365
75,9,125,119.07802848311881,119.88102
75,10,125,118.0993279276447,118.989006
75,11,125,117.7549878195158,116.491844
75,12,125,116.36902182580346,121.10316
75,13,125,123.80985630257162,123.227394
75,14,125,114.59864205462272,116.57898
75,15,125,110.74823852443176,117.237076
75,16,125,108.40559630723408,115.29596
75,17,125,120.76448486448227,117.03507
75,18,125,105.81946023307862,107.01695
75,19,125,115.48855948098661,113.35569
75,20,125,114.53588175830211,117.30782
75,21,125,124.1074699319707,122.06912
75,22,125,111.8895339799741,110.826836
75,23,125,120.48682286474623,121.322845
75,24,125,122.42757810937724,117.08693
75,25,125,118.93570285018232,118.10391
75,26,125,114.83470007037991,116.76701
75,27,125,117.87545314063047,119.12252
75,28,125,112.17978876101884,120.755
75,29,125,112.04992586221762,103.85731
75,30,125,117.49796629021621,118.88657
75,31,125,110.45784036698775,108.01901
75,32,125,113.99566232826297,113.45582
75,33,125,118.7879456407418,115.4819
75,34,125,113.41006591966261,116.58485
75,35,125,116.17426166265102,114.59169
75,36,125,118.49753945960734,118.09255
75,37,125,119.29674492014928,116.387405
75,38,125,119.55331712662873,122.677666
75,39,125,119.8104922485693,116.67101
75,40,125,105.03236312399359,101.0432
75,41,125,112.6846084744845,111.68399
75,42,125,114.08879731556895,114.60287
75,43,125,108.1323757570653,108.45117
75,44,125,113.30934218343394,115.810425
75,45,125,114.09180887227768,116.96231
75,46,125,116.25546167509026,117.94686
75,47,125,118.43506216224674,117.8984
75,48,125,112.09398398895922,108.65583
75,49,125,104.22147676777215,99.62723
75,50,125,110.8424874479327,108.390114
75,51,125,123.8623578666088,122.3792
75,52,125,112.5871870491935,114.48991
75,53,125,114.78273978167776,118.102745
75,54,125,100.15139227341503,105.208595
75,55,125,118.29203332826518,117.893456
75,56,125,115.55751033165652,119.4863
75,57,125,116.46466456199853,117.21455
75,58,125,104.48471304288668,108.10818
75,59,125,115.86094283874193,117.37955
75,60,125,113.70086551653161,115.08029
75,61,125,103.85793787394114,105.985435
75,62,125,119.27354188503101,120.000595
75,63,125,118.76672566198104,117.57273
75,64,125,112.90665738000548,112.95789
75,65,125,110.7777897028099,108.50521
75,66,125,116.38458805028333,119.65297
75,67,125,112.06850426026239,109.67863
75,68,125,115.75023895697855,118.00546
75,69,125,120.10536703829311,118.59688
75,70,125,111.46955872207856,109.72655
75,71,125,112.76244701722406,112.46112
75,72,125,114.7984384802427,108.985504
75,73,125,111.31548214651902,113.79439
75,74,125,111.07429721246362,109.703354
75,75,125,103.64770073910006,99.51049
75,76,125,113.50035720860797,118.44289
75,77,124,114.11329292738128,117.74473
75,78,123,97.94343340658446,98.85318
75,79,122,119.4716385626949,118.79993
75,80,121,103.67300258633334,110.85015
75,81,120,116.5171792959257,113.0616
75,82,119,115.44153453033395,109.49396
75,83,118,114.53687819487799,111.700645
75,84,117,107.3456709721477,113.06137
75,85,116,107.03965741757361,100.14521
75,86,115,96.14904780737115,104.091644
75,87,114,112.44271445886423,113.22485
75,88,113,116.1017654775857,118.88956
76,1,125,119.79865108550594,118.658615
76,2,125,122.2484489668703,114.15257
76,3,125,122.71856538406209,119.34191
76,4,125,120.81588566174236,121.55765
76,5,125,121.92948707599389,123.64297
76,6,125,124.93775727126874,124.302315
76,7,125,124.60091514834978,124.192986
76,8,125,123.98827966594203,121.38276
76,9,125,122.45455919700639,124.41957
76,10,125,122.85432702310726,123.93917
76,11,125,120.69057773094673,120.842445
76,12,125,121.05921219704118,122.20746
76,13,125,122.0961853051539,123.31599
76,14,125,118.14300141276198,118.969376
76,15,125,122.51420346377493,125.00965
76,16,125,122.42499313604011,122.70219
76,17,125,123.88887505524711,125.164825
76,18,125,123.76389931855859,123.61307
76,19,125,123.77981444712701,124.51286
76,20,125,121.30711568934181,125.45091
76,21,125,122.40994765364056,124.12713
76,22,125,124.7524922507745,123.10613
76,23,125,121.11051792160623,120.199646
76,24,125,122.16789591386136,122.82586
76,25,125,119.64327204632966,119.708206
76,26,125,123.72844158810297,122.8691
76,27,125,123.97937881414647,124.95518
76,28,125,123.31879031958776,122.66143
76,29,125,119.98900781687261,118.89578
76,30,125,122.33251869270578,121.37174
76,31,125,121.16878647006456,121.78423
76,32,125,124.08630608582229,124.107346
76,33,125,120.56879027790222,121.82814
76,34,125,124.2732661577351,123.05475
76,35,125,123.18891110509716,124.073105
76,36,125,123.92033986926666,122.70238
76,37,125,123.49635735770617,125.048195
76,38,125,121.48502937509642,124.63539
76,39,125,120.14625690343239,121.448425
76,40,125,123.62939706912677,126.066444
76,41,125,124.34781649781127,124.51078
76,42,125,124.45223726374626,124.38945
76,43,125,117.8214119177496,122.74239
76,44,125,119.36040827681317,122.736916
76,45,125,122.94054471264259,124.59049
76,46,125,117.41564328054308,119.16721
76,47,125,124.22279027264318,122.81058
76,48,125,113.65611075653287,116.64554
76,49,125,124.08490143253623,124.01114
76,50,125,122.4247783680737,121.25872
76,51,125,122.36980773518378,122.23859
76,52,125,122.02009599026897,123.982445
76,53,125,122.41584118897983,123.0063
76,54,125,123.38758781460373,124.61253
76,55,125,124.06344632435345,123.13324
76,56,125,123.6974237940766,123.10441
76,57,125,124.20961571603131,123.55671
76,58,125,121.41273688246113,119.95811
76,59,125,121.79299264068553,120.90507
76,60,125,121.31588281533693,120.87995
76,61,125,124.85817055902734,123.18131
76,62,125,119.29696842040401,121.455505
76,63,125,123.50174762016441,121.10521
76,64,125,117.34418833495309,122.165215
76,65,125,122.1489776716182,121.46306
76,66,125,122.35971489362845,125.42103
76,67,125,121.95169885505376,120.95722
76,68,125,117.43687176601902,119.19606
76,69,125,121.43714607440226,120.88427
76,70,125,119.9618994263146,118.9826
76,71,125,115.92370310075322,113.81826
76,72,125,120.08474552432045,118.664825
76,73,125,120.27192446987577,119.16789
76,74,125,121.47431864760729,119.92862
76,75,125,113.72304273705845,113.98572
76,76,125,123.03771511337608,121.30095
76,77,125,113.72793341397116,112.37833
76,78,125,107.91287539908777,104.47695
76,79,125,119.51629877222317,118.712685
76,80,125,122.06614492467224,119.02044
76,81,125,110.25348608134736,113.297585
76,82,125,120.02187134916191,118.15266
76,83,125,118.7561746539524,107.27634
76,84,125,119.42983985093802,121.360115
76,85,125,118.14632319935427,122.91784
76,86,125,117.20166222189914,115.84767
76,87,125,118.40766800556366,117.93623
76,88,125,117.78947820020267,115.04925
76,89,125,118.57870528479216,118.38825
76,90,125,116.31326583771961,118.356964
76,91,124,122.94767262682144,125.488914
76,92,123,110.47936578202876,118.54345
76,93,122,120.83946303829849,118.83419
76,94,121,117.4173206456567,121.63444
76,95,120,116.18821470805675,119.221596
76,96,119,119.01425774150925,118.47989
76,97,118,118.70140970879305,122.935486
76,98,117,119.98244137693366,117.60876
76,99,116,112.66535757222708,115.3934
76,100,115,108.77790435961145,103.963356
76,101,114,119.32465346830982,116.02494
76,102,113,115.60047440081263,115.695656
76,103,112,113.76431870739403,114.70934
76,104,111,119.5308764712174,122.0269
76,105,110,120.25934866137004,119.04031
76,106,109,112.57892443307782,110.092125
76,107,108,115.23813851571562,112.411896
76,108,107,117.27381580650942,116.510155
76,109,106,107.21121191742606,107.941605
76,110,105,113.25450848875276,118.412735
76,111,104,122.79544597108067,115.94735
76,112,103,101.72560564852084,94.20261
76,113,102,107.91515265307841,110.72153
76,114,101,114.46578653767438,114.55532
76,115,100,108.8722989921894,106.02452
76,116,99,121.72018414537871,120.317375
76,117,98,100.15965587087807,100.857834
76,118,97,98.30435359121338,99.7957
76,119,96,110.56462966683566,112.32925
76,120,95,113.91205727290146,114.6013
76,121,94,107.31754477578878,108.68743
76,122,93,105.43182975334885,106.298836
76,123,92,104.67977110084459,96.86871
76,124,91,111.02991373470842,110.54417
76,125,90,88.38819468494466,82.29801
76,126,89,97.81010209235212,100.02317
76,127,88,116.013515063227,114.438805
76,128,87,96.20744841269843,98.20729
76,129,86,109.64913897198649,106.29261
76,130,85,84.49630483405483,87.87414
76,131,84,91.13070085378608,89.473526
76,132,83,100.7092031239727,95.87179
76,133,82,110.36013064415364,111.30923
76,134,81,80.9323677248677,81.06749
76,135,80,92.85232753357754,88.32408
76,136,79,81.58600076745236,79.9004
76,137,78,105.39816183794953,98.089066
76,138,77,107.64065935992309,110.50834
76,139,76,89.77944973544976,93.773865
76,140,75,75.03751202501202,80.46356
76,141,74,86.36841849816851,89.92078
76,142,73,85.2702282254782,93.289986
76,143,72,96.65892307983668,90.49728
76,144,71,88.14171726190477,96.00835
76,145,70,80.74855952380948,89.82245
76,146,69,85.93540231613122,87.09221
76,147,68,85.41932142857145,92.674934
76,148,67,85.421678168237,95.72874
76,149,66,87.70742990463647,79.17189
76,150,65,82.70720304857241,82.6497
76,151,64,83.29033530097442,78.999504
76,152,63,73.89137698412696,77.30105
76,153,62,84.21431141774893,79.51521
76,154,61,74.90132419432419,65.641655
76,155,60,81.36675733525733,78.73281
76,156,59,83.15451130351128,85.03357
76,157,58,69.49512886742721,64.394005
76,158,57,68.66988750298229,61.84016
76,159,56,57.983134920634924,59.16427
76,160,55,71.92684920634917,77.17517
76,161,54,64.1558359222477,57.872517
76,162,53,58.089924933862406,58.491993
76,163,52,65.92805525030523,59.055275
76,164,51,63.82016456582632,64.63822
76,165,50,70.33227694527694,62.67765
76,166,49,49.73121957671956,51.08755
76,167,48,57.15451330928573,58.46068
76,168,47,47.63996428571428,40.45178
76,169,46,58.98393253968257,64.1009
76,170,45,55.038380952380955,52.525333
76,171,44,57.721909451659435,60.01621
76,172,43,48.902757936507925,44.466843
76,173,42,46.60728812974468,47.02669
76,174,41,52.38095800264548,52.417843
76,175,40,64.82532936507931,54.30137
76,176,39,56.49145502645503,56.956608
76,177,38,42.64568446368445,39.799614
76,178,37,43.4188558201058,41.924107
76,179,36,42.91294973544975,42.535667
76,180,35,43.02488095238096,41.136986
76,181,34,47.967057208994724,46.422844
76,182,33,43.60193253968257,44.135345
76,183,32,46.254289682539664,48.38137
76,184,31,44.48234103979756,51.890038
76,185,30,38.654341991341994,34.897774
76,186,29,38.832031265031254,32.889523
76,187,28,35.37014417989418,36.679695
76,188,27,33.11623556475732,32.374706
76,189,26,39.17997222222222,35.356888
76,190,25,38.77276851851852,36.35063
76,191,24,30.268507936507966,28.174383
76,192,23,29.84492328042328,30.600689
76,193,22,30.63203179783181,27.93344
76,194,21,19.862637945387952,20.538858
76,195,20,27.719325396825408,28.410574
76,196,19,33.44445899470901,30.335556
76,197,18,28.8510634920635,27.20891
76,198,17,17.8297035388466,18.332483
76,199,16,24.09275865800866,22.08511
76,200,15,20.137880952380957,19.203665
76,201,14,17.624861111111105,19.483873
76,202,13,24.11010714285713,22.731377
76,203,12,13.955338995637243,15.210677
76,204,11,7.554502645502648,4.1383605
76,205,10,14.065521094402682,12.972112
77,1,125,122.21246709039423,120.865585
77,2,125,108.18229092801586,111.59535
77,3,125,121.23917551682534,120.84008
77,4,125,118.47615281200122,121.682205
77,5,125,120.19827560347107,120.61732
77,6,125,123.8763001840688,123.593376
77,7,125,121.88461628783055,123.38647
77,8,125,122.20312177997961,117.040016
77,9,125,118.46381244929694,121.69164
77,10,125,119.25192565436527,122.459114
77,11,125,120.7969481253211,122.62823
77,12,125,119.87609576049441,121.19365
77,13,125,119.3675977784719,118.84362
77,14,125,122.38069282436842,122.16774
77,15,125,119.69704317655268,119.663574
77,16,125,117.40628535977079,117.052246
77,17,125,118.73089857142011,122.55166
77,18,125,123.41744695639163,122.4064
77,19,125,124.02207011584626,123.85247
77,20,125,122.49635015239515,122.09289
77,21,125,119.40836455310811,121.831116
77,22,125,123.6892971719669,123.97981
77,23,125,115.92793802065198,119.503334
77,24,125,119.82197230231647,118.06424
77,25,125,120.07250881466294,122.21104
77,26,125,119.38075100686777,115.25826
77,27,125,119.76903298158854,121.09383
77,28,125,120.62579096451162,123.587524
77,29,125,117.39926015751594,123.80121
77,30,125,122.2646367124139,122.82972
77,31,125,119.23176074128537,122.13158
77,32,125,119.9443714431042,121.903725
77,33,125,119.45316845547045,116.239456
77,34,125,120.61276421573251,120.96271
77,35,125,117.06736127447012,117.2405
77,36,125,118.21756825029284,119.71292
77,37,125,118.16821088274344,121.247444
77,38,125,117.74627402977909,117.18661
77,39,125,120.96247777421009,119.599525
77,40,125,115.65638901657206,117.45428
77,41,125,116.37485665845122,116.496895
77,42,125,116.4297349230972,115.603165
77,43,125,114.27259291495648,118.29284
77,44,125,114.62374713819821,117.8414
77,45,125,119.09528361997575,119.15596
77,46,125,118.39581405325606,121.424675
77,47,125,121.28460760162262,119.986565
77,48,125,118.71584000614008,121.723145
77,49,125,116.31888515245689,116.075806
77,50,125,118.99123265293338,119.991776
77,51,125,119.54526076355982,118.3861
77,52,125,117.97124086570031,111.8781
77,53,125,121.66386434222382,122.03677
77,54,125,123.06113545498604,123.111885
77,55,125,120.74546342318834,125.560776
77,56,125,119.90656948759839,120.39836
77,57,125,121.67730712523245,121.35984
77,58,125,119.58648127975684,119.89759
77,59,125,120.65818424956421,120.1623
77,60,125,108.06378398774163,115.87044
77,61,125,120.49711746757333,121.21632
77,62,125,121.48563251865531,120.63751
77,63,125,118.5475938359484,116.49497
77,64,125,107.80017342704852,112.5316
77,65,125,120.8420853237222,122.381355
77,66,125,123.63642991354332,123.01448
77,67,125,116.34445930654559,118.90073
77,68,125,122.36694450679413,118.02438
77,69,125,120.25164200747221,118.88429
77,70,125,114.7912394327142,117.7803
77,71,125,114.31477905205138,115.95809
77,72,124,116.41598035579041,117.3432
77,73,123,114.78768081973018,116.374344
77,74,122,116.4000751994866,121.548515
77,75,121,110.49423023649203,111.42171
77,76,120,105.15847870511567,112.080086
77,77,119,116.50769393178636,117.70519
77,78,118,114.80660117119245,118.65857
77,79,117,115.99518818190167,119.36821
77,80,116,108.73994184091053,115.1231
77,81,115,113.9494603380392,118.19947
77,82,114,118.54568076620858,118.04462
77,83,113,114.76088607299069,118.01419
77,84,112,111.10858754349427,112.1972
77,85,111,115.81163255437536,111.22348
77,86,110,119.97717217497927,113.155426
77,87,109,110.93802295035789,113.04783
77,88,108,122.97798499505618,123.553
77,89,107,117.25085900602093,114.35798
77,90,106,121.00221094783298,115.3219
77,91,105,117.31257772667486,118.17903
77,92,104,116.13202678733124,119.806175
77,93,103,109.979678418473,115.87246
77,94,102,113.66033662805144,118.30644
77,95,101,119.24643914787853,115.08606
77,96,100,121.97452201693014,120.1689
77,97,99,115.23585407113994,110.172226
77,98,98,108.1275038121615,110.627
77,99,97,111.84231447534172,116.38047
77,100,96,114.17910016110854,113.47867
77,101,95,119.20102722983958,113.76428
77,102,94,117.20238766965629,116.34166
77,103,93,115.70887688799606,120.636314
77,104,92,114.57416555863979,118.72149
77,105,91,110.43574161154041,115.37245
77,106,90,115.84745681468118,119.558075
77,107,89,116.16448886526942,118.1841
77,108,88,118.16843257325644,116.450035
77,109,87,121.3541953650239,122.55686
77,110,86,116.47895159236434,120.93795
77,111,85,118.27131066746132,113.99055
77,112,84,107.8699344924081,110.08542
77,113,83,118.21763437134825,112.812546
77,114,82,114.44985771352889,112.31931
77,115,81,114.0891211363193,103.69516
77,116,80,117.54503396583195,116.08533
77,117,79,115.99873582121565,117.72391
77,118,78,121.07036637357456,121.04461
77,119,77,106.10477402583791,97.05187
77,120,76,115.00391942860647,116.25142
77,121,75,110.40970740756025,112.48337
77,122,74,111.25554083666752,119.267784
77,123,73,113.60446166837605,111.90721
77,124,72,118.65848160208897,120.69571
77,125,71,111.27705263740017,112.78875
77,126,70,117.78391340156479,106.372734
77,127,69,112.03852726483245,113.840416
77,128,68,119.43834654015409,116.3086
77,129,67,116.18665208020279,116.707184
77,130,66,101.76944441189583,98.43357
77,131,65,113.65435160092242,116.02859
77,132,64,112.34382002556674,109.58115
77,133,63,100.6459890724711,107.7503
77,134,62,113.59611337983544,110.40544
77,135,61,99.13113856293417,100.2765
77,136,60,105.39317329169924,109.5468
77,137,59,107.36324904187656,102.55011
77,138,58,109.4798074699638,105.84319
77,139,57,120.29005484855004,115.9273
77,140,56,111.61764084604096,105.98376
77,141,55,100.39317483574199,98.04964
77,142,54,116.58690515340074,103.6076
77,143,53,100.04071406481286,104.26256
77,144,52,99.4253104884705,106.1082
77,145,51,72.50224603174605,78.169464
77,146,50,94.2582968324138,95.182785
77,147,49,75.51887484737486,63.696964
77,148,48,64.04091014541011,58.298214
77,149,47,97.48708614820342,80.95524
77,150,46,62.241120065120064,56.766552
77,151,45,79.56671560846557,77.86918
77,152,44,103.79520858809312,97.70863
77,153,43,86.05188854559779,87.2063
77,154,42,86.62986186457483,88.10485
77,155,41,58.630452380952384,49.00445
77,156,40,75.96915211640211,74.36561
77,157,39,59.36087698412697,61.42654
77,158,38,68.19867328042331,66.16059
77,159,37,72.8400208855472,54.91483
77,160,36,36.818464285714285,31.298948
77,161,35,55.75306746031747,56.17561
77,162,34,29.66268607527186,31.27992
78,1,125,123.99167637450488,127.383415
78,2,125,121.3107206187854,125.781425
78,3,125,124.51752862833341,126.00479
78,4,125,124.73244337354546,124.620834
78,5,125,123.22523428231048,120.1996
78,6,125,124.36714541602477,124.73558
78,7,125,123.757977249316,123.71785
78,8,125,124.53932924516349,124.291954
78,9,125,123.0581590581388,120.80125
78,10,125,123.68104573411887,126.32999
78,11,125,124.81325759429805,125.62859
78,12,125,124.61734060861097,126.145355
78,13,125,124.8719897752819,125.8928
78,14,125,124.63138431797512,126.39739
78,15,125,124.13610264520578,126.15162
78,16,125,124.47640259780547,125.51586
78,17,125,121.55393012140247,124.026566
78,18,125,124.25748000523626,125.7673
78,19,125,123.73772409439283,123.96982
78,20,125,124.3081776859513,124.341545
78,21,125,122.38778210671224,121.99109
78,22,125,122.41404855960505,122.937614
78,23,125,121.66103042374576,122.599556
78,24,125,124.74371882770184,124.50512
78,25,125,122.99518568443246,123.54531
78,26,125,123.82284396388842,128.7164
78,27,125,124.46924293198458,125.155304
78,28,125,122.50538996238716,123.56191
78,29,125,124.88611835596048,124.69394
78,30,125,123.8094041327388,126.72515
78,31,125,124.16686597897264,124.45689
78,32,125,119.9167231831293,120.2858
78,33,125,124.47535690739964,125.325485
78,34,125,120.09687497254481,122.18096
78,35,125,124.54030445873599,126.28211
78,36,125,124.56463264507283,126.77187
78,37,125,120.62922054609281,120.78867
78,38,125,123.76927565227345,124.831726
78,39,125,123.7905541224588,122.994484
78,40,125,121.42360528790863,122.14972
78,41,125,120.41759594971555,121.98592
78,42,125,124.63676679966412,125.25644
78,43,125,124.32050217789545,123.55987
78,44,125,121.94799636368322,122.892586
78,45,125,124.3696105636445,124.84326
78,46,125,120.56457451490375,120.64486
78,47,125,124.463438573297,126.924706
78,48,125,119.75477392252431,120.32837
78,49,125,124.82861703820235,125.70645
78,50,125,124.67619000818438,124.969086
78,51,125,124.39838787930435,125.01648
78,52,125,123.49768750889282,123.95304
78,53,125,123.39914996816835,123.89818
78,54,125,122.94569819066793,120.7349
78,55,124,121.59935767017703,124.701096
78,56,123,121.54854216986341,122.78364
78,57,122,124.9761590111214,124.799126
78,58,121,122.93748223633173,123.56217
78,59,120,124.5405208079044,126.55361
78,60,119,123.75747209517115,125.83937
78,61,118,124.42816500949402,126.36971
78,62,117,124.60097186947503,125.671715
78,63,116,123.2656286251006,125.22634
78,64,115,121.09929019412304,119.27476
78,65,114,123.0822575316721,123.03751
78,66,113,120.959462252093,123.214714
78,67,112,123.12422916173256,127.191605
78,68,111,124.70779834218922,125.58403
78,69,110,124.63936171858565,126.86318
78,70,109,123.05159548905095,122.43981
78,71,108,121.34769628707981,123.57517
78,72,107,123.10825887860429,122.9044
79,1,125,122.49722676992458,122.348816
79,2,125,121.89047722750179,121.80387
79,3,125,116.5149410844946,119.222824
79,4,125,118.81035841975283,121.238976
79,5,125,119.74010376936363,125.60677
79,6,125,122.70725197534269,122.39921
79,7,125,120.77224728011645,119.87018
79,8,125,121.63360991877533,120.28977
79,9,125,119.48783480214644,121.56373
79,10,125,117.29491414519829,123.044975
79,11,125,123.02260377400586,124.40963
79,12,125,118.46370923439424,118.54504
79,13,125,115.91364360108828,113.748405
79,14,125,122.81722932033843,121.35437
79,15,125,121.40648305684357,125.150734
79,16,125,122.50763270697355,125.20832
79,17,125,112.72447252748192,116.09822
79,18,125,120.26150694128505,121.770134
79,19,125,116.47713134916644,117.36134
79,20,125,117.58337264325495,117.96363
79,21,125,120.5914660908359,120.244316
79,22,125,122.07267762944701,121.81377
79,23,125,117.34456945831273,125.94821
79,24,125,123.20927048237715,120.104935
79,25,125,111.63086257120982,116.6916
79,26,125,110.86642223500651,116.056885
79,27,125,111.5024641966067,115.733406
79,28,125,122.74033785373662,122.30928
79,29,125,110.41989010653087,112.73779
79,30,125,120.93350083786007,122.779465
79,31,125,117.49274048814347,122.31789
79,32,125,123.20800889158578,123.286674
79,33,125,118.8910695016657,118.72491
79,34,125,121.89349971420447,123.25746
79,35,125,120.3710902916486,118.71492
79,36,125,118.94129494771599,116.939705
79,37,125,118.92009981801736,118.06322
79,38,125,121.62647402809169,120.003914
79,39,125,116.56700199959417,119.9488
79,40,124,121.14085558778751,122.96569
79,41,123,114.81984826893432,109.88612
79,42,122,116.18474882338873,115.65657
79,43,121,121.33608863665557,115.55286
79,44,120,114.55401778602194,117.15634
79,45,119,118.0776816167672,119.81869
79,46,118,120.88271015370871,122.41391
79,47,117,119.64584623110396,116.83196
79,48,116,124.3989614978891,123.55478
79,49,115,118.69000528281438,119.09619
79,50,114,120.6999877646866,125.00759
79,51,113,113.7148490435221,116.36029
79,52,112,112.23622946391762,113.13589
79,53,111,117.22273046605736,124.00662
79,54,110,121.59078711741711,112.334656
79,55,109,114.30794130589184,116.872826
79,56,108,119.81611187439934,119.213646
79,57,107,120.38702673450457,119.40729
79,58,106,116.79375968965978,117.5805
79,59,105,119.84079095746549,112.5629
79,60,104,119.0277849409873,119.9002
79,61,103,118.99478844432187,121.052765
79,62,102,119.44594384256888,121.15296
79,63,101,111.86611850897758,115.52893
79,64,100,114.92739887951421,116.500946
79,65,99,119.25092320742881,124.43146
79,66,98,119.75238144299384,118.25941
79,67,97,120.464405927521,124.816734
79,68,96,114.3661728517492,117.79274
79,69,95,118.17066017242352,123.06202
79,70,94,121.72830300181539,125.06361
79,71,93,120.17703852365793,120.92996
79,72,92,122.23049890332302,118.84228
79,73,91,120.9065799062053,120.08764
79,74,90,115.36871145152529,112.64451
79,75,89,120.41984085000973,122.392426
79,76,88,111.18575175755994,115.88747
79,77,87,120.6502317245647,123.24457
79,78,86,118.06066392352128,119.50593
79,79,85,121.11449373557834,120.6592
79,80,84,120.61130562886467,121.19237
79,81,83,123.26477451486275,121.671776
79,82,82,111.90821234535845,116.88838
79,83,81,122.04880690324043,122.88308
79,84,80,117.45402136570476,121.7521
79,85,79,111.55819205616848,110.76503
79,86,78,119.81404245453773,119.82138
79,87,77,117.08098979696241,119.96752
79,88,76,110.50984161263622,119.84013
79,89,75,117.8425607516994,123.3795
79,90,74,116.00241945192946,118.06326
79,91,73,112.81936244303606,114.39938
79,92,72,115.2444715500444,110.86819
79,93,71,118.57294469631255,125.17213
79,94,70,119.925252480923,114.731766
79,95,69,119.90656338205623,117.38437
79,96,68,111.09529374440089,116.33918
79,97,67,121.54807128058448,120.63538
79,98,66,120.71865111516607,121.17843
79,99,65,118.89169318469699,125.37012
79,100,64,120.79202236922077,124.74101
79,101,63,120.44780252465816,114.57225
80,1,125,111.11779185929032,111.54293
80,2,125,94.50781943657152,87.51608
80,3,125,99.57742768105891,102.49059
80,4,125,112.31361145395235,114.253784
80,5,125,110.79898923768029,115.46102
80,6,125,111.62427116338382,111.55533
80,7,125,105.34730738927486,100.84767
80,8,125,114.24515917940369,113.26709
80,9,125,105.27060552452835,110.94695
80,10,125,112.23254700128467,107.91977
80,11,125,114.1527927443403,113.432465
80,12,125,93.08966654981101,99.36247
80,13,125,108.11798154698188,96.21351
80,14,125,110.19006231465868,109.271255
80,15,125,109.63095753634833,119.182014
80,16,125,110.2515809275565,109.855965
80,17,125,111.83883330925877,114.40905
80,18,125,107.757884072133,108.71784
80,19,125,112.0509012655334,114.667244
80,20,125,93.75678391215243,96.66664
80,21,125,106.81512827051118,104.59889
80,22,125,110.45164639598191,115.028946
80,23,125,101.02034246357033,109.49078
80,24,125,105.73319643310158,106.095604
80,25,125,110.78523876946345,110.490234
80,26,125,117.78635802585295,117.57399
80,27,125,105.44768489117554,115.2997
80,28,125,115.15697833393465,113.99269
80,29,125,108.0055437003463,107.071945
80,30,125,98.50384488901598,98.27039
80,31,125,116.55766427197717,113.19027
80,32,125,113.68187145015887,112.84031
80,33,125,119.58079999101295,120.55313
80,34,125,111.37750269692044,116.39117
80,35,125,111.47241348686012,110.46123
80,36,125,114.9834997506358,107.802925
80,37,125,109.42861471226871,105.50702
80,38,125,112.83477021519636,111.22782
80,39,125,107.62079996010249,107.723694
80,40,125,96.04537683189217,95.45394
80,41,125,112.50481683533692,102.46051
80,42,125,102.23484741545461,98.69948
80,43,125,103.8233880530111,111.578125
80,44,125,108.42527894936475,111.54236
80,45,125,109.35061220445098,111.79774
80,46,125,104.54760335306473,102.96876
80,47,125,114.77859719400894,120.362885
80,48,125,93.37704116835752,98.78776
80,49,125,103.268291773469,102.027664
80,50,125,113.1871301799158,111.86424
80,51,125,109.31868758235828,106.39225
80,52,125,106.53484673072603,110.6567
80,53,125,109.38282601651738,102.11642
80,54,125,104.13734247301225,107.52518
80,55,125,105.41358516762297,111.23729
80,56,125,101.22058478848393,101.347595
80,57,125,108.94799453809327,110.94867
80,58,125,92.42408604135184,92.877914
80,59,125,116.99301820238941,112.86352
80,60,125,108.22644987162938,103.44705
80,61,125,111.19629080489986,109.80785
80,62,125,114.32879214490109,113.622574
80,63,125,102.45525133066161,106.45898
80,64,125,96.54377057668158,99.02038
80,65,125,112.2862009970608,116.738205
80,66,125,103.18232977831225,100.469696
80,67,125,104.4870290016386,101.02849
80,68,125,112.1435423708094,117.14289
80,69,125,97.11740675760743,106.183365
80,70,125,109.26435607084969,103.21727
80,71,125,107.34025708757082,110.90868
80,72,125,104.95946168732304,109.9057
80,73,125,97.56029277485797,99.02882
80,74,125,112.64319155526915,114.317184
80,75,125,103.78852467228462,99.637375
80,76,125,96.64846267629873,97.05356
80,77,125,87.72271596578042,88.45014
80,78,125,108.26312723276538,109.55063
80,79,125,107.74049892432546,104.488716
80,80,125,108.65340328913001,110.10616
80,81,125,101.44385955839604,94.5595
80,82,125,99.7582160685706,95.84221
80,83,125,105.50218336452943,109.10052
80,84,125,108.36539484709499,102.144615
80,85,125,111.34694760461983,108.65752
80,86,125,86.55652744708993,80.91853
80,87,125,107.89370128747267,105.78225
80,88,125,109.14905802432524,116.60884
80,89,125,108.96123796819239,112.87067
80,90,125,98.66803341679984,99.36938
80,91,125,97.09112388250317,100.21137
80,92,125,103.70876419069548,97.30868
80,93,125,109.67634975579979,109.74486
80,94,125,100.63250256357777,105.865425
80,95,125,91.19447014739421,91.89505
80,96,125,103.33848450005983,101.528046
80,97,125,90.68331861616294,92.27009
80,98,125,99.47583271082053,100.50083
80,99,124,94.04909204438647,96.00296
80,100,123,94.79504264936841,91.96493
80,101,122,82.80291558441557,73.29394
80,102,121,111.7718725576869,114.934044
80,103,120,102.21468545193709,104.08695
80,104,119,91.29690873015868,98.05378
80,105,118,70.29708659057495,66.47051
80,106,117,96.71180019493175,93.01423
80,107,116,95.21358656568374,91.08748
80,108,115,91.42249802944964,90.67269
80,109,114,102.28070140177284,99.57912
80,110,113,92.53022996418156,91.75228
80,111,112,101.1963717971538,99.04645
80,112,111,88.23069516594518,89.90571
80,113,110,95.25690775581492,92.42057
80,114,109,86.58292938842204,95.34874
80,115,108,103.16887398166112,106.92995
80,116,107,95.63230082373829,88.05677
80,117,106,81.68255754040143,82.64845
80,118,105,93.02181741859795,91.87638
80,119,104,101.2320151972305,110.44195
80,120,103,91.80710747028597,90.09222
80,121,102,75.95254531100517,80.66731
80,122,101,93.34954551655207,91.863556
80,123,100,82.97899841901557,89.80287
80,124,99,98.09370504213986,111.508
80,125,98,83.62277116933771,80.69225
80,126,97,93.1459556199648,93.0946
80,127,96,81.16278528496645,83.69582
80,128,95,96.14530414653784,98.07537
80,129,94,87.5953749491075,84.98056
80,130,93,89.29134024410497,92.08089
80,131,92,92.55393320334973,89.06886
80,132,91,74.16606878306874,81.17978
80,133,90,66.33015589734342,73.55777
81,1,125,115.8229433660865,119.39214
81,2,125,119.58654617261637,120.04837
81,3,125,117.54543464023324,114.80112
81,4,125,104.0970801505164,102.20954
81,5,125,113.01319675033713,109.40354
81,6,125,116.29569095247362,114.79185
81,7,125,103.42778893292648,104.97983
81,8,125,117.07081613833488,112.58951
81,9,125,113.96616125672115,112.51481
81,10,125,110.90812294248184,105.58346
81,11,125,110.4768614624204,115.20281
81,12,125,117.47455401411733,116.33408
81,13,125,105.50494017820152,113.703636
81,14,125,119.48041476127331,118.65005
81,15,125,104.69727709359609,110.40717
81,16,125,108.51329389959754,115.32256
81,17,125,121.35308501869108,118.40924
81,18,125,111.12724728694933,112.210075
81,19,125,110.71484711403467,110.80178
81,20,125,101.39399094040131,110.387764
81,21,125,110.60362819364593,113.13103
81,22,125,111.29421130469765,114.301
81,23,125,122.97830794313217,120.269325
81,24,125,116.44593631692777,119.442444
81,25,125,117.51062120177775,115.7997
81,26,125,116.70789037026387,113.79293
81,27,125,116.92285194382501,117.15336
81,28,125,110.53256867966527,100.76704
81,29,125,120.13243178878649,118.985176
81,30,125,113.149447120186,116.39642
81,31,125,112.57077002581194,114.13791
81,32,125,110.14459523809523,115.76373
81,33,125,123.34530266754696,121.95885
81,34,125,105.1695989769125,108.08939
81,35,125,100.59099664547804,100.30321
81,36,125,108.8285840829898,108.84604
81,37,125,122.16397401191661,118.09912
81,38,125,121.97721463246518,120.78109
81,39,125,120.46605462161911,119.84515
81,40,125,84.30150074516988,86.56253
81,41,125,110.88883547127463,113.22797
81,42,125,107.09174312736877,102.42893
81,43,125,112.22952266722324,111.767494
81,44,125,109.93551894930464,109.68923
81,45,125,106.99664742350939,108.97825
81,46,125,115.5971582646649,109.205826
81,47,125,110.77276969802307,110.36753
81,48,125,108.34867365562825,114.811195
81,49,125,107.91669188219873,108.842224
81,50,125,120.54493818115506,121.25029
81,51,125,120.35162036840553,118.91192
81,52,125,108.03922404058468,113.88468
81,53,125,114.53658635380316,109.92731
81,54,125,104.79210137301722,103.18561
81,55,125,95.5312767857143,98.379814
81,56,125,122.35635389689662,122.24525
81,57,125,114.33074991482091,112.59021
81,58,125,119.44855854863367,119.91692
81,59,125,99.68105016494367,100.88891
81,60,125,110.46937926596239,109.43035
81,61,125,103.69558728330058,105.88822
81,62,125,95.72796868061222,102.39558
81,63,125,110.82508346856999,108.10123
81,64,125,108.63613629947896,102.83502
81,65,125,122.23716936382094,119.280495
81,66,125,103.55056307344252,103.59436
81,67,125,110.32760082734521,108.8587
81,68,125,106.40333955870652,103.65323
81,69,125,119.67506580844599,117.71226
81,70,125,111.8561802160194,109.21244
81,71,125,95.68528811928812,98.4957
81,72,125,113.83140939838542,117.09018
81,73,125,95.34922291651704,94.424805
81,74,125,104.84678834739529,108.41985
81,75,125,116.9113624923406,118.9029
81,76,125,106.62804426730297,100.22723
81,77,125,95.66385372059445,97.33017
81,78,125,104.88868747395402,107.795815
81,79,125,111.33978038085425,110.31489
81,80,125,107.31409241790351,101.16567
81,81,125,110.9306204403575,109.52713
81,82,125,99.31391101338022,98.67474
81,83,125,116.87655282294776,115.11171
81,84,125,104.73491941188678,106.37198
81,85,125,108.45355004488798,110.537605
81,86,125,101.35307062997778,102.485146
81,87,125,118.66006195145974,114.716095
81,88,125,112.38052867262753,109.45576
81,89,125,104.5334979233834,109.868324
81,90,125,99.59985364265367,96.51368
81,91,125,116.91001636964259,114.98037
81,92,125,115.05903986047572,115.46417
81,93,125,118.65863115811561,117.12339
81,94,125,103.47435545422351,106.20746
81,95,125,95.21444078144077,94.24233
81,96,125,99.07854761904763,100.25953
81,97,124,94.05679271052867,93.72765
81,98,123,102.64923897029958,99.57059
81,99,122,107.54021183023339,110.69863
81,100,121,102.7945468472151,104.50769
81,101,120,98.05261635358563,95.40231
81,102,119,92.1580582010582,96.4499
81,103,118,104.7705123034611,112.26418
81,104,117,79.61147536424149,82.14048
81,105,116,96.28199297155929,97.98279
81,106,115,101.18592496392495,98.68095
81,107,114,95.29909866704648,100.24062
81,108,113,109.39944255108198,109.23535
81,109,112,87.67178572118178,92.41905
81,110,111,100.65888923331008,103.610466
81,111,110,98.33894860158806,96.44192
81,112,109,94.21056048581053,87.55047
81,113,108,92.98817147667148,92.43196
81,114,107,92.35873521969171,96.65292
81,115,106,91.60743253968255,96.61825
81,116,105,87.48443905723906,85.90559
81,117,104,93.88348634747715,96.31183
81,118,103,87.19407431457428,95.18778
81,119,102,84.8489942210263,72.63314
81,120,101,89.69873501265103,93.81919
81,121,100,94.1949603174603,99.77775
81,122,99,104.30222386328268,104.73911
81,123,98,73.47544884715047,78.67633
81,124,97,94.93573606023602,84.189735
81,125,96,83.87935519978373,87.63148
81,126,95,87.82677965097086,88.41925
81,127,94,87.87756873219371,86.77788
81,128,93,88.56769494949495,86.48854
81,129,92,92.98701587301585,82.07839
81,130,91,91.12609715339126,90.67508
81,131,90,82.04335615079367,79.8298
81,132,89,88.03102146927147,87.808395
81,133,88,81.4708908991982,74.704704
81,134,87,82.20661753675041,82.33473
81,135,86,87.32609126984131,92.96359
81,136,85,91.08438762663765,90.59068
81,137,84,70.36560698723935,75.81759
81,138,83,80.40517460317464,84.26907
81,139,82,90.65708503308504,81.370636
81,140,81,68.33224531024531,67.78802
81,141,80,76.62708608058607,73.33641
81,142,79,83.53643676395292,81.22891
81,143,78,83.47418783068787,91.03737
81,144,77,83.54944912123096,82.184166
81,145,76,78.95834656084655,57.83552
81,146,75,86.81305026455027,77.23764
81,147,74,76.20270214459869,70.29491
81,148,73,68.63305243367748,62.707157
81,149,72,64.83496662596662,60.61236
81,150,71,86.59352597402598,81.090065
81,151,70,70.81761375661374,71.74538
81,152,69,77.18104761904765,71.799706
81,153,68,57.120211977039546,61.72649
81,154,67,74.52529621798394,74.99884
81,155,66,81.18777778213845,74.09597
81,156,65,68.12601755651754,68.39228
81,157,64,71.08686904761903,66.95578
81,158,63,68.67942608154377,68.793045
81,159,62,74.24973544973547,81.03816
81,160,61,79.48293253968255,83.16398
81,161,60,63.914054068444734,66.56278
81,162,59,79.68583051697759,75.480576
81,163,58,63.06994708994709,62.670216
81,164,57,68.52243327199824,69.13734
81,165,56,65.48090079365079,61.782524
81,166,55,68.53883960095577,67.02307
81,167,54,78.66396564454061,75.07377
81,168,53,55.173308654295155,56.250614
81,169,52,50.22774270990449,50.409863
81,170,51,53.11188359788358,36.94006
81,171,50,56.66668077907087,54.9361
81,172,49,58.5560873015873,53.991276
81,173,48,53.55810266885313,47.41376
81,174,47,56.39481481481484,52.8925
81,175,46,54.943376947126964,52.734997
81,176,45,67.11038104488105,64.201225
81,177,44,64.6782043650794,56.406803
81,178,43,56.48059178249909,62.507607
81,179,42,61.68674206349208,61.497993
81,180,41,58.17968566618564,54.7282
81,181,40,43.834968518518515,43.310226
81,182,39,53.92705192030193,51.734386
81,183,38,29.978238095238098,32.07284
81,184,37,29.4033658008658,34.658886
81,185,36,33.154320411070415,41.24094
81,186,35,51.60164021164025,49.467556
81,187,34,49.37319240019241,43.351692
81,188,33,41.35348677248675,40.10173
81,189,32,44.37374735449733,42.324097
81,190,31,30.86772835497836,31.057016
81,191,30,34.072146718291464,33.13646
81,192,29,34.09747881994548,12.87054
81,193,28,33.85984047619048,40.086224
81,194,27,28.383520905020898,26.073195
81,195,26,28.63837374716787,26.50005
81,196,25,26.877804720314415,26.607271
81,197,24,25.70079629629629,29.774887
81,198,23,36.032668951418934,35.852684
81,199,22,24.688751499118165,20.383726
81,200,21,25.46252380952381,24.620834
81,201,20,22.082580687830685,20.088676
81,202,19,18.52296659704818,19.200798
81,203,18,17.19716078262585,19.213367
81,204,17,27.244843434343434,24.273638
81,205,16,16.971542906411322,14.933568
81,206,15,18.01443903318904,15.843075
81,207,14,19.498429629629626,18.364908
81,208,13,11.97296262119947,11.516335
81,209,12,12.289467732290483,9.756356
81,210,11,15.30583333333334,14.687222
81,211,10,6.519711640211639,6.89576
81,212,9,4.890769841269841,3.5856278
81,213,8,7.270072751322751,6.108665
82,1,125,114.00971089912004,115.46966
82,2,125,118.51592944827712,118.921165
82,3,125,121.91600612205883,122.17239
82,4,125,111.30596363127033,102.624405
82,5,125,116.2067751648337,116.10412
82,6,125,110.06520966386553,111.04416
82,7,125,121.44042422682871,120.784386
82,8,125,109.23220445008371,108.89305
82,9,125,108.61419090011323,111.013435
82,10,125,116.7924689726897,121.27668
82,11,125,116.84159512623036,117.8961
82,12,125,109.70387676226576,112.34516
82,13,125,117.67246983931432,116.20636
82,14,125,106.6955019487151,108.68785
82,15,125,119.96141274591787,119.08293
82,16,125,116.72418408255382,118.216545
82,17,125,120.65831666299933,115.81357
82,18,125,120.53982480101922,119.763245
82,19,125,114.85244582152906,119.995544
82,20,125,113.27450099334581,111.70199
82,21,125,121.40596968407844,121.91029
82,22,125,118.17070239507727,113.455284
82,23,125,117.75435773927988,119.80836
82,24,125,110.60586206784336,111.89943
82,25,125,122.54257174744201,122.65255
82,26,125,116.04808326870928,115.7853
82,27,125,119.0409002456241,116.11796
82,28,125,103.2231688483091,105.740654
82,29,125,116.036701831598,106.36065
82,30,125,119.50629046070242,116.69197
82,31,125,115.97834400368338,116.363434
82,32,125,115.0895749981252,113.681946
82,33,125,121.10030803190867,122.09626
82,34,125,118.99204491598958,120.62331
82,35,125,109.0159569632373,108.7798
82,36,125,109.88401525649437,106.77953
82,37,125,109.63954524140824,109.0002
82,38,125,108.27074244544062,108.02496
82,39,125,114.70313350866762,112.47602
82,40,125,109.06227559964785,112.70837
82,41,125,111.81623034992818,111.69674
82,42,125,109.42213706735465,114.644905
82,43,125,111.851816589011,108.20398
82,44,125,106.52439470438216,110.670235
82,45,125,118.28724674551677,116.49122
82,46,125,102.15720241111082,106.93185
82,47,124,109.2757581998954,106.81267
82,48,123,113.02341611184657,113.47473
82,49,122,114.21027521807524,106.96168
82,50,121,109.15877095850172,108.045586
82,51,120,92.88664682539682,100.49801
82,52,119,108.78751355711455,109.30964
82,53,118,111.9278428891088,105.72333
82,54,117,101.11455067894867,112.61276
82,55,116,108.824587921337,108.245155
82,56,115,108.05129773344485,106.21149
82,57,114,112.40693402617161,110.3166
82,58,113,112.57599707312652,111.98012
82,59,112,114.14620465667288,113.64422
82,60,111,116.21032859878711,112.1013
82,61,110,107.43322512675567,107.791695
82,62,109,112.33504222722782,105.257286
82,63,108,113.33417400660241,112.39725
82,64,107,112.49910915337901,112.525444
82,65,106,116.59520663463373,116.50794
82,66,105,113.65059975949973,108.362724
82,67,104,111.58597592552661,112.99605
82,68,103,113.21027365155632,118.9718
82,69,102,109.40133334767219,112.66381
82,70,101,108.21217909376104,102.6213
82,71,100,105.13838470807687,102.58826
82,72,99,114.65814289590412,117.85497
82,73,98,114.30026879913179,112.82741
82,74,97,109.28849503927025,112.3879
82,75,96,107.36654898058197,104.357796
82,76,95,109.62019532469729,111.75178
82,77,94,95.80184468635939,94.15937
82,78,93,110.34994905093268,111.73917
82,79,92,92.94292242572246,101.464226
82,80,91,109.49945418124625,111.04829
82,81,90,80.65828641456585,83.115555
82,82,89,105.64584768941391,102.63823
82,83,88,102.49351976916218,109.22619
82,84,87,103.76970065204847,104.16168
82,85,86,117.36069962436213,114.702354
82,86,85,110.29564132768394,114.25404
82,87,84,114.22274502563324,112.53404
82,88,83,113.59630074160562,112.11
82,89,82,107.04369434580413,105.41332
82,90,81,106.15324652835282,105.76671
82,91,80,99.92353840804242,92.33461
82,92,79,112.15457652536968,114.10529
82,93,78,97.95888397644943,96.596954
82,94,77,109.58199326990434,106.41087
82,95,76,112.03119592817272,104.934
82,96,75,114.94243476299872,116.55395
82,97,74,102.03375870969107,95.40135
82,98,73,97.8691975553858,95.82107
82,99,72,90.07568981375998,97.77934
82,100,71,95.7476723470574,99.45457
82,101,70,108.11744880736246,104.478
82,102,69,97.50825714482087,103.30779
82,103,68,106.24466783767396,104.12284
82,104,67,79.69465037593987,78.76102
82,105,66,92.98947482860186,98.42955
82,106,65,107.24809109965484,104.535225
82,107,64,105.57212580213796,103.159424
82,108,63,80.05142769976334,84.016396
82,109,62,98.62944971508365,97.99027
82,110,61,92.24003790380584,88.51728
82,111,60,92.30326851851852,88.240944
82,112,59,110.62692777832346,105.90112
82,113,58,91.44108229827303,94.544685
82,114,57,78.21122465622767,74.36322
82,115,56,103.35395907793838,106.38337
82,116,55,90.03400411856659,96.0585
82,117,54,106.29710023512955,115.127846
82,118,53,106.64225673291386,104.68961
82,119,52,99.67696799164692,101.74506
82,120,51,95.36664734316933,104.00141
82,121,50,96.94989333814334,100.27059
82,122,49,96.90841415088069,97.313225
82,123,48,79.47872172343766,85.11361
82,124,47,104.00313569785999,109.5671
82,125,46,81.07156105951763,92.563095
82,126,45,94.09796262585243,94.79222
82,127,44,94.10071669102174,97.18043
82,128,43,106.73386346840196,108.99361
82,129,42,89.46020664141162,87.73266
82,130,41,92.33352116402115,95.79128
82,131,40,80.53461081455166,75.45038
82,132,39,92.73163689790748,104.10026
82,133,38,90.23458486309202,94.15622
82,134,37,100.46722986619508,94.17975
82,135,36,100.95950065399171,94.68617
82,136,35,76.36899440699172,84.79346
82,137,34,70.02580291005296,75.93668
82,138,33,61.17383528138525,59.950287
82,139,32,61.56742751322747,56.891186
82,140,31,53.986158489658486,66.29309
82,141,30,48.430880952380974,56.30092
82,142,29,71.98152777777779,74.26539
82,143,28,56.92975132275133,61.593304
82,144,27,58.13429629629627,54.16524
82,145,26,52.15204761904759,52.78054
82,146,25,48.69620763125765,46.890568
82,147,24,63.98348856209154,63.31333
82,148,23,38.05116837846251,31.953438
82,149,22,42.051906944906946,41.21305
82,150,21,35.16924820683879,31.837683
82,151,20,32.983449735449724,30.021767
82,152,19,35.52177417027416,29.725475
82,153,18,31.58903531847523,30.297186
82,154,17,35.90953174603177,34.35724
82,155,16,50.03253439153437,38.440617
82,156,15,23.896133597883594,26.772923
82,157,14,23.38248148148149,23.134811
82,158,13,20.99087240537241,16.887047
82,159,12,18.321011664261665,18.094364
82,160,11,14.358058682058676,14.569053
82,161,10,17.750788961038953,18.313684
82,162,9,9.619635251322753,7.9218698
83,1,125,113.36220733175651,111.856804
83,2,125,115.20612879239631,117.64457
83,3,125,118.42236988701397,117.81011
83,4,125,115.03869113403348,115.26029
83,5,125,108.49969937349796,116.78193
83,6,125,105.3813387869447,108.080986
83,7,125,112.57960557697899,116.87191
83,8,125,114.5681046133551,119.456436
83,9,125,112.16916535339003,115.335884
83,10,125,117.23452487149349,117.36625
83,11,125,116.72758567496241,118.314445
83,12,125,107.52261022085663,112.54263
83,13,125,117.47674609442082,115.42803
83,14,125,117.9297167250792,114.83012
83,15,125,117.62166185900035,119.0216
83,16,125,118.05793093830968,118.14055
83,17,125,123.24264552045798,123.61201
83,18,125,114.29278137209893,109.36301
83,19,125,113.72553812974787,116.27533
83,20,125,117.10924862558323,117.63019
83,21,125,119.50339208806999,117.05807
83,22,125,117.02444289207294,120.05277
83,23,125,115.96696149655637,118.96824
83,24,125,113.93732132398776,113.69155
83,25,125,108.84863961486423,113.68439
83,26,125,112.75059142703105,110.97293
83,27,125,121.9752340334218,122.454285
83,28,125,113.66922078843425,114.392296
83,29,125,114.27077056219302,118.405846
83,30,125,122.93934654544799,122.48999
83,31,125,114.11518673097768,109.390335
83,32,125,116.2925881431007,111.839836
83,33,125,115.746749419225,113.51739
83,34,125,119.87726667929601,119.50613
83,35,125,120.58807180680473,125.4076
83,36,125,117.0572802651001,122.98021
83,37,125,114.4072329201045,120.65643
83,38,125,108.74044701740449,114.79029
83,39,125,120.15035749260683,120.325455
83,40,125,118.90975938280307,118.64043
83,41,125,108.69945137314677,104.33092
83,42,125,120.73688365741224,119.76557
83,43,125,114.93400531506462,113.1176
83,44,125,115.45910477204428,118.68899
83,45,125,111.4940123608437,113.63152
83,46,125,107.29117068426153,106.0213
83,47,125,109.62648463152121,107.978516
83,48,125,114.59437510754556,112.84127
83,49,125,114.73295940876854,116.386406
83,50,125,103.63998973395027,100.580444
83,51,125,111.24340556493117,115.84676
83,52,125,112.85799239672883,118.55982
83,53,125,109.66024453169031,103.204865
83,54,125,111.42912981049744,116.81546
83,55,125,119.25499259513282,117.51589
83,56,125,110.24794015322742,108.437
83,57,125,110.86175566587268,110.50588
83,58,125,115.36591273593721,114.156204
83,59,125,115.20063787735228,107.36272
83,60,125,116.41834213300531,115.67606
83,61,125,107.63547365439234,114.40935
83,62,125,117.63212669161949,124.43303
83,63,125,113.60181006025368,108.83598
83,64,125,118.2181834152319,119.25608
83,65,125,113.97680021650037,110.961975
83,66,125,112.88998896924488,114.65311
83,67,125,111.88519444912735,115.25933
83,68,125,113.48158621895332,109.77755
83,69,125,108.40173065026005,107.58858
83,70,125,112.5916181712358,113.67338
83,71,125,112.18726893120227,112.16605
83,72,125,114.65591264397008,116.778885
83,73,125,107.09781274449779,105.13708
84,1,125,114.02032040990903,112.11493
84,2,125,113.85032341575716,112.12667
84,3,125,104.3835626511576,104.96572
84,4,125,120.48860130961403,119.07022
84,5,125,116.6236723528002,121.02468
84,6,125,110.24364521208582,111.59725
84,7,125,115.87178315704281,118.63478
84,8,125,109.96445664838431,108.49863
84,9,125,110.68072684203058,114.16862
84,10,125,113.3728109662392,113.754486
84,11,125,117.65015935387198,117.14107
84,12,125,118.15623499394302,120.768616
84,13,125,114.09422443456502,114.153946
84,14,125,114.05275961875208,114.51898
84,15,125,117.22839601353549,113.37914
84,16,125,118.41974947342666,114.44203
84,17,125,115.85707470093531,120.600334
84,18,125,117.08350366452231,115.976845
84,19,125,111.9056865710886,114.79695
84,20,125,113.7808817144276,110.73517
84,21,125,115.39173061241937,112.82075
84,22,125,105.28324615855662,116.02418
84,23,125,118.42698329850509,120.60159
84,24,125,119.52827787047487,113.67785
84,25,125,117.062808004416,116.82379
84,26,125,118.43718258602414,108.93135
84,27,125,109.6482671239699,104.42786
84,28,125,118.6429565813951,114.1671
84,29,125,110.66183724152437,113.831
84,30,125,112.18507887459067,111.542656
84,31,125,115.40485206467905,118.078186
84,32,125,107.86252108957407,117.346725
84,33,125,107.92386121302248,112.90712
84,34,125,120.56837115874627,118.12754
84,35,125,111.63630890925904,114.705765
84,36,125,115.58211966034874,115.23904
84,37,125,114.43751885432593,113.71883
84,38,125,111.95388390015277,110.8397
84,39,125,119.80965301659603,119.67124
84,40,125,109.61487217444677,110.19875
84,41,125,116.12391825260966,115.4469
84,42,125,117.30280212838943,114.70444
84,43,125,116.40853276313311,115.07947
84,44,125,110.24152032675183,110.02337
84,45,125,112.36547898101475,113.08266
84,46,125,114.52171101404946,112.89324
84,47,125,114.73224219398323,111.040474
84,48,125,113.830942614533,108.6077
84,49,125,110.89081325752615,114.15123
84,50,125,107.88222737607094,108.388115
84,51,125,105.23180827828592,106.249794
84,52,125,113.68077655783809,108.83448
84,53,125,117.26896798949792,117.65785
84,54,125,114.34967289440733,110.69776
84,55,125,114.54256963963603,115.72028
84,56,125,111.2712959695279,108.08807
84,57,125,106.88645352159627,111.16717
84,58,125,102.42336758875908,102.217636
84,59,125,109.96108829607586,113.6339
84,60,125,115.88484046458493,109.71739
84,61,125,109.26239967293613,114.11211
84,62,125,110.20615510800297,107.61805
84,63,125,109.97769220813201,116.05381
84,64,125,114.08009835564303,112.62991
84,65,125,110.61719051356806,113.05241
84,66,125,105.41380207411315,106.86442
84,67,125,108.72902313050884,114.92624
84,68,125,108.49419321817687,115.493004
84,69,125,110.14907775543281,109.084656
84,70,125,97.94318557388289,99.3748
84,71,125,115.5650805445847,112.28704
84,72,125,106.30464113037081,104.320946
84,73,125,109.50015117190443,114.41857
84,74,125,110.87844696399932,113.907234
84,75,125,113.54872217661081,108.773476
84,76,125,116.88004166126356,123.60929
84,77,125,115.5553905011469,114.444954
84,78,125,108.50539192632758,107.8069
84,79,125,112.68877068712312,116.01908
84,80,125,106.60555430679635,102.202095
84,81,125,111.7233145826064,108.25444
84,82,125,113.40674102180756,121.12353
84,83,125,112.42438319688415,113.44513
84,84,125,109.4177797849587,107.43595
84,85,125,110.5655168982767,112.18016
84,86,125,110.27046570486212,109.79652
84,87,125,102.42606273717335,107.59597
84,88,125,122.40853692319637,119.26069
84,89,125,91.18896836984439,84.850685
84,90,125,112.42635868990445,112.4288
84,91,125,114.94139237764335,111.0196
84,92,125,117.9736561436835,110.840324
84,93,125,100.3601170594244,90.471115
84,94,125,101.02243135167956,104.17802
84,95,125,113.0132219293813,112.210464
84,96,125,102.55196725958132,104.238914
84,97,125,110.54648696714617,108.26022
84,98,125,112.13442855365213,114.570946
84,99,125,115.46044995788019,110.64929
84,100,125,113.56006620747355,111.13629
84,101,125,106.2146500966443,111.32852
84,102,125,110.05880361244158,116.02137
84,103,125,104.12753227554248,108.97857
84,104,125,115.22900292291223,115.090416
84,105,125,105.40180882514848,108.58486
84,106,124,105.73513232761249,102.71459
84,107,123,99.78155124644603,108.04148
84,108,122,105.94085795272477,107.18497
84,109,121,90.74678194949354,99.55148
84,110,120,106.58818613341191,109.02732
84,111,119,110.06983455205231,113.76876
84,112,118,113.02396312172083,113.56858
84,113,117,101.75380480885514,111.09627
84,114,116,110.42620670201318,116.64424
84,115,115,116.9831566362596,111.76504
84,116,114,108.03345961753048,106.12513
84,117,113,117.44698927300021,120.686806
84,118,112,114.53682167552877,114.867714
84,119,111,111.90857644162992,120.322296
84,120,110,98.95240281356817,104.24929
84,121,109,104.22956120369099,106.75889
84,122,108,113.32312742061107,109.955765
84,123,107,109.88986987905402,115.64805
84,124,106,101.67778294895398,95.33465
84,125,105,111.19652272227499,111.46408
84,126,104,95.05949692015598,91.84728
84,127,103,114.3112830855801,112.57171
84,128,102,108.26764804457649,110.33928
84,129,101,110.21326552252953,100.2335
84,130,100,98.78428678449995,106.719574
84,131,99,103.3310658710748,104.626785
84,132,98,102.06496415381295,104.789024
84,133,97,104.74907918142972,101.93452
84,134,96,105.36807545075652,113.95783
84,135,95,112.43128644244176,107.70646
84,136,94,114.63366558914825,116.91604
84,137,93,102.72410893894599,98.89103
84,138,92,104.96617451989003,109.659996
84,139,91,105.75496215088829,96.380875
84,140,90,109.1141281126939,103.76101
84,141,89,106.92215879466202,109.354195
84,142,88,104.55516867307551,104.347916
84,143,87,97.85458936402097,94.39918
84,144,86,106.98418867328193,99.51512
84,145,85,102.69680346938148,104.811844
84,146,84,100.96186435695493,110.52278
84,147,83,93.63940608465609,86.669754
84,148,82,74.02252116402117,92.73159
84,149,81,77.21876190476189,67.98057
84,150,80,94.07317133810817,95.5942
84,151,79,95.20561661254087,93.51999
84,152,78,93.56330405405406,97.08713
84,153,77,101.16065302894381,94.37068
84,154,76,86.73320508761906,86.46198
84,155,75,91.86690211640206,89.64802
84,156,74,109.5290391268743,110.37293
84,157,73,97.86998082585689,95.91117
84,158,72,96.92582123165849,99.026
84,159,71,91.7894486770018,88.3306
84,160,70,73.54085321949304,85.88077
84,161,69,95.22119115588745,89.330795
84,162,68,63.044792658730195,61.046112
84,163,67,66.73665740740738,69.60114
84,164,66,92.19175795500793,87.645424
84,165,65,98.23968214338406,101.69081
84,166,64,74.11732080178095,72.43401
84,167,63,91.76290597403683,86.042816
84,168,62,65.93657142857141,82.35813
84,169,61,73.92358333333333,66.703964
84,170,60,106.24359378699819,105.43618
84,171,59,81.29642780646394,67.38254
84,172,58,55.352208994709,48.47594
85,1,125,113.944900515025,125.06906
85,2,125,109.81243810634905,115.41243
85,3,125,119.63586211490065,111.53868
85,4,125,116.94113332130847,115.34038
85,5,125,117.63042106670264,117.64607
85,6,125,105.3049582421337,104.6508
85,7,125,111.58601698993698,109.06583
85,8,125,114.78183572107697,120.662895
85,9,125,117.29128139882023,116.51223
85,10,125,118.18444642371367,116.262146
85,11,125,115.75512610941648,117.71281
85,12,125,117.03241070122778,121.65645
85,13,125,116.5501503357525,114.658554
85,14,125,122.02204596433525,119.52924
85,15,125,112.95251803773395,112.366425
85,16,125,120.47908287569841,123.82427
85,17,125,117.60360884171706,120.4952
85,18,125,107.86611198448021,120.26706
85,19,125,102.11563528563761,119.37732
85,20,125,112.99920657783429,116.82584
85,21,125,109.76639274914373,104.58987
85,22,125,117.97772119161672,123.42954
85,23,125,117.52149316501672,117.47149
85,24,125,117.43752840387492,120.695564
85,25,125,120.41409815763046,115.77039
85,26,125,116.4176310526485,112.99439
85,27,125,110.53340891736936,114.05586
85,28,124,106.14156068341482,108.16819
85,29,123,109.8082491784546,110.30173
85,30,122,120.00756215752267,122.03597
85,31,121,110.34448860072092,118.94321
85,32,120,108.95078122813342,122.73127
85,33,119,118.93266117328237,113.36985
85,34,118,112.04759634571194,112.0685
86,1,125,119.84891419482229,118.3302
86,2,125,115.37929668827414,114.51034
86,3,125,101.81045284796753,101.10311
86,4,125,117.08725497709733,115.70329
86,5,125,111.55349158318434,111.92468
86,6,125,110.7003333105347,106.558395
86,7,125,103.80495329685756,106.155716
86,8,125,113.50107405979468,111.66236
86,9,125,111.73207976214,108.57808
86,10,125,111.18061394916032,115.14332
86,11,125,117.1633632734659,117.92282
86,12,125,111.77196924824499,106.83383
86,13,125,110.89108302365479,112.26387
86,14,125,108.36514059438282,109.66044
86,15,125,113.05042769788493,109.866234
86,16,125,111.08108078533508,108.57343
86,17,125,119.02635443451072,119.39605
86,18,125,98.36998038689705,100.45154
86,19,125,111.38499847846809,110.87498
86,20,125,105.99615958652453,105.0494
86,21,125,109.08554461191181,107.75005
86,22,125,103.091416622474,105.78635
86,23,125,100.6291867957355,108.99584
86,24,125,115.81885559207815,122.03542
86,25,125,109.13928023081672,117.56359
86,26,125,112.38452992910963,112.53071
86,27,125,113.49886789736884,123.393585
86,28,125,116.4365969471167,115.25266
86,29,125,105.72656416091067,104.57562
86,30,125,117.49283460853522,116.045616
86,31,125,109.0546323635478,107.347916
86,32,125,113.60475823817137,109.377625
86,33,125,115.36025581244645,114.36045
86,34,125,110.49792917419974,112.89325
86,35,125,118.16798874949069,111.523445
86,36,125,114.17082065241121,112.52093
86,37,125,106.11102635835829,114.537964
86,38,125,106.59319253452531,101.943565
86,39,125,107.68373547018084,94.694595
86,40,125,121.76100694895513,121.38585
86,41,125,106.3088617875311,101.64347
86,42,125,111.60433419174691,102.3303
86,43,125,109.79165699133846,116.270035
86,44,125,113.86018851414543,120.43681
86,45,125,109.23883574834882,111.60251
86,46,125,112.65156759924102,117.77668
86,47,125,112.89444079925684,113.687035
86,48,125,106.98524268173033,106.71974
86,49,125,113.99724678621338,113.51061
86,50,125,114.8711753021762,118.20504
86,51,125,111.23403889228224,116.06512
86,52,125,106.22510942212602,102.52411
86,53,125,105.75961440031195,106.61662
86,54,125,112.53640259853094,112.83431
86,55,125,114.56378545643236,113.60799
86,56,125,106.32111132110504,111.3723
86,57,125,103.17729257206358,113.27689
86,58,125,106.24919747235809,103.82751
86,59,125,105.99945867313336,101.06428
86,60,125,108.59248288184692,114.29794
86,61,125,104.36204853893652,84.043724
86,62,125,111.96653615033502,111.06893
86,63,125,108.54621503420192,105.64288
86,64,125,107.17883107400708,108.06536
86,65,125,113.34454118098111,108.730965
86,66,125,109.7510509440625,100.85211
86,67,125,106.25360538656535,105.57861
86,68,125,117.33709653999362,113.44914
86,69,125,99.16740920577088,102.64406
86,70,125,103.85785986025846,94.24773
86,71,125,106.42404005164768,110.41371
86,72,125,97.95483275445946,95.58822
86,73,125,95.61031767844203,103.70111
86,74,125,98.95110324022419,106.597855
86,75,124,107.50670567842356,97.574585
86,76,123,105.89517133752497,101.19024
86,77,122,95.24198941798943,95.33983
86,78,121,93.51068584656083,101.8392
86,79,120,104.1703649097535,99.92769
86,80,119,101.00176799579462,98.02573
86,81,118,95.36572737632558,99.01821
86,82,117,114.71206026561525,113.912415
86,83,116,105.03120931554244,107.17189
86,84,115,104.36692687519268,101.76017
86,85,114,101.07691350281348,99.769745
86,86,113,95.23270007515998,100.55914
86,87,112,84.6931738261738,88.62842
86,88,111,83.87838092099541,89.65269
86,89,110,103.1293220335698,102.65749
86,90,109,100.06854054403429,98.586296
86,91,108,110.63540416155932,112.41227
86,92,107,82.87333428930388,90.76504
86,93,106,101.23253487692806,107.990845
86,94,105,93.00386960261963,92.29534
86,95,104,100.6355967936794,100.720184
86,96,103,94.26527028766934,88.6716
86,97,102,88.08866883116885,94.41266
86,98,101,106.96272712429999,113.62243
86,99,100,92.30976205232571,95.69327
86,100,99,107.19205027130684,109.62442
86,101,98,99.14067592592589,100.98535
86,102,97,104.85432669961133,103.68843
86,103,96,105.54561702079717,108.23155
86,104,95,77.41241119711042,75.05654
86,105,94,77.27580086580086,75.160545
86,106,93,91.21323328139466,92.33163
86,107,92,94.09433394875961,93.82842
86,108,91,98.1768927711464,96.771675
86,109,90,89.63945739575846,91.595985
86,110,89,78.49255519939098,77.481514
87,1,125,116.7609394699014,120.357185
87,2,125,120.73420664668008,121.94665
87,3,125,118.60640771755652,122.149666
87,4,125,118.37851389836767,120.70512
87,5,125,120.74241883821749,120.14462
87,6,125,123.7459962846648,123.951546
87,7,125,123.01733022873712,123.96185
87,8,125,120.99226679928324,123.73145
87,9,125,119.16629609486563,122.424
87,10,125,119.65369758589038,122.53058
87,11,125,118.22787561666264,118.67967
87,12,125,121.50963123683968,118.05766
87,13,125,122.0607354309032,123.32388
87,14,125,109.94054379023005,112.98218
87,15,125,119.91973833151067,118.267044
87,16,125,114.6897893005967,117.238556
87,17,125,112.06310705078708,124.0322
87,18,125,119.173638371324,120.92897
87,19,125,123.7668081884561,124.93875
87,20,125,118.87980893064275,119.176445
87,21,125,124.25795292496147,124.76033
87,22,125,123.86375427604949,120.79231
87,23,125,116.8834592463515,121.93671
87,24,125,117.6344097257711,121.22545
87,25,125,124.0890169323519,124.06328
87,26,125,119.10251547956463,119.818115
87,27,125,114.19104499178533,109.16823
87,28,125,114.68752686948952,116.79194
87,29,125,124.07020723243271,122.875885
87,30,125,120.63840170259387,123.39778
87,31,125,112.51156315807974,116.90451
87,32,125,118.42030848733815,118.78194
87,33,125,120.22284452812002,120.80146
87,34,125,119.0438977442271,116.622055
87,35,125,122.99911884640662,123.52805
87,36,125,117.8636070602136,118.58939
87,37,125,117.60690537625706,120.938515
87,38,125,120.15251508770777,123.85383
87,39,125,121.92328793375263,122.20547
87,40,125,123.97495133744941,121.11576
87,41,125,119.30815281796269,118.24127
87,42,125,118.04166185059326,120.94015
87,43,125,116.67959623574289,118.87399
87,44,125,115.84160815801222,119.54157
87,45,125,115.27873110697743,112.60926
87,46,125,118.85080528952086,114.921425
87,47,125,113.837304596703,112.68653
87,48,124,121.89475307387096,117.96151
87,49,123,118.04067512596266,119.484375
87,50,122,111.54595831189326,113.183304
87,51,121,116.16179819053781,114.5916
87,52,120,121.09479446985978,119.901
87,53,119,114.87721264537223,116.28004
87,54,118,108.69525212922451,113.16568
87,55,117,119.5418455062899,122.54637
87,56,116,109.92333293342394,117.46106
88,1,125,116.55095279016537,119.832016
88,2,125,115.97681284600371,124.83195
88,3,125,102.33464317419552,110.31359
88,4,125,119.77845019552787,119.667816
88,5,125,110.37399816223066,108.01034
88,6,125,120.1119380818696,122.05645
88,7,125,118.35142285358782,120.06068
88,8,125,116.64419009766156,109.73544
88,9,125,118.86352390796795,116.49908
88,10,125,115.00131170366467,118.44116
88,11,125,120.70043125641173,122.53143
88,12,125,114.5341241067476,115.24135
88,13,125,117.9170204339394,115.789635
88,14,125,119.31734390547604,122.52025
88,15,125,113.64785680272954,120.91415
88,16,125,109.02823710530923,121.31747
88,17,125,121.13659012378858,119.315094
88,18,125,121.21128557128065,123.18189
88,19,125,118.62817645311011,121.477066
88,20,125,120.78296582090219,117.38478
88,21,125,112.66904359174495,119.87217
88,22,125,112.45893805657218,114.981995
88,23,125,117.62023164481496,120.56718
88,24,125,108.70043405967544,113.876686
88,25,125,107.4581448830464,117.009026
88,26,125,118.14365290260898,118.49047
88,27,125,110.78831123058953,118.42768
88,28,125,119.99774294542621,122.51447
88,29,125,104.83100812818623,107.044014
88,30,125,119.50799991027874,119.88543
88,31,125,107.22354613568334,111.65066
88,32,125,114.51443928631855,120.25541
88,33,125,118.75466712433212,123.07486
88,34,125,117.11698105008372,120.406334
88,35,125,105.41036918602033,111.171684
88,36,125,96.52174333819559,115.6932
88,37,125,118.55112072216437,124.37486
88,38,125,110.02233777257267,117.33054
88,39,125,96.53405629412963,104.46252
88,40,125,119.36752385992189,114.81323
88,41,125,110.68453207504655,112.65311
88,42,125,112.44614202922767,123.26676
88,43,125,116.2601617773069,110.03625
88,44,125,118.92733022167216,112.06704
88,45,125,115.71135682068488,119.33763
88,46,125,117.34256625484691,116.82727
88,47,125,100.80596517671741,97.45277
88,48,125,106.74537597068074,109.78868
88,49,125,116.85355933678407,119.305336
88,50,125,107.35077028218699,105.51744
88,51,125,115.51174244442011,122.45427
88,52,125,116.21902439382701,116.34229
88,53,125,105.01901189058772,115.41093
88,54,125,112.74905386191861,116.924614
88,55,125,114.23351324582916,117.23564
88,56,125,113.16500405207368,114.689735
88,57,125,112.87642961549058,121.19924
88,58,125,83.45455158730157,85.81605
88,59,124,93.19025293518625,98.43891
88,60,123,113.56487765884859,110.94361
88,61,122,104.99696715663012,124.27149
88,62,121,118.73040592826678,117.10911
88,63,120,99.53586380206086,107.90153
88,64,119,106.06937124718897,106.20395
88,65,118,117.70614622167753,121.3801
88,66,117,116.42530939390963,121.31575
88,67,116,99.24618994708997,104.4368
88,68,115,112.19398695663234,121.19906
89,1,125,121.04679542674222,113.24369
89,2,125,115.39539223721593,121.18977
89,3,125,114.11859714998296,112.25822
89,4,125,119.35211226988062,125.16515
89,5,125,119.8916166311274,123.16296
89,6,125,121.92885498234173,123.88805
89,7,125,115.16465178697344,117.48335
89,8,125,122.9251741992267,119.72029
89,9,125,119.91436159389079,122.85931
89,10,125,116.7941146504893,124.0535
89,11,125,119.52272693382628,124.107376
89,12,125,120.36880716295471,121.140945
89,13,125,111.0970213918421,119.51739
89,14,125,120.07353377007833,119.056496
89,15,125,122.6436368117818,122.066635
89,16,125,117.00881272952914,110.03744
89,17,125,117.56630030044765,121.31451
89,18,125,121.68647709924053,125.36962
89,19,125,117.44003897871468,119.87267
89,20,125,123.08013500075657,125.85267
89,21,125,121.58562584196646,118.786
89,22,125,120.4398828044509,122.653175
89,23,125,111.11714264918456,118.46186
89,24,125,119.3909443739489,122.159195
89,25,125,113.3791724185261,114.88101
89,26,125,119.39277946553537,121.74126
89,27,125,123.52490692341722,125.08951
89,28,125,116.10857649004679,116.82811
89,29,125,119.54114883124161,118.24429
89,30,125,120.20654418750378,123.89547
89,31,125,115.0416397833934,115.697586
89,32,125,116.98322438014378,118.07605
89,33,125,120.89841120938591,121.75927
89,34,125,116.79432453566695,122.39365
89,35,125,120.96100668481898,123.31381
89,36,125,114.06232525122216,125.40211
89,37,125,111.47597746015143,115.68513
89,38,125,118.51201244118622,121.12851
89,39,125,123.14962269962426,120.504135
89,40,125,119.03451866743659,116.02788
89,41,125,110.57683565814914,117.76552
89,42,125,118.85895208058292,120.50021
89,43,125,117.23370776716266,120.45377
89,44,125,117.39313885873862,114.450195
89,45,125,116.37814515089737,117.13067
89,46,125,123.90102656461701,120.19375
89,47,125,112.83672915060839,116.671646
89,48,125,121.28630115196397,120.54031
89,49,125,118.79587315792114,117.23044
89,50,125,112.83346250475174,114.59512
89,51,125,118.35407991094233,120.23926
89,52,125,117.80225632626687,120.88104
89,53,125,117.32845565133027,116.69224
89,54,125,116.47979379310613,121.1779
89,55,125,118.11157581710904,125.29556
89,56,125,117.16870663231467,118.931244
89,57,125,121.40409355462293,123.6837
89,58,125,121.71459559808493,122.785164
89,59,125,113.35244451124582,123.05635
89,60,125,109.4719365275471,113.597855
89,61,125,111.39875879698566,121.72694
89,62,125,115.54375390513563,121.54035
89,63,125,116.64007189004755,114.48492
89,64,125,114.17676791284039,105.75257
89,65,125,116.6154799493684,119.493645
89,66,125,119.93589397146653,116.05515
89,67,125,116.41288092138821,116.366234
89,68,125,118.58692566550327,118.97998
89,69,125,116.63547067725068,123.60641
89,70,125,114.62050728487235,120.38372
89,71,125,114.2922795872895,122.94792
89,72,125,110.7069530131072,114.538925
89,73,125,121.35436105347588,121.674065
89,74,125,121.05256421320053,121.9392
89,75,125,117.81362856424737,117.53876
89,76,125,116.53802292608101,112.96352
89,77,125,118.81657570832404,118.3841
89,78,125,109.13287642478973,116.14326
89,79,125,119.3755928989323,119.45667
89,80,125,116.77823164719521,120.5821
89,81,125,121.970786909413,115.95819
89,82,125,119.64714822150718,118.81741
89,83,125,112.2676859959612,117.48742
89,84,125,112.60609088448182,114.71969
89,85,125,122.21362134733073,123.051254
89,86,125,115.33318996757494,120.858765
89,87,125,117.91694212490133,116.21707
89,88,125,116.24804705838675,120.56776
89,89,125,113.9361293244189,113.41433
89,90,125,119.88246035783426,121.46748
89,91,125,118.90069215316682,115.34408
89,92,125,119.37379650099696,120.685875
89,93,125,122.36815953557777,122.58535
89,94,125,118.64953031654446,120.082436
89,95,125,110.44479094468693,99.15023
89,96,125,111.72731982925455,117.20139
89,97,125,119.01702891078664,115.6373
89,98,125,118.57523681071298,120.402626
89,99,125,111.52162118578073,119.58187
89,100,125,114.79626339022214,120.0703
89,101,125,118.56448675793152,118.125374
89,102,125,116.82112418455517,122.1496
89,103,125,110.36363005640834,119.17164
89,104,125,113.15351396368855,106.51474
89,105,125,118.51457271270478,118.0829
89,106,125,119.70476733718728,121.62848
89,107,125,118.81431183403082,122.18069
89,108,125,110.98990770960641,108.04978
89,109,125,120.93929049181968,124.037865
89,110,125,117.03769907391197,114.48049
89,111,125,112.49881398734071,120.066574
89,112,125,116.45853261459345,117.70569
89,113,125,116.22912337050177,114.64024
89,114,125,114.50696520939655,120.18499
89,115,125,115.4952661725088,120.86671
89,116,125,116.25864585595075,111.96704
89,117,125,119.92219397586412,120.232704
89,118,125,112.86254254618555,110.97407
89,119,125,116.40197743275533,114.413124
89,120,125,115.13069216142576,114.62279
89,121,125,114.38382654000425,117.984215
89,122,125,111.90375137080645,117.56949
89,123,125,120.44746805012338,117.853745
89,124,125,115.7630114859623,114.282166
89,125,125,115.06462115959211,111.549126
89,126,125,113.81645537864497,117.70267
89,127,125,113.90488296593324,111.66671
89,128,125,118.36908371000655,120.46269
89,129,125,111.92633596558441,113.980255
89,130,125,114.17866150277045,111.81299
89,131,125,107.85562956476457,106.741455
89,132,125,109.26947830286107,109.947556
89,133,125,119.49617434762166,117.48605
89,134,125,119.96954891735821,115.06924
89,135,125,114.11392759953934,117.13889
89,136,125,120.02124417566034,116.05801
89,137,125,120.33359785400583,119.465164
89,138,125,115.70512951911378,117.20922
89,139,125,105.2443265385131,108.42944
89,140,125,111.40856068929206,117.53209
89,141,125,113.3516729848506,119.46323
89,142,125,115.98862122475266,121.93738
89,143,125,110.49993900272585,110.504745
89,144,125,109.77747526846198,106.308426
89,145,125,107.83793203107652,115.815544
89,146,125,106.29685225029951,105.20344
89,147,125,113.96296862048672,119.90843
89,148,125,113.04854810741162,96.82812
89,149,125,115.92742330243033,110.19136
89,150,125,111.3173459451216,110.08127
89,151,125,112.90500977437773,111.703896
89,152,125,112.3080158189728,122.28745
89,153,125,106.66039074266737,105.5986
89,154,125,112.47732727024855,115.71547
89,155,125,100.89394443788045,105.195724
89,156,125,114.97602023991347,115.69745
89,157,125,117.82630781111656,111.88526
89,158,125,103.33004382380042,120.76185
89,159,125,114.03591605001999,113.20978
89,160,125,114.99604367138582,113.89168
89,161,125,111.12057275173638,110.52835
89,162,125,109.8720321947958,111.26953
89,163,125,114.40415402285622,116.66082
89,164,125,109.41137150986688,109.95788
89,165,125,107.55365620938528,106.52643
89,166,125,104.6442648849172,103.54873
89,167,125,113.78863174525189,111.36949
89,168,125,114.51340767955097,115.05493
89,169,125,83.44361128783518,84.10201
89,170,125,106.49875553821916,106.32269
89,171,125,107.71742944755765,107.965836
89,172,125,120.48931540381564,122.91719
89,173,125,112.22174283610163,112.50356
89,174,125,107.15371646813101,112.14653
89,175,125,106.73903356668181,112.52109
89,176,125,108.30216640538113,109.800606
89,177,125,110.2027427053883,106.72319
90,1,125,114.01582073495746,109.31829
90,2,125,111.25073953808436,112.563225
90,3,125,113.01962577274763,112.47552
90,4,125,109.0595495588462,119.44485
90,5,125,118.17867868894417,120.22
90,6,125,116.36658838386579,110.25627
90,7,125,117.43753270688157,111.24948
90,8,125,104.87740013633483,114.882286
90,9,125,110.3530555323165,117.249435
90,10,125,115.63418139590009,108.496155
90,11,125,118.40650906500035,110.00945
90,12,125,110.39564056884109,119.752884
90,13,125,115.5537475368714,114.801476
90,14,125,109.3618991328626,113.19253
90,15,125,117.94608774558347,113.58362
90,16,125,119.34801128988178,119.770454
90,17,125,107.84154505003686,111.94181
90,18,125,116.4880416237966,120.96884
90,19,125,110.00515405074235,109.26205
90,20,125,112.51486130300043,116.41701
90,21,125,116.60084500594634,108.34528
90,22,125,117.42318582239572,113.064766
90,23,125,109.02591184821448,108.33928
90,24,125,101.95578162525585,105.31214
90,25,125,116.63431455651688,115.41212
90,26,125,110.38075846080758,114.877304
90,27,125,111.80433313025038,112.92339
90,28,125,118.52641935976423,116.3207
90,29,125,110.45695996377285,105.99935
90,30,125,117.1044927816859,115.239876
90,31,125,119.58614292997612,116.59815
90,32,125,123.02317355670002,118.40874
90,33,125,111.01485160203131,113.8712
90,34,125,118.98935044758558,114.21629
90,35,125,117.81162778409184,115.52891
90,36,125,118.30345327081615,115.14366
90,37,125,116.3359828652033,119.270424
90,38,125,115.23520677658618,113.14284
90,39,125,114.8850546378133,116.92143
90,40,125,118.3414502977096,116.0924
90,41,125,115.14628494071799,115.03575
90,42,125,108.58217586423822,113.18135
90,43,125,114.38332399273594,116.029236
90,44,125,109.94662963771184,116.87661
90,45,125,117.19931558783425,119.506386
90,46,125,111.17564010470994,109.12886
90,47,125,115.11638952106165,116.956154
90,48,125,105.34621827326077,112.74009
90,49,125,114.52871944775792,110.125824
90,50,124,111.25844303570385,109.50827
90,51,123,114.35126104981715,116.79138
90,52,122,105.55247148219462,111.18382
90,53,121,114.88438145185098,113.99809
90,54,120,105.89018649077398,94.26468
90,55,119,113.86036828759697,111.64502
90,56,118,115.17103839143691,110.82992
90,57,117,114.22837493959828,113.15173
90,58,116,111.7653637090249,117.61596
90,59,115,110.25796429157846,105.1014
90,60,114,108.7580701833869,106.75597
90,61,113,116.2417184706519,119.63301
90,62,112,101.47244640023615,109.30203
90,63,111,110.28197948845222,98.45854
90,64,110,115.11714993454531,114.63297
90,65,109,98.24694126551609,105.37541
90,66,108,103.24096098529087,100.400604
90,67,107,105.5472796703404,106.47605
90,68,106,112.80511587243602,115.317825
90,69,105,113.26761735353195,116.727356
90,70,104,113.15340466134633,115.173355
90,71,103,105.4354844780933,109.722176
90,72,102,105.3767277383947,107.47778
90,73,101,113.35106910118382,101.503174
90,74,100,110.85891051016716,113.131355
90,75,99,99.8124204036608,118.86333
90,76,98,94.02225928028868,107.737465
90,77,97,104.05772653568846,111.034386
90,78,96,108.10889779890968,111.81141
90,79,95,102.2111829448329,107.45762
90,80,94,103.62493591430356,97.5442
90,81,93,110.16158854944457,100.47624
90,82,92,94.79789561548374,91.91392
90,83,91,93.02237478847503,100.597565
90,84,90,86.73067361854461,90.421135
90,85,89,98.25540939341711,103.13662
90,86,88,99.78815251757264,97.26571
90,87,87,94.24445090404107,87.49515
90,88,86,103.47134616480982,106.083046
90,89,85,111.62595640182924,107.11338
90,90,84,96.36430055818427,107.71866
90,91,83,101.67179766565182,101.07727
90,92,82,102.91727985872951,105.16095
90,93,81,100.06791860371021,101.278725
90,94,80,96.90352223827739,98.834915
90,95,79,98.52669748063624,91.15378
90,96,78,108.80366313418168,106.61837
90,97,77,104.40077495056885,112.55151
90,98,76,100.99061122380479,100.1294
90,99,75,98.34079042122049,99.81258
90,100,74,109.79714658071532,111.38841
90,101,73,111.40354143018473,100.043076
90,102,72,107.80530167909956,110.06033
90,103,71,89.8802981494781,89.52358
90,104,70,81.76348739642606,91.79184
90,105,69,80.17168774748895,79.17259
90,106,68,82.03392533975445,87.291725
90,107,67,99.36501676775228,107.538475
90,108,66,101.90425565733014,94.106575
90,109,65,95.14533855472015,93.30319
90,110,64,78.79813778132204,70.07843
90,111,63,79.29846413768507,79.21738
90,112,62,85.19297229254028,89.62776
90,113,61,81.22179100529098,70.2674
90,114,60,95.77573883944856,83.608215
90,115,59,89.73179779260907,93.231674
90,116,58,76.87620472120474,92.03444
90,117,57,72.65253061874775,71.46932
90,118,56,71.65331891256889,69.34809
90,119,55,67.492312964813,68.26951
90,120,54,74.18602364101044,73.601555
90,121,53,68.70873460798467,63.307373
90,122,52,68.63242955246959,66.18947
90,123,51,61.30820005062136,65.5532
90,124,50,65.12686904761905,64.36256
90,125,49,64.42930904280907,59.520847
90,126,48,66.97445155184575,61.936775
90,127,47,60.887791486291476,49.353184
90,128,46,52.74380134680135,55.838066
90,129,45,60.43173577654299,53.721035
90,130,44,54.411363155363155,54.77553
90,131,43,43.764096560846575,42.065712
90,132,42,63.92175389863547,63.026405
90,133,41,61.603272847522845,58.870186
90,134,40,50.136070436507936,43.053555
90,135,39,56.31575264550269,49.16164
90,136,38,54.67193253968253,65.06643
90,137,37,48.40835846560848,48.054222
90,138,36,65.33728210678215,68.45307
90,139,35,51.33860185185184,53.830795
90,140,34,45.97433994708993,47.845547
90,141,33,52.48576884920634,48.313828
90,142,32,30.939617724867738,26.665396
90,143,31,47.61484920634923,45.73111
90,144,30,29.203865079365094,29.738932
90,145,29,17.06228317286841,15.068205
90,146,28,35.22642195767195,32.819294
91,1,125,104.63667386222096,107.82802
91,2,125,101.65243124924473,102.83129
91,3,125,115.964974056789,115.29518
91,4,125,114.64594910514259,114.807846
91,5,125,89.57650853775851,104.06213
91,6,125,117.04756322513296,115.88935
91,7,125,117.10885490507013,122.05231
91,8,125,117.92375571468901,111.78368
91,9,125,117.61824521445422,123.269005
91,10,125,115.31877682270554,116.58803
91,11,125,113.02007222730543,106.9761
91,12,125,112.20126272624427,109.32857
91,13,125,115.88491313977833,107.30037
91,14,125,107.58712870048724,109.72285
91,15,125,107.65785126767084,115.96185
91,16,125,115.64519555996364,118.89441
91,17,125,92.23615162907268,94.81785
91,18,125,112.71559326992329,120.49142
91,19,125,119.6036439965699,122.27041
91,20,125,103.47455865087449,112.57337
91,21,125,118.2022959032705,116.38673
91,22,125,110.74994640803565,110.184555
91,23,125,117.49096271638909,118.72999
91,24,125,115.23608348105208,109.519165
91,25,125,110.8163606802918,124.34207
91,26,125,104.94535146419194,108.811646
91,27,125,115.02285029562933,113.7333
91,28,125,107.57284156562359,109.80406
91,29,125,113.42538353546246,119.13808
91,30,125,112.26475875042,112.70602
91,31,125,111.02295197539961,114.73132
91,32,125,111.46816666409917,112.92421
91,33,125,114.25655214257299,114.59113
91,34,125,115.57645202472067,116.02208
91,35,125,110.55236916209978,115.174355
91,36,125,104.5574961219022,98.47312
91,37,125,100.87649949569756,101.93448
91,38,125,101.0107242644884,108.04663
91,39,125,115.32287783192825,116.56389
91,40,125,102.31816527789033,102.46127
91,41,125,116.66061545858,112.82264
91,42,125,119.01549179664701,130.90997
91,43,125,117.3749209543736,110.458466
91,44,125,111.12591648100447,107.26655
91,45,125,110.27915873015871,117.95178
91,46,125,98.24986392690381,92.45246
91,47,125,117.83137901923679,119.72321
91,48,125,110.03480740656177,108.84993
91,49,125,105.10160896284641,104.85895
91,50,125,116.60785059520164,110.7595
91,51,125,114.26761331936373,106.80762
91,52,125,101.27056472641895,102.8503
91,53,125,116.29537457288723,117.06912
91,54,125,85.65228968253969,75.46109
91,55,125,100.98156558376512,103.57528
91,56,125,117.87484107416702,120.28315
91,57,125,105.85508479495866,112.73051
91,58,125,110.72959245493344,107.55115
91,59,125,112.97385095463433,107.96493
91,60,125,117.81882240408379,112.69644
91,61,125,88.87112008045223,104.47366
91,62,125,118.16202273890472,119.42299
91,63,125,115.57871701039018,105.98254
91,64,125,115.4550282604413,112.44469
91,65,125,118.74122617786064,115.41978
91,66,125,101.7897823762986,93.985725
91,67,125,107.26644217650431,103.14404
91,68,125,114.75051428913345,109.55444
91,69,125,109.2716582254368,109.35011
91,70,125,109.43683315500535,102.62522
91,71,125,96.68192382508556,101.14091
91,72,125,113.80793403824872,114.44998
91,73,125,119.54187271350253,124.89027
91,74,125,114.64683819673135,111.25838
91,75,125,101.17159126984123,100.5203
91,76,125,72.56589037276066,70.33665
91,77,125,109.63911059182011,98.637276
91,78,125,99.69121428571425,105.740875
91,79,125,104.63649601605013,100.431114
91,80,125,97.3732177989169,96.98275
91,81,125,105.58484352539952,99.80731
91,82,125,109.79749161974206,109.04395
91,83,125,104.57447709664888,108.960075
91,84,125,87.2875917090772,79.390816
91,85,125,96.467853914833,103.6818
91,86,125,95.72918317441258,106.720665
91,87,125,95.3037456027456,107.05838
91,88,125,117.89849866826701,121.175804
91,89,125,105.82264202867756,115.11788
91,90,125,99.32803711305276,99.169945
91,91,125,119.75844499701365,117.399025
91,92,125,114.76211836062261,107.77084
91,93,125,103.18331107593791,95.45331
91,94,125,103.79847390898118,100.26496
91,95,125,113.79338899659786,108.25286
91,96,125,119.68964150720346,129.9348
91,97,125,102.26556812574927,93.94385
91,98,125,105.62602335060146,105.208664
91,99,125,113.31777859633624,108.6721
91,100,125,102.19638190423518,97.40859
91,101,125,115.85324716622982,114.6656
91,102,125,114.55034607788257,116.69774
91,103,125,100.99812092275738,93.688416
91,104,125,95.26015962994911,93.02766
91,105,125,103.34419830100707,94.459946
91,106,125,100.76506077694239,110.72587
91,107,125,111.36558017408957,106.102
91,108,125,101.76960226740447,99.05352
91,109,125,69.07602142857141,75.03914
91,110,125,116.10118581377533,112.14161
91,111,125,105.48743400990566,110.15973
91,112,125,85.00009126984128,91.14065
91,113,125,101.08304398271743,93.018105
91,114,125,89.71167549369102,96.09032
91,115,125,94.77167491329715,91.24791
91,116,125,117.73199789187612,118.69141
91,117,125,112.53203940557154,107.661766
91,118,125,109.64832432001917,107.96176
91,119,125,102.33346895437117,105.76085
91,120,125,84.95677313390802,91.89457
91,121,125,91.86945818070824,100.38376
91,122,125,85.1836292732995,92.67271
91,123,125,109.03951217938742,102.91728
91,124,125,82.35261188734138,88.57189
91,125,125,64.34231481481486,60.74746
91,126,125,84.26672089947091,100.58811
91,127,125,102.37044012855897,111.76633
91,128,125,101.4004087542088,113.56455
91,129,125,103.76254541909412,98.637
91,130,125,98.23174890438774,102.12134
91,131,125,79.7998251008251,76.44811
91,132,125,97.6938477683742,102.59572
91,133,125,86.22465627256327,77.51268
91,134,125,89.19846825396829,96.52711
91,135,125,110.7292898349786,107.818115
91,136,125,71.58249206349207,65.10649
91,137,125,99.99776087830416,105.397736
91,138,125,108.19581004197197,106.372185
91,139,125,67.75226937441647,68.041435
91,140,125,93.27735600373407,90.45845
91,141,125,97.30538455063028,104.528534
91,142,125,84.90767367220595,80.15845
91,143,125,68.21480610021787,74.008705
91,144,125,66.4091111111111,65.10256
91,145,125,103.5094298941799,104.26789
91,146,125,67.63606349206349,71.66642
91,147,125,94.96770834040639,99.593994
91,148,124,72.6336229141229,72.29334
91,149,123,101.24394283065509,96.27041
91,150,122,79.80501711328692,74.903755
91,151,121,78.59653975573536,80.12397
91,152,120,91.59265734111227,88.18598
91,153,119,81.54679157155249,84.354126
91,154,118,80.31732010582014,71.01639
91,155,117,109.77803375493897,110.5713
91,156,116,88.92529653679657,70.59701
91,157,115,83.35164807852965,97.83018
91,158,114,69.4903412698413,68.1522
91,159,113,88.90483802308803,92.80425
91,160,112,84.90798141186299,91.24837
91,161,111,89.38178684859349,96.80577
91,162,110,74.46548280423278,79.25535
91,163,109,72.75793650793658,69.66328
91,164,108,57.18298340548343,67.52587
91,165,107,64.04384360162751,64.76853
91,166,106,110.68829384950365,103.06824
91,167,105,42.45363492063489,39.027588
91,168,104,51.35885317460317,43.68263
91,169,103,39.080349206349204,56.862774
91,170,102,80.203146004487,83.50496
91,171,101,61.86456868131871,72.06144
91,172,100,59.818882275132246,52.618565
91,173,99,79.07441353383454,75.212
91,174,98,71.54684666259668,69.97232
91,175,97,61.662452645502626,67.06514
91,176,96,51.81695543345544,52.067905
91,177,95,51.0625979076479,51.813557
91,178,94,63.86737034262037,71.704865
91,179,93,46.77258730158729,36.9165
91,180,92,60.49498280423275,47.449055
91,181,91,35.06396572871573,31.085945
91,182,90,52.63944322344318,50.537643
91,183,89,64.08119119769117,64.488594
91,184,88,92.62869477582258,83.19394
91,185,87,73.33299471606823,73.21044
91,186,86,58.521323232323255,52.52354
91,187,85,39.87351278191795,38.956635
91,188,84,51.49013583638585,51.50634
91,189,83,60.037921957671934,67.44494
91,190,82,62.7418658008658,47.43332
91,191,81,58.261497955747956,68.63932
91,192,80,53.184457671957695,57.256958
91,193,79,42.295983821733806,42.056187
91,194,78,55.553316137566085,60.779896
91,195,77,48.64398439601826,47.683186
91,196,76,57.30228676108323,54.5536
91,197,75,41.13877327078379,32.80335
91,198,74,46.62989568764571,56.09251
91,199,73,46.950235449735466,48.954712
91,200,72,41.002910413660395,37.351425
91,201,71,47.483149470899484,39.92042
91,202,70,53.154821548821566,61.642002
91,203,69,76.49605126984125,75.99617
91,204,68,48.76051551226552,46.911003
91,205,67,42.029277777777786,37.76627
91,206,66,40.3629428164428,31.749886
91,207,65,49.70359523809524,39.88421
91,208,64,33.483685145101816,31.148897
91,209,63,36.2491964886965,31.859287
91,210,62,33.77202958152958,27.746305
91,211,61,32.179183634448336,34.40918
91,212,60,45.6433959096459,34.59746
91,213,59,33.95163848188847,34.826546
91,214,58,48.492684676434656,45.087696
91,215,57,46.01731776556776,38.62203
91,216,56,23.7889246031746,25.115555
91,217,55,40.789203866395034,32.214424
91,218,54,41.188280525030535,38.300526
91,219,53,33.66082182376149,29.516977
91,220,52,30.73089947089947,29.264889
91,221,51,28.078433501683502,25.416124
91,222,50,40.03657589959062,37.46498
91,223,49,29.07242063492063,27.101933
91,224,48,26.70985541752933,28.405703
91,225,47,30.777077761851675,27.288195
91,226,46,17.319827431827438,16.47071
91,227,45,24.654337742041918,25.962856
91,228,44,26.2560341781874,24.354029
91,229,43,22.281781163281153,19.576664
91,230,42,21.03680663780663,21.974613
91,231,41,20.53235978835978,16.929487
91,232,40,32.94023677248678,30.1977
91,233,39,21.70242592592592,21.506413
91,234,38,27.55813227513229,30.826235
92,1,125,111.76256216066099,114.431656
92,2,125,122.19912560955699,121.113335
92,3,125,116.62515722923796,116.81445
92,4,125,113.83614873593426,121.54555
92,5,125,108.68530187494737,123.52783
92,6,125,100.10516802763001,108.33259
92,7,125,118.1458172767364,118.438446
92,8,125,119.62048203820052,119.76393
92,9,125,119.23041503769711,118.19335
92,10,125,120.2978118747386,116.65138
92,11,125,112.433535760346,116.92095
92,12,125,110.89340677654967,112.49698
92,13,125,117.713534081897,115.733635
92,14,125,111.72379188734912,107.890144
92,15,125,117.6404625968197,123.20997
92,16,125,114.44128518218356,110.15044
92,17,125,114.34264612462944,120.79331
92,18,125,108.05249363806199,108.98711
92,19,125,110.76672625104968,115.23448
92,20,125,114.06763466361416,123.03242
92,21,125,117.10996495399462,122.319885
92,22,125,118.95601611641767,126.64186
92,23,125,109.25785679162107,117.817276
92,24,125,85.25771062412413,88.05848
92,25,125,118.08116814624839,119.93569
92,26,125,120.93067974141229,122.62585
92,27,125,118.14179412565112,122.98437
92,28,125,118.98557442013717,123.185585
92,29,125,120.88238146103754,123.92682
92,30,125,109.81967884744357,109.204285
92,31,125,103.4989928265651,108.414375
92,32,125,118.47835720802574,120.873604
92,33,125,117.88910861337261,118.710144
92,34,125,94.82040017315738,97.06726
92,35,125,113.37453043668955,117.88326
92,36,125,119.75803587106034,121.92706
92,37,125,123.00937556960974,121.37957
92,38,125,114.27491125722177,114.864845
92,39,125,116.20393982708018,120.20415
92,40,125,113.55753060517287,113.850006
92,41,125,121.11310542338991,123.403
92,42,125,120.96530378585807,122.73765
92,43,125,117.248181373977,113.728386
92,44,125,86.88236526173975,96.79538
92,45,125,119.21381479593151,120.608696
92,46,124,117.64933216844814,118.69741
92,47,123,107.50751737743762,110.439354
92,48,122,106.4211177191235,100.206314
92,49,121,110.77608081377242,111.69684
92,50,120,112.45780660616404,115.46597
92,51,119,113.4791321793055,107.081116
92,52,118,116.24862972262719,119.11317
92,53,117,99.05842879653765,98.1889
92,54,116,116.78841356683061,121.21141
92,55,115,115.12746187252529,111.47128
92,56,114,113.74157111214691,122.72708
92,57,113,117.89749146467938,109.33878
92,58,112,102.22265321417552,91.19379
92,59,111,119.55697393546541,118.29188
92,60,110,107.24103368092186,105.88276
92,61,109,107.34636999945421,108.72718
92,62,108,115.1876878995246,113.73699
92,63,107,110.15724493069446,113.357544
92,64,106,102.7960808447612,113.86908
92,65,105,116.59698813344465,125.349434
92,66,104,112.86134304902271,125.54018
92,67,103,114.0247951669496,113.78312
92,68,102,108.49087091040228,103.82242
92,69,101,93.15489177489182,82.31178
92,70,100,99.18948418590355,105.06492
92,71,99,90.04808020683014,103.03362
92,72,98,118.89288750679067,122.438
92,73,97,102.84475055649145,108.43235
92,74,96,101.92473866356248,105.55399
92,75,95,83.541987873917,93.60952
92,76,94,109.60304915362426,111.78972
92,77,93,66.0983503764754,80.23889
92,78,92,98.37001469989706,94.09095
92,79,91,118.37797172789764,113.3678
92,80,90,111.01904180653874,106.489174
92,81,89,90.1092697945269,95.922005
92,82,88,103.89664106560639,113.18483
92,83,87,83.69643026660498,80.357605
92,84,86,111.33933277191036,109.80012
92,85,85,69.2999470899471,59.989784
92,86,84,82.29932561827414,84.62323
92,87,83,56.93146560846562,67.272644
92,88,82,100.81265664675237,107.69995
92,89,81,110.87871281703747,109.36733
92,90,80,111.07549634400274,106.64253
92,91,79,111.77138176183541,118.093094
92,92,78,89.58445375177813,85.74918
92,93,77,89.99231897970908,86.37396
92,94,76,98.27478461108112,106.256615
92,95,75,57.72830596255599,63.184597
92,96,74,74.99277573875402,78.64849
92,97,73,88.8423825396825,89.336945
92,98,72,93.72872082010191,91.13513
92,99,71,72.97373429533428,72.449
92,100,70,72.83283730158729,83.80218
92,101,69,74.15392063492068,87.73697
92,102,68,96.2401061710638,95.19296
92,103,67,64.75485411070412,54.84183
92,104,66,82.16409749730767,81.76644
92,105,65,112.47612057358373,109.81378
92,106,64,57.084549348799314,58.233196
92,107,63,49.92146739926739,47.28137
92,108,62,58.75981878306884,56.420197
92,109,61,93.36435496424178,83.51349
92,110,60,85.59178731544885,88.14003
92,111,59,51.44749837199838,44.341663
92,112,58,61.27383597883598,61.813408
92,113,57,97.58502631319585,100.355804
92,114,56,46.66691619981326,54.254826
92,115,55,84.24313093692764,87.101776
92,116,54,74.78732510822512,79.498024
92,117,53,49.017614939020135,47.135086
92,118,52,56.005060485810475,62.305107
92,119,51,56.198860509860495,52.336662
92,120,50,62.81425396825396,63.177933
92,121,49,48.75446007696007,43.645855
92,122,48,39.994416564916556,41.61728
92,123,47,40.60347747314414,36.66834
92,124,46,44.22243309033014,50.75674
92,125,45,61.244908730158734,57.361084
92,126,44,59.343840761090775,57.90004
92,127,43,39.077783520673215,41.241005
92,128,42,38.841826118326104,37.338932
92,129,41,41.475256132756144,41.001896
92,130,40,44.04642744332964,46.52059
92,131,39,37.01699765974766,33.475067
92,132,38,55.334630850630866,35.279438
92,133,37,34.90199999999998,30.010923
92,134,36,45.47969424638541,43.550762
92,135,35,46.314086580086595,45.82919
92,136,34,27.81036443116082,27.105034
92,137,33,28.03841666666669,27.05214
92,138,32,33.6841865079365,29.82473
92,139,31,49.27911772486774,53.37206
92,140,30,56.29320634920637,48.71604
92,141,29,34.20907467532468,33.57674
92,142,28,27.043653225806445,30.838058
92,143,27,35.28409523809522,35.666973
92,144,26,32.00364961944375,31.66201
92,145,25,31.128785714285712,29.342903
92,146,24,31.122737373737376,28.11542
92,147,23,20.60152373990531,20.307663
92,148,22,17.250268368205855,19.096825
92,149,21,17.658921236171235,14.873835
92,150,20,22.97677910052909,21.248045
93,1,125,118.72636915624773,115.35921
93,2,125,102.87547789248268,103.494385
93,3,125,100.87596697981061,106.70873
93,4,125,98.45188189577051,99.636665
93,5,125,96.4165317470075,104.62404
93,6,125,107.29763065581332,110.5848
93,7,125,114.23088364657696,111.40857
93,8,125,101.27078223037395,98.21613
93,9,125,107.37819664307669,110.98641
93,10,125,99.70282281523696,106.28797
93,11,125,100.6651789355434,105.417854
93,12,125,99.85560137085137,104.293045
93,13,125,107.97161817446288,109.939835
93,14,125,94.27620470509393,103.36428
93,15,125,107.50522282573198,109.83498
93,16,125,112.36754933226408,114.43833
93,17,125,95.20511530098602,90.69067
93,18,125,102.86928249933068,98.16767
93,19,125,108.15875424594809,110.20475
93,20,125,82.66022443224489,85.425964
93,21,125,96.38547611243192,104.2465
93,22,125,102.5126460757422,92.57067
93,23,125,110.34347071360104,113.373215
93,24,125,98.42642828784213,102.0722
93,25,125,103.78562448431143,101.951004
93,26,125,101.63865744538451,98.76905
93,27,125,97.05912598498286,98.64877
93,28,125,112.31727915535511,106.8532
93,29,125,95.33731394654947,95.41227
93,30,125,111.09178175358524,118.176735
93,31,125,113.66825857071085,106.55124
93,32,125,102.33734363696205,91.144295
93,33,125,113.00600043081884,111.81356
93,34,125,113.40496623671444,115.24561
93,35,125,97.29384435575086,106.46592
93,36,125,97.1053245143745,96.1236
93,37,125,106.93676738990892,114.28119
93,38,125,101.6775654546211,100.31599
93,39,125,106.84809236019794,107.74321
93,40,125,97.91964254635263,93.5518
93,41,125,105.63657784139473,108.682396
93,42,125,106.2496487760027,112.207436
93,43,125,105.22666635239025,100.65158
93,44,125,108.25086467862444,105.61111
93,45,125,107.67692435068665,112.72998
93,46,125,98.76592512704342,96.68936
93,47,125,113.96668622190074,113.07891
93,48,125,103.30018865767393,112.05049
93,49,125,107.13860100139185,110.71411
93,50,125,95.05073158285029,95.97708
93,51,125,103.90526748581644,96.11197
93,52,125,89.36561274630967,87.16783
93,53,125,87.07073253922167,94.420265
93,54,125,114.45275958741681,106.98984
93,55,125,105.13933239565364,110.481445
93,56,125,84.576209532455,89.52656
93,57,125,111.60768572950428,106.34179
93,58,125,108.98415117908748,108.97374
93,59,125,89.83962775696371,98.909515
93,60,125,113.75645841841086,109.2861
93,61,125,101.38981966874067,103.06463
93,62,125,97.34756725840512,113.85997
93,63,125,95.4630924737886,98.5572
93,64,125,89.07698960912636,98.83675
93,65,125,106.83768976533833,109.08124
93,66,125,104.97696435922457,108.29865
93,67,125,108.27230010421731,105.697754
93,68,125,94.33318508647612,102.377495
93,69,125,105.90412029918464,106.57753
93,70,125,79.62694125741427,80.02073
93,71,125,101.93177618250519,103.92886
93,72,125,104.96798748858976,98.97844
93,73,125,103.0188505888276,103.122765
93,74,125,84.67467805171407,109.216354
93,75,125,103.2594626249013,100.4209
93,76,125,99.77194782716201,98.59663
93,77,125,85.2425079365079,68.88785
93,78,125,104.54628055200128,100.4143
93,79,125,97.6675587226837,97.55965
93,80,125,97.50905879932131,92.81584
93,81,125,93.06100601323566,88.34294
93,82,125,102.81005589194942,98.74984
93,83,125,108.10935671995713,110.90785
93,84,125,94.86838653074392,94.52052
93,85,125,86.59168486143487,97.904366
93,86,125,82.95352003247007,85.927605
93,87,125,94.00507793321238,103.58836
93,88,125,112.58041981153151,107.84972
93,89,125,92.34078740864916,97.805244
93,90,125,95.45813591553956,107.687775
93,91,125,77.5309237936109,80.72988
93,92,125,74.23108862757665,75.588615
93,93,125,85.63584137413147,82.99512
93,94,125,67.3976877798128,68.24915
93,95,125,82.10442390161859,91.526535
93,96,125,87.68723791463408,83.280075
93,97,125,92.62891692109369,103.353455
93,98,125,88.69105296975557,84.62142
93,99,125,96.73148957141427,95.148026
93,100,125,89.60570993449167,100.12204
93,101,125,104.44674265132161,109.383415
93,102,125,101.27627201893962,99.36738
93,103,125,90.12759293487564,99.761475
93,104,125,91.39227091827215,84.595665
93,105,125,110.81273313730183,110.83187
93,106,125,102.91864314094342,96.57676
93,107,125,107.12426492604047,107.56784
93,108,125,86.41400061219457,84.91693
93,109,125,83.71679266528957,85.25213
93,110,125,108.01601388232872,105.812386
93,111,125,91.0570923868494,83.036896
93,112,125,91.54006061437966,87.727715
93,113,125,86.52625514863117,83.765114
93,114,125,94.15737403631651,82.958466
93,115,125,89.34086148784448,88.15976
93,116,125,94.950589852646,100.73385
93,117,125,79.23136830476653,82.97256
93,118,125,95.94528900821001,95.54559
93,119,125,98.41127409321561,105.21951
93,120,125,93.34443658106153,95.216644
93,121,125,81.23072472916085,77.59236
93,122,125,93.77187423995835,92.09244
93,123,125,83.11675456483938,78.88467
93,124,125,96.26434905614538,94.72989
93,125,125,99.5532563964295,101.72065
93,126,125,84.63808446758308,81.634415
93,127,125,95.68307805238197,92.818954
93,128,125,87.86799478539074,81.67877
93,129,125,78.25788095238094,88.29923
93,130,125,88.255619047619,89.19769
93,131,125,80.45729626600395,84.81874
93,132,125,90.27778774689362,94.71
93,133,125,94.6237512525479,90.83044
93,134,125,94.68572788183604,85.72179
93,135,125,85.50052380952383,94.53238
93,136,125,97.28841253464444,96.555244
93,137,125,100.51926198152503,101.24707
93,138,125,93.76325514012764,93.482574
93,139,125,88.0435265796983,92.39013
93,140,125,92.93415873015867,96.66417
93,141,125,79.01598317423318,74.94021
93,142,125,99.5978171578872,104.814095
93,143,125,100.72373877151205,84.88716
93,144,125,108.81793613482749,101.00044
93,145,125,84.69501694216095,82.36376
93,146,125,76.26530738216034,88.868614
93,147,125,79.02559523809525,70.42629
93,148,125,96.82350809878604,106.434616
93,149,125,90.42580684787508,97.57272
93,150,125,92.00598274865334,95.248146
93,151,125,88.38484670831367,78.14626
93,152,125,70.78988492984128,65.19572
93,153,125,86.86550529100528,110.72986
93,154,125,76.31992242662831,79.38455
93,155,125,86.02389499886236,78.388596
93,156,125,88.78904491817474,90.87111
93,157,125,99.03777861311858,104.23204
93,158,125,96.64382194298562,97.77227
93,159,125,70.51738932534325,79.11236
93,160,125,94.23434954278099,105.42717
93,161,125,102.59200443544299,97.01197
93,162,125,82.1097025409327,80.5598
93,163,125,94.41052452150164,104.212006
93,164,125,86.02563893371003,90.95793
93,165,125,76.8525673942062,74.13187
93,166,125,105.3452782056349,97.806526
93,167,125,73.76333393842172,69.05927
93,168,125,71.74488254395729,72.4317
93,169,125,80.64392827472358,81.776825
93,170,125,82.11266821831352,82.185616
93,171,125,81.10277131756396,88.408554
93,172,125,83.98929087732496,81.32367
93,173,125,83.74215494141058,83.23249
93,174,125,79.75885564204316,87.77903
93,175,125,77.26035416666664,65.8545
93,176,125,76.19741617641613,80.333786
93,177,125,82.85852522983554,85.28187
93,178,125,73.59849830169827,58.788956
93,179,125,82.50297751322748,80.92826
93,180,125,81.00717348392345,83.735115
93,181,125,85.8328844797178,83.20425
93,182,125,94.89367063492065,91.511925
93,183,125,79.89726984126985,84.79904
93,184,125,61.42608201058199,54.689846
93,185,125,68.93397916666666,62.134956
93,186,125,68.27066402116398,56.381752
93,187,125,92.89487446227498,90.83174
93,188,125,66.91747799422798,67.8105
93,189,125,85.39453929693828,85.01209
93,190,125,70.91802830223754,66.957375
93,191,125,80.1367606613257,77.7675
93,192,125,60.082373746623745,59.644905
93,193,125,63.783993386243466,63.831303
93,194,125,88.46081446144342,87.68266
93,195,125,67.45961147186149,61.141632
93,196,125,62.69845562770563,56.1333
93,197,125,65.7598650793651,73.90087
93,198,125,84.75991269841269,80.1185
93,199,125,60.42008862433867,60.483997
93,200,125,66.93729100529099,68.10081
93,201,125,62.5404693121693,66.91249
93,202,125,70.6327878038414,62.556923
93,203,125,53.22694363734193,53.262714
93,204,125,71.24749887638671,68.13401
93,205,124,80.42838114642413,79.76665
93,206,123,76.09163351951433,80.40921
93,207,122,52.654456857956866,51.923386
93,208,121,70.69260317460322,67.48522
93,209,120,64.88677439132788,69.10354
93,210,119,59.4174715007215,58.592487
93,211,118,58.134485524100675,55.370094
93,212,117,58.46435052910054,64.27393
93,213,116,53.13858597883598,50.428463
93,214,115,58.119100122100114,54.222427
93,215,114,51.86158685063676,52.655247
93,216,113,56.23222619047619,55.34982
93,217,112,56.4599755892256,45.10908
93,218,111,67.53087668465793,68.61957
93,219,110,58.00526022588524,59.05705
93,220,109,63.47574367697096,57.636784
93,221,108,54.79060317460319,48.958534
93,222,107,47.42935839777506,50.07348
93,223,106,47.09147685185187,44.98483
93,224,105,54.36901058201057,56.238003
93,225,104,64.32256565656566,50.635757
93,226,103,47.40418274318275,42.500633
93,227,102,47.87295238095238,51.444298
93,228,101,46.73279985754985,42.787304
93,229,100,62.60182539682537,45.858665
93,230,99,61.1145383597884,58.62668
93,231,98,46.97250579975579,44.20585
93,232,97,62.05883862433864,61.793167
93,233,96,40.1625105820106,41.172535
93,234,95,34.33119037786533,28.99653
93,235,94,41.073415804002764,36.538113
93,236,93,42.54045391255919,39.95371
93,237,92,44.41638040503558,40.60077
93,238,91,45.44302804443323,38.801846
93,239,90,42.526702821869485,35.211334
93,240,89,41.21487566137568,44.423508
93,241,88,50.213764069264066,45.313732
93,242,87,43.67009310134311,39.939816
93,243,86,38.259728835978855,35.506985
93,244,85,49.78527485860245,50.144863
94,1,125,103.98051344081787,102.17685
94,2,125,98.56074512572252,100.71926
94,3,125,103.10043785890159,112.18953
94,4,125,114.07586257041342,114.14146
94,5,125,99.06635369352139,101.76676
94,6,125,113.14885155896523,104.99797
94,7,125,104.47882697133382,105.539246
94,8,125,113.99335105745229,115.476006
94,9,125,107.15652402941521,111.71834
94,10,125,107.22101787374335,105.9868
94,11,125,109.56614430968868,109.37084
94,12,125,106.66418272943565,109.78176
94,13,125,106.25323756835245,105.63627
94,14,125,102.54782793658433,104.81275
94,15,125,98.77661528917056,102.1559
94,16,125,105.44339268184754,107.509056
94,17,125,115.16985242330053,105.73785
94,18,125,104.07775411385354,98.339966
94,19,125,108.44646717623651,109.64952
94,20,125,111.0106904463111,111.25792
94,21,125,111.38701175948775,109.145256
94,22,125,110.7720466690306,101.4441
94,23,125,105.21999166871753,104.53506
94,24,125,100.21895696805186,96.78753
94,25,125,108.08102019966434,106.375336
94,26,125,114.33962102840633,110.61757
94,27,125,105.81252310948624,114.86589
94,28,125,99.22926352326354,97.73835
94,29,125,112.08385491609319,108.43996
94,30,125,95.98985840874407,94.84699
94,31,125,112.63069302360627,109.24833
94,32,125,98.10035467247103,103.40762
94,33,125,102.25091296417615,102.75167
94,34,125,99.32487343659909,100.990295
94,35,125,108.16814074194815,90.52398
94,36,125,94.97308403402154,97.88971
94,37,125,98.8153182188879,97.61798
94,38,125,102.55332430522003,97.6078
94,39,125,106.61341181433285,107.36888
94,40,125,105.9481636566196,105.38552
94,41,125,106.34166335683867,110.82791
94,42,125,108.82480093714403,115.321884
94,43,125,111.83365949554495,108.245804
94,44,125,116.0867729660787,116.482086
94,45,125,108.57097542264817,107.70812
94,46,125,114.90024655987426,116.18976
94,47,125,104.1233961705412,112.154884
94,48,125,112.12008368196014,113.9692
94,49,125,102.59428024563353,94.76844
94,50,125,96.97474334047729,94.59522
94,51,125,100.7831025702056,108.82932
94,52,125,107.08128025514975,97.751274
94,53,125,111.35354754218133,111.6772
94,54,125,113.70217811038533,112.109825
94,55,125,102.17179249205066,104.704
94,56,125,107.90484573002344,98.95168
94,57,125,106.50386569754563,108.921555
94,58,125,105.5408150884945,104.67855
94,59,125,107.26152981040312,109.5919
94,60,125,106.4833384806772,98.561226
94,61,125,98.73859289249705,91.72874
94,62,125,110.54622663583905,108.594765
94,63,125,98.96075995452368,103.73755
94,64,124,103.26491399916121,110.33799
94,65,123,109.67716670563432,112.72481
94,66,122,105.71930081484676,108.39293
94,67,121,105.91347278875018,101.933495
94,68,120,94.37700695389961,91.32043
94,69,119,93.56186467369403,94.11942
94,70,118,100.8528143344999,101.86019
94,71,117,110.79736671974288,111.38511
94,72,116,100.7672443064182,109.65005
94,73,115,97.29507715226323,104.778534
94,74,114,100.46380615961138,101.709755
94,75,113,99.26577443491502,110.930374
94,76,112,98.59528742620766,103.60645
94,77,111,102.33821446509101,101.87889
94,78,110,100.32803212821405,101.84508
94,79,109,112.88102979827852,110.54989
94,80,108,91.77008308793626,89.91957
94,81,107,102.4320199686773,93.46492
94,82,106,112.49650715867516,108.08474
94,83,105,108.81310993589257,106.40646
94,84,104,103.09746508893292,94.07052
94,85,103,99.0484155030574,101.52767
94,86,102,101.09804172889173,95.03293
94,87,101,109.88092364041401,111.09126
94,88,100,91.47905316816976,89.77069
94,89,99,110.46283509092191,107.896194
94,90,98,95.60576846263386,90.778
94,91,97,108.91490843447784,114.647766
94,92,96,95.07824402235947,107.92732
94,93,95,94.48297335101145,92.57127
94,94,94,93.73103009472821,99.31318
94,95,93,100.52453263947328,87.66342
94,96,92,81.61581696081694,71.56359
94,97,91,103.2652060550214,98.061386
94,98,90,95.73880115185536,97.451454
94,99,89,105.34204767523505,104.05889
94,100,88,91.17316715180507,94.1562
94,101,87,101.75189289296394,104.291626
94,102,86,108.0192619047619,106.05204
94,103,85,88.70367768303487,102.541115
94,104,84,68.96731772935163,64.53406
94,105,83,76.48955158730158,68.05344
94,106,82,92.30069532631789,101.24036
94,107,81,94.16387045747588,99.36688
94,108,80,95.77617538590583,99.44877
94,109,79,90.00164839097451,95.58196
94,110,78,58.149942420347685,61.974022
94,111,77,90.38311019905314,83.4872
94,112,76,106.85298577802499,106.417435
94,113,75,99.20402797721118,101.36258
94,114,74,107.99178261656613,106.43224
94,115,73,75.96470956751283,64.49509
94,116,72,85.56821236341071,82.471306
94,117,71,86.00458762183541,87.195175
94,118,70,75.4418725071225,80.864746
94,119,69,95.13669203426468,97.16642
94,120,68,61.20631878306878,60.42664
94,121,67,72.73405331705331,75.98534
94,122,66,74.94610796219617,81.19533
94,123,65,98.10008749682761,87.37343
94,124,64,101.37152395727523,99.06684
94,125,63,78.24704357298478,72.05262
94,126,62,60.33592074983376,57.259476
94,127,61,96.8043655707035,89.60006
94,128,60,67.31567724867726,74.3842
94,129,59,75.58301434676432,72.3369
94,130,58,69.21634920634922,65.01283
94,131,57,53.20879212454213,64.40783
94,132,56,66.33084920634921,74.05506
94,133,55,51.247646270694645,45.143368
95,1,125,122.03421223486794,126.57355
95,2,125,117.33134627707506,122.66889
95,3,125,120.22570438940294,122.15636
95,4,125,117.186533603651,117.708824
95,5,125,115.850927854693,121.047035
95,6,125,119.40247262549396,119.56498
95,7,125,121.6613505374566,124.85734
95,8,125,123.73261342896814,123.322395
95,9,125,122.85777276381995,123.996704
95,10,125,120.46972877900295,120.63914
95,11,125,121.99720187396174,121.540825
95,12,125,123.10932504161453,124.33197
95,13,125,123.32068735422595,127.609764
95,14,125,122.93808307864568,122.748344
95,15,125,123.72424981488875,124.72423
95,16,125,115.50907944708874,116.283966
95,17,125,119.82129200364349,119.7401
95,18,125,121.33551771410656,121.51401
95,19,125,122.44943987105852,124.58568
95,20,125,120.56862658245656,122.861946
95,21,125,120.46693902587118,122.69305
95,22,125,123.83428808822032,125.35714
95,23,125,119.08497328062676,122.4626
95,24,125,113.73844331485324,116.72922
95,25,125,122.33777686598701,124.5225
95,26,125,122.4712098472918,127.51159
95,27,125,115.75145325801726,124.32911
95,28,125,121.69980433734308,121.541245
95,29,125,124.23694133391352,124.77378
95,30,125,118.30002769877751,119.03001
95,31,125,123.08329475686199,120.77854
95,32,125,121.61625659684803,125.94337
95,33,125,115.84834366805221,116.150406
95,34,125,123.25786423789808,122.28432
95,35,125,116.20009083554864,119.649475
95,36,125,122.24200143084855,125.43719
95,37,125,123.19884783540836,122.32419
95,38,125,121.7230471647954,118.45219
95,39,125,118.13567010232163,116.553215
95,40,125,119.98591929277337,119.79761
95,41,125,115.51583184366143,117.08082
95,42,125,120.62675187812961,115.13671
95,43,125,121.90523568502101,118.86709
95,44,125,118.37141797726792,124.73333
95,45,125,120.11507274833782,119.33311
95,46,125,122.84670482729618,124.360954
95,47,125,110.24309767461823,118.611824
95,48,125,122.48994523687172,122.28603
95,49,125,120.84476814696092,119.373566
95,50,125,117.66736469794012,112.44411
95,51,125,117.9277614901707,118.32255
95,52,125,121.18045432856731,118.38372
95,53,125,111.88854985711451,120.495285
95,54,125,119.13539229347617,122.70562
95,55,125,120.7622442675301,114.34805
95,56,125,119.75966017807147,118.05027
95,57,125,121.0629269536782,121.74871
95,58,125,119.43568577882108,120.39347
95,59,125,120.83031565944972,124.91678
95,60,125,122.16609511560586,121.48987
95,61,125,118.96620691145445,120.170555
95,62,125,121.3953478836905,121.39118
95,63,125,120.40236686595641,125.45169
95,64,125,118.7014462720676,120.62282
95,65,125,122.95343849515497,122.33021
95,66,125,119.72750066389573,119.818245
95,67,125,121.8182277939689,121.28225
95,68,125,120.48088516712288,123.6237
95,69,125,115.67376400849884,117.2841
95,70,125,115.64378893483108,126.42618
95,71,125,121.48095316921902,123.95953
95,72,125,122.83610306110316,118.50964
95,73,125,121.20108340062902,119.79464
95,74,125,122.0142813682962,118.42627
95,75,125,120.06903069873714,117.733826
95,76,125,118.9520541099571,119.202965
95,77,125,114.63502324761993,118.75482
95,78,125,115.25507850556217,116.47917
95,79,125,113.93393074109161,114.0786
95,80,125,116.89232079695024,118.21877
95,81,125,115.68103765807973,122.05222
95,82,125,119.94929305951364,114.23457
95,83,125,120.69210560324764,123.11367
95,84,125,117.76066713327182,124.69812
95,85,125,120.15636566950748,117.865555
95,86,125,109.94444261098974,121.51167
95,87,125,120.21745426005323,120.18858
95,88,125,114.51717318783898,113.54885
95,89,125,114.87603312112377,113.443924
96,1,125,123.55376592823343,124.13206
96,2,125,124.10735088435348,124.25371
96,3,125,120.92501968706442,123.70475
96,4,125,122.45959397506446,122.9191
96,5,125,123.4309940036398,121.65618
96,6,125,121.45771721128449,123.015434
96,7,125,121.08801643172808,121.82667
96,8,125,124.47520926384306,124.3381
96,9,125,124.23229738256349,125.463806
96,10,125,123.82364341704029,122.017204
96,11,125,123.88935003184224,124.9023
96,12,125,124.80294564029302,125.375824
96,13,125,122.09483695611908,122.12877
96,14,125,122.07917365384513,126.16533
96,15,125,124.57848821550706,125.59279
96,16,125,124.06270420528944,123.54937
96,17,125,117.91934325667123,116.36973
96,18,125,118.69298297359019,112.935844
96,19,125,119.03458636527944,120.68401
96,20,125,121.5691666318394,126.0667
96,21,125,121.03940196743939,120.74516
96,22,125,118.46401163056122,122.06299
96,23,125,121.7343654458443,121.175415
96,24,125,121.65516831073185,123.86597
96,25,125,122.02484274586249,121.62988
96,26,125,123.8327860244268,125.16262
96,27,125,114.46593368005271,113.29162
96,28,125,119.5881578597007,119.130974
96,29,125,120.14389299851447,120.45097
96,30,125,120.65687724544655,120.70596
96,31,125,120.19692732753511,117.051956
96,32,125,120.70605234736344,122.18902
96,33,125,122.19745412299493,123.1257
96,34,125,119.9909146054519,121.71223
96,35,125,121.31994868820341,119.978806
96,36,125,123.46218919617186,123.73058
96,37,125,124.2123963063355,125.58598
96,38,125,123.11757216125007,123.70205
96,39,125,124.44014610977426,125.08698
96,40,125,121.01317531506997,117.956764
96,41,125,115.7142805502677,117.71305
96,42,125,116.86165607356108,116.30388
96,43,125,116.01442406164477,116.07018
96,44,125,119.3226033328712,123.63725
96,45,125,124.12731996850334,126.118164
96,46,125,116.63793957063223,122.58727
96,47,125,119.77511822704795,121.090164
96,48,125,123.73057925915542,125.872604
96,49,125,118.69381706416789,121.94524
96,50,125,121.21352113539395,117.212616
96,51,125,107.45306219347835,111.16264
96,52,125,119.74469378244903,117.8203
96,53,125,122.41718588052036,123.560646
96,54,125,121.16798241510676,121.84919
96,55,125,121.53895658643283,119.06489
96,56,125,122.07651333880233,121.950584
96,57,125,107.97347387141566,110.319664
96,58,125,120.13110241932452,121.556755
96,59,125,117.44795011014423,121.48099
96,60,125,120.68145497911736,121.52144
96,61,125,122.07634457736012,121.769775
96,62,125,123.6442481871226,123.464554
96,63,125,123.93914640070199,123.5899
96,64,125,117.71572225777112,121.35676
96,65,125,121.44713343635621,121.82938
96,66,125,121.44752259427081,121.59673
96,67,125,116.77243107761036,121.68451
96,68,125,121.79053902058637,123.77804
96,69,125,120.03183320967396,123.913704
96,70,125,124.21647996684297,122.40681
96,71,125,116.76406828159168,117.86226
96,72,125,124.54955946803815,125.9187
96,73,125,122.12732939406375,122.25885
96,74,125,122.33999085331557,122.88091
96,75,125,120.27703536762436,121.28473
96,76,125,122.37593891836252,121.5795
96,77,125,117.44337893378096,115.95405
96,78,125,121.47597327522035,121.53676
96,79,125,118.85963848741301,119.571754
96,80,125,111.6755596982532,112.501724
96,81,125,117.5986291193822,121.74242
96,82,125,114.07054052372092,117.76852
96,83,125,116.17807782313284,119.28393
96,84,125,117.94162819900929,117.560265
96,85,125,114.01081480950265,115.87325
96,86,125,116.72335672000712,115.16111
96,87,125,121.52154681225339,121.25966
96,88,125,114.53046378227276,113.0217
96,89,125,120.94537611319991,119.36627
96,90,125,108.61963290475377,109.85383
96,91,125,114.80225867977335,113.8122
96,92,125,123.406681736761,121.70721
96,93,125,122.54267688389577,124.23729
96,94,125,113.16353210969292,111.62899
96,95,125,116.53718098509101,120.30327
96,96,125,103.62719551247874,104.43966
96,97,125,122.55305299751487,122.91928
97,1,125,118.77278263002961,114.49403
97,2,125,120.49594360553293,119.93733
97,3,125,124.3284123480643,125.91134
97,4,125,109.7658667751134,113.18288
97,5,125,123.72307318581903,121.529205
97,6,125,116.23916945366511,120.36091
97,7,125,109.92361578381882,117.11288
97,8,125,123.76135145444572,121.05519
97,9,125,119.82704308044471,119.271194
97,10,125,118.65679778100488,119.69144
97,11,125,118.38955602054232,120.33094
97,12,125,118.93704248622545,115.43884
97,13,125,119.3133616901736,115.101906
97,14,125,123.87643902821112,121.26029
97,15,125,122.31356974997409,124.02188
97,16,125,119.53550898115203,115.450485
97,17,125,116.23463215159448,116.18844
97,18,125,121.86210787629813,121.500046
97,19,125,123.27351643510636,123.22722
97,20,125,113.33542847703092,115.70292
97,21,125,119.26904359303654,117.45264
97,22,125,116.23590725838636,116.051956
97,23,125,120.45559056737548,119.38915
97,24,125,119.73484586356217,118.50687
97,25,125,119.03710883454131,121.40173
97,26,125,121.99381162315073,122.65291
97,27,125,118.08893308680287,116.605804
97,28,125,117.71297638637424,116.55963
97,29,125,121.85691789051597,121.30226
97,30,125,111.34581024058052,113.94287
97,31,125,117.23349871253525,116.28632
97,32,125,116.330820462654,116.07742
97,33,125,118.2636914521164,115.406006
97,34,125,117.81975056743647,119.42155
97,35,125,120.79688708000889,121.34408
97,36,125,119.7245002063424,116.56659
97,37,125,94.5173293650793,100.09829
97,38,125,120.05670178598412,121.43915
97,39,125,118.28776638300782,118.420654
97,40,125,115.98205212408817,116.327805
97,41,125,116.23323147597134,115.18581
97,42,125,118.23808154494938,117.8677
97,43,125,121.28834680082352,120.68893
97,44,125,123.00879683752146,125.24653
97,45,125,114.49379241345001,116.79479
97,46,125,122.16751318349418,119.034935
97,47,125,118.90775642887398,122.18061
97,48,125,106.13096692624552,112.36132
97,49,125,116.04141548086072,117.65425
97,50,125,117.34784276701862,120.626816
97,51,125,105.64036275996575,106.62367
97,52,125,115.58169173897421,118.971924
97,53,125,118.39498889535842,116.69851
97,54,125,117.04030148775145,114.45791
97,55,125,122.41468873306093,121.00853
97,56,125,115.53231091918327,114.10872
97,57,125,114.24903372736509,118.98886
97,58,125,110.45729733189938,112.707436
97,59,125,113.8806018840967,116.91119
97,60,125,114.92534846178275,115.13323
97,61,125,112.24731898678118,109.55241
97,62,125,116.88953338670886,115.345924
97,63,125,109.27185673024398,113.88132
97,64,125,113.95535328988822,115.3334
97,65,125,121.224082714146,121.367294
97,66,125,120.24671905834424,116.334595
97,67,125,115.864361195245,117.182335
97,68,125,111.25032787524901,108.57895
97,69,125,115.01177298902927,114.859276
97,70,125,123.5759850708332,122.14629
97,71,125,99.89757992582132,99.500084
97,72,125,119.13645975004383,119.56156
97,73,125,111.13149050899192,106.80003
97,74,125,113.189,114.34098
97,75,125,105.80137339544518,111.08379
97,76,125,121.56060759831644,120.90323
97,77,125,111.50206393675302,115.78696
97,78,125,115.33853666966267,112.53026
97,79,125,117.4021612717974,115.31447
97,80,125,117.59219210459557,115.2458
97,81,125,107.82164417248207,108.16351
97,82,125,109.65841606368534,109.53077
97,83,125,115.57257047728604,114.57062
97,84,125,100.49855945419102,101.664986
97,85,125,103.35692197221805,101.792854
97,86,125,117.43697719858545,121.289246
97,87,125,112.57493176049412,112.716675
97,88,125,99.52969682393656,105.479996
97,89,125,118.51301258401107,118.23282
97,90,125,118.95560101230285,123.068184
97,91,125,105.2897976322256,103.1534
97,92,124,105.23210612069435,109.181564
97,93,123,120.40324297709374,117.341736
97,94,122,104.21111295475984,101.22419
97,95,121,115.8932791785811,114.79385
97,96,120,104.50831485878223,112.35001
97,97,119,100.57841241691341,100.14532
97,98,118,96.69983333333332,108.99157
97,99,117,102.63860232314394,106.83502
97,100,116,108.3274874910639,110.904045
97,101,115,111.40573769577219,111.70825
97,102,114,109.93292682043648,106.04586
97,103,113,99.07856926406926,105.281944
97,104,112,88.5813637566138,89.717834
97,105,111,112.79243842122382,115.37457
97,106,110,113.11195779300193,113.763954
97,107,109,110.42522071299199,108.93841
97,108,108,100.05511511305147,104.40854
97,109,107,99.75769708994709,95.685936
97,110,106,110.85113681549905,110.44014
97,111,105,98.63313888888892,103.03289
97,112,104,106.06759525874432,104.47812
97,113,103,106.48892546519468,105.61893
97,114,102,108.94154313136274,107.16274
97,115,101,104.48413222468247,103.61975
97,116,100,98.54664769119775,95.35675
97,117,99,106.20200446478916,107.14624
97,118,98,110.34664656799752,110.50552
97,119,97,98.6335925925926,94.221634
97,120,96,96.28795180113251,101.42296
97,121,95,92.09134011887583,93.78394
97,122,94,90.98989514189519,93.36294
97,123,93,99.50128607503612,98.93207
97,124,92,108.87403811880131,113.09829
97,125,91,83.52946584896587,84.6673
97,126,90,101.91204070545842,99.229805
97,127,89,96.34499279655003,87.84928
97,128,88,91.88206309523812,91.45852
97,129,87,97.10712566137569,83.56288
97,130,86,100.42122229266623,95.0487
97,131,85,100.09734656084659,95.53918
97,132,84,84.27441173641174,88.85438
97,133,83,82.82783730158722,79.711494
97,134,82,76.42153088414852,77.304726
98,1,125,112.87544803311563,115.47214
98,2,125,111.98381449123362,106.512436
98,3,125,116.3605252254975,113.51302
98,4,125,110.84083963373484,113.6777
98,5,125,109.49488763806852,109.28737
98,6,125,114.4732416260146,112.5172
98,7,125,107.95620821111422,108.263596
98,8,125,108.43971119063906,109.89821
98,9,125,113.6465207740917,116.62147
98,10,125,115.16572137374234,114.06536
98,11,125,110.2800766583969,109.02065
98,12,125,110.67211293115608,115.30422
98,13,125,121.1419774116868,119.217834
98,14,125,116.29336495421667,121.01131
98,15,125,113.88192149898197,120.10154
98,16,125,107.22094476208886,113.77195
98,17,125,115.62181273584933,118.135735
98,18,125,114.96771605225891,119.193726
98,19,125,115.33186737337572,117.15676
98,20,125,116.61436916045105,117.58549
98,21,125,109.94139067468268,114.489365
98,22,125,114.63094563683066,109.187256
98,23,125,113.62617753995929,115.13014
98,24,125,111.74784192205111,110.87464
98,25,125,110.19864782002313,113.31779
98,26,125,114.79980696197102,111.97417
98,27,125,113.63536593330488,112.07815
98,28,125,118.45568883056272,119.28281
98,29,125,112.79602746749086,114.14168
98,30,125,119.62425428474208,118.54148
98,31,125,105.10173578569228,104.090614
98,32,125,108.68949487688691,114.22056
98,33,125,102.35913492063492,103.80291
98,34,125,114.46032200378802,112.285034
98,35,125,117.97664086141533,117.22071
98,36,125,118.49264090989654,117.67187
98,37,125,113.09092170777416,117.01119
98,38,125,112.8410883843465,111.693344
98,39,125,116.37697519229496,117.25311
98,40,125,113.80948557399005,117.44365
98,41,125,110.2968479744888,109.00889
98,42,125,111.92982482459702,111.03972
98,43,125,110.13743287075663,111.67624
98,44,125,114.67496935136121,118.29607
98,45,125,110.27948727173799,110.440056
98,46,125,114.43094647600648,114.47418
98,47,125,107.66656168415315,108.43568
98,48,125,109.28159242340347,112.57111
98,49,125,106.21862343511098,108.40278
98,50,125,96.74722015637684,97.95104
98,51,125,101.82899737370137,102.3254
98,52,125,98.34189174713462,105.95446
98,53,125,102.22941133348287,109.11835
98,54,125,108.01452151259518,105.93491
98,55,125,107.82306431421576,109.67535
98,56,124,101.94095604988226,99.86046
98,57,123,111.38990049890177,111.02851
98,58,122,102.54506668087434,93.13725
98,59,121,110.53218009446772,104.0529
98,60,120,110.12023093153192,107.73155
98,61,119,91.86287648552091,98.76671
98,62,118,113.95840768506501,109.7047
98,63,117,103.08575431122641,89.706184
98,64,116,99.66115493655197,94.991585
98,65,115,106.95304852113321,109.35543
98,66,114,101.80501116794208,101.30724
98,67,113,94.41814198350772,93.05715
98,68,112,114.04137244218174,112.44123
98,69,111,116.44169618798061,120.69522
98,70,110,112.23602666552925,117.25468
98,71,109,98.86670420520723,107.196526
98,72,108,96.19406727970178,96.46965
98,73,107,108.79830921618989,108.00075
98,74,106,101.37911070896675,98.782875
98,75,105,109.33715569414414,116.25018
98,76,104,110.30122495196997,110.4166
98,77,103,96.8679616420687,92.54261
98,78,102,90.24519253806392,92.74272
98,79,101,85.57379304029305,91.34679
98,80,100,93.39064425812,92.42257
98,81,99,103.13988762357576,110.88724
98,82,98,101.92358916537223,102.23991
98,83,97,105.52756489447259,103.17418
98,84,96,112.69628734974215,104.26206
98,85,95,97.0282907967295,94.77872
98,86,94,103.08008780960934,95.27162
98,87,93,91.60641502015449,71.80823
98,88,92,95.58291295592736,101.87036
98,89,91,103.25577806880166,105.457375
98,90,90,96.15880190172703,98.08466
98,91,89,94.8968310601193,100.61266
98,92,88,103.64553322086766,103.1655
98,93,87,102.18251708540848,95.27207
98,94,86,107.39955068297914,108.979256
98,95,85,94.71752904890131,95.30894
98,96,84,77.29457287157288,83.29294
98,97,83,108.28645137387987,116.59894
98,98,82,96.14855693749487,94.52637
98,99,81,97.73828554033297,97.18023
98,100,80,100.80087879032202,106.2933
98,101,79,93.25864638287433,99.87244
98,102,78,104.67368001845763,107.27097
98,103,77,77.09743457468457,83.8765
98,104,76,81.17636932657646,82.85092
98,105,75,100.97097284982708,109.3679
98,106,74,78.90805964501182,85.08878
98,107,73,90.4848477655071,94.319595
98,108,72,100.48469131213106,93.98377
98,109,71,93.48372118830989,94.314
98,110,70,68.16106213455826,68.18302
98,111,69,102.9666018230485,103.41473
98,112,68,77.68099216752978,87.542404
98,113,67,97.03969480232406,82.20437
98,114,66,96.788702531977,104.83728
98,115,65,89.43838090123585,88.862915
98,116,64,105.70895144697046,101.177574
98,117,63,90.03794393776339,94.32191
98,118,62,77.3084949887574,78.82412
98,119,61,80.18787961967118,82.880844
98,120,60,87.07983465461932,89.45191
98,121,59,81.59321158392434,83.371376
99,1,125,122.94031957321687,125.11596
99,2,125,119.15017033403652,121.17176
99,3,125,124.2543390925059,126.15265
99,4,125,118.09231156394759,124.53643
99,5,125,124.35854793349381,124.47441
99,6,125,124.78113086950039,124.55306
99,7,125,122.38414070820865,121.51656
99,8,125,124.21168921418003,121.652466
99,9,125,124.26037576567916,125.45034
99,10,125,124.04409826487674,126.247475
99,11,125,117.87319725644132,120.29185
99,12,125,124.68945099937659,127.34598
99,13,125,123.96486297099707,123.711525
99,14,125,123.46500126295696,124.880905
99,15,125,123.79154280893667,123.97161
99,16,125,121.73992601768293,124.104
99,17,125,124.12894991557049,123.16581
99,18,125,124.50027660176546,124.63096
99,19,125,122.54512978840617,121.4683
99,20,125,124.76189500733476,124.72053
99,21,125,122.7463075899341,121.212814
99,22,125,119.96020825755994,120.727715
99,23,125,124.60208696020085,126.182396
99,24,125,124.57976512675947,124.71804
99,25,125,124.16367931145706,126.65625
99,26,125,119.89026697442185,118.9374
99,27,125,123.18467832680777,124.57814
99,28,125,124.91187062173886,125.49606
99,29,125,119.78823993760622,124.7331
99,30,125,122.95801528725572,123.9899
99,31,125,123.40763103237808,125.0379
99,32,125,124.25495304304104,123.42963
99,33,125,123.18780496842311,123.33183
99,34,125,122.6393195273496,122.72414
99,35,125,119.95095644400455,122.59197
99,36,125,124.23012199884938,123.293884
99,37,125,123.62761715515808,125.765976
99,38,125,122.5498724728986,125.115486
99,39,125,118.19970335751148,121.803314
99,40,125,121.49932919303274,123.908905
99,41,125,122.17477268491052,126.82819
99,42,125,123.29704557859166,124.17822
99,43,125,124.7728172257694,126.17875
99,44,125,121.69715633619863,122.64767
99,45,125,123.21438811073862,125.68471
99,46,125,122.28558765961934,123.68434
99,47,125,122.2257528479235,124.27266
99,48,125,120.67997237918823,123.44734
99,49,125,123.34087563985287,123.73369
99,50,125,123.67364123898379,124.81008
99,51,125,123.33623303410113,123.96262
99,52,125,124.65337271877148,127.07032
99,53,125,122.57185211455624,122.63173
99,54,125,122.11393397212402,123.09999
99,55,125,124.14061302145964,124.119194
99,56,125,124.84978422725042,125.31979
99,57,125,120.69559866494266,116.51571
99,58,125,124.43970809768888,123.188
99,59,125,124.02881575101601,125.00986
99,60,125,123.36171443287544,121.876495
99,61,125,121.43157628859282,121.67117
99,62,125,124.38211511584446,122.64436
99,63,125,121.49112093418084,123.08537
99,64,125,123.10876769942709,123.345
99,65,125,120.11215769775927,124.6655
99,66,125,123.34018768417091,122.79379
99,67,125,117.72337914902964,121.27768
99,68,125,124.34639891468423,125.306244
99,69,125,122.31395260445197,124.52316
99,70,125,124.44904508191483,123.72875
99,71,125,124.39554736153137,125.544266
99,72,125,122.12276367291211,122.94828
99,73,125,119.65666224605023,123.4215
99,74,125,124.12878455091335,124.28718
99,75,125,122.67815189020958,125.09667
99,76,125,119.86195032004662,122.53953
99,77,125,120.39853295055322,119.80324
99,78,125,123.40116777876206,124.37759
99,79,125,123.58446571313401,123.46934
99,80,125,123.01053220069339,122.367546
99,81,125,117.79503816904672,123.4627
99,82,125,116.42026653882412,118.76704
99,83,125,124.00011297557188,123.851944
99,84,125,122.3046630016372,121.0185
99,85,125,122.44309462199466,122.117226
99,86,125,124.66123363877938,126.10476
99,87,125,119.02371155575922,118.852585
99,88,125,124.12526367067531,123.22028
99,89,125,121.86820427821925,122.64781
99,90,124,123.36918268500878,124.49258
99,91,123,117.15148850053568,120.494896
99,92,122,120.68120666857801,124.731155
99,93,121,121.67922202550935,120.75692
99,94,120,122.38115682288195,119.96893
99,95,119,105.80214018228153,111.61382
99,96,118,120.33994387198574,122.11373
99,97,117,121.32690901852749,121.7482
100,1,125,120.889271812503,120.20797
100,2,125,119.45187313093646,119.86855
100,3,125,124.34170877134235,120.085014
100,4,125,122.94594250620979,121.907715
100,5,125,122.30762867548579,123.127045
100,6,125,122.2336791811476,122.15056
100,7,125,123.17315397834115,121.877174
100,8,125,122.39133292869612,120.843864
100,9,125,120.11216926711323,124.42453
100,10,125,122.52163919064765,123.5928
100,11,125,123.94371014965296,124.98313
100,12,125,118.99683527936371,120.06711
100,13,125,113.98322926389034,115.52233
100,14,125,114.88589346525768,119.02191
100,15,125,118.57134170501568,119.94736
100,16,125,116.25777546699454,119.076126
100,17,125,123.48289592360152,121.95413
100,18,125,122.45944118263714,123.90357
100,19,125,124.14505834949907,121.87492
100,20,125,124.89973387393252,124.50397
100,21,125,116.84650449274966,126.0163
100,22,125,121.87128990560343,123.61953
100,23,125,119.04635470051505,118.68326
100,24,125,123.81427299257234,124.578
100,25,125,120.07626584796316,121.0092
100,26,125,122.70047206200965,122.12726
100,27,125,120.23009590506214,120.212494
100,28,125,119.27483996770403,123.23255
100,29,125,122.5485295597571,122.27748
100,30,125,124.48865068848438,123.34402
100,31,125,124.39462166681098,123.159935
100,32,125,117.8923522229129,118.82285
100,33,125,121.37185415762171,121.635086
100,34,125,115.0148498645627,118.16261
100,35,125,121.66546769618068,121.90928
100,36,125,120.76906384606906,118.39477
100,37,125,119.01674182329198,120.63293
100,38,125,121.17951657827345,120.27003
100,39,125,124.86515929520296,125.96445
100,40,125,124.41335518623065,126.70954
100,41,125,114.88001160590751,121.211426
100,42,125,124.68690333244304,123.52497
100,43,125,123.6570012432854,123.42008
100,44,125,119.71412035432829,119.55348
100,45,125,120.47132450265555,121.37697
100,46,125,118.74008825888144,118.67782
100,47,125,122.14326329195418,121.53331
100,48,125,121.4228421409094,122.234886
100,49,125,122.20242577310775,118.67719
100,50,125,117.0957301798432,115.743744
100,51,125,124.94094106490593,124.90025
100,52,125,120.69143686147456,120.017426
100,53,125,116.27211556271199,119.18965
100,54,125,122.61358202702914,122.99051
100,55,125,121.7259304085087,122.21468
100,56,125,121.85655813770678,121.84299
100,57,125,121.68806611397729,121.852585
100,58,125,116.65690862174752,117.89497
100,59,125,116.57844848474414,119.46453
100,60,125,115.28748689432669,116.83016
100,61,125,106.77096582223584,116.56361
100,62,125,120.79947413636319,119.467476
100,63,125,115.20023835852184,113.67387
100,64,125,121.03621817771062,116.391396
100,65,125,121.18910670314403,122.205345
100,66,125,123.34524807075017,124.94656
100,67,125,122.17811033531412,121.04132
100,68,125,114.01138164601396,119.87935
100,69,125,118.57865134926557,118.40835
100,70,125,111.39016626106097,119.49492
100,71,125,113.06184407959348,114.382256
100,72,125,117.19273173701986,112.44397
100,73,125,123.9048647769937,122.288635
100,74,125,115.4462951161615,117.8242
100,75,125,119.4943115064048,124.2957
100,76,125,115.32879250399313,119.30198
100,77,125,109.87043645656803,114.22736
100,78,125,118.96221211942597,118.000305
100,79,125,113.75307098211842,116.38818
100,80,125,122.36749977567796,121.76964
100,81,125,119.1683674911753,122.16947
100,82,125,123.49665019464254,122.85494
100,83,125,123.86993557646255,125.042946
100,84,125,124.25630958919474,122.30254
100,85,125,121.39418646515017,121.49732
100,86,125,114.11673013864808,116.84695
100,87,125,110.77203709256409,115.21053
100,88,125,113.70236965189837,120.844696
100,89,125,114.41156242184002,114.07047
100,90,125,120.66818637099144,120.29102
100,91,125,122.768208445178,119.96991
100,92,125,124.14141290250234,122.29428
100,93,125,106.90382736253113,112.17473
100,94,124,109.43610980021603,116.84737
100,95,123,112.53942916118945,107.92659
100,96,122,111.24632629150629,112.32522
100,97,121,114.76510201993287,111.585365
100,98,120,121.91056216377675,121.86751
100,99,119,115.35809982829964,116.13628
100,100,118,118.02599395679482,116.594955
100,101,117,116.43410409307076,123.70875
100,102,116,116.71174925661876,118.52413
100,103,115,112.84337200119317,111.32378
100,104,114,117.32852000599065,116.21498
100,105,113,120.61196847006383,118.368996
100,106,112,116.8495234007527,114.37192
100,107,111,109.59069830337117,109.74055
100,108,110,113.96209009966461,113.048416
100,109,109,105.91987392532383,104.67252
100,110,108,111.38147826038956,108.073784
100,111,107,117.17254603291478,119.53872
100,112,106,113.17956924748103,117.72874
100,113,105,110.64989103854411,108.63294
100,114,104,113.71302609514302,110.82184
100,115,103,111.1647135414299,110.03785
100,116,102,107.29584482109529,108.40352
100,117,101,121.83449001557254,121.07623
100,118,100,114.67047602156495,114.96118
100,119,99,106.81136938163569,109.90057
100,120,98,107.34258545697405,104.41877
100,121,97,107.74027287830847,110.09528
100,122,96,117.13929377604087,116.38706
100,123,95,112.93891007427267,109.11655
100,124,94,109.74940596557236,112.52136
100,125,93,95.8796135531136,96.21685
100,126,92,95.25905847320323,99.51285
100,127,91,105.87331265842175,111.25269
100,128,90,106.52695182959465,107.20702
100,129,89,100.16404174362586,98.1466
100,130,88,98.45991931216928,102.90676
100,131,87,95.18198355094725,100.55423
100,132,86,94.34247089947088,93.09752
100,133,85,101.78100000000003,99.105934
100,134,84,105.70411632537672,107.379036
100,135,83,99.87041519767826,104.634384
100,136,82,105.25993918384721,102.28191
100,137,81,100.29640476190477,106.26438
100,138,80,96.68319533963978,101.32706
100,139,79,94.70143099000762,94.11276
100,140,78,109.60014285714283,111.71062
100,141,77,88.71213756613761,89.76091
100,142,76,103.56923715661915,98.3527
100,143,75,89.8279708994709,88.43611
100,144,74,84.26015343915338,80.97767
100,145,73,78.37011640211641,75.8897
100,146,72,95.58589682539683,96.71859
100,147,71,83.11932936507938,77.118744
100,148,70,90.62428442379665,93.590126
100,149,69,80.69054365079366,82.08825
100,150,68,82.88662359098231,76.806694
100,151,67,63.84112830687828,60.55124
100,152,66,68.28875529100527,69.04801
100,153,65,73.92715343915341,80.146255
100,154,64,74.14322354497355,75.84892
100,155,63,57.91570238095237,59.50602
100,156,62,78.94935185185184,81.65092
100,157,61,71.8709417989418,70.19956
100,158,60,61.20955555555556,67.592255
100,159,59,71.18393253968253,72.89081
100,160,58,69.3952522847523,68.26541
100,161,57,62.151775132275134,56.697346
100,162,56,59.55409788359787,55.26518
100,163,55,53.955378306878295,56.00118
100,164,54,60.31396957671957,53.683254
100,165,53,52.697451058201054,52.055786
100,166,52,52.18817857142853,55.747765
100,167,51,44.13979365079365,39.057148
100,168,50,49.53070502645503,49.15604
100,169,49,52.858589947089946,52.100826
100,170,48,43.28561904761903,46.448635
100,171,47,42.630007936507916,45.942253
100,172,46,44.540119047619044,49.368294
100,173,45,44.18259523809525,40.111805
100,174,44,48.08438949013947,50.5521
100,175,43,48.11254930254929,50.05151
100,176,42,39.719603174603186,36.23478
100,177,41,31.751201058201058,40.25337
100,178,40,36.93357936507937,40.670483
100,179,39,39.18676322751323,40.694397
100,180,38,33.55526190476189,43.1118
100,181,37,38.28590343915342,46.251163
100,182,36,34.34002777777777,35.37494
100,183,35,34.543042087542105,37.23265
100,184,34,27.664957671957673,26.928324
100,185,33,28.125914021164025,23.113113
100,186,32,30.487892857142846,27.347902
100,187,31,25.61591005291005,32.220924
100,188,30,30.433142857142855,34.703068
100,189,29,24.243906084656086,31.665424
100,190,28,22.970284391534403,21.013521
100,191,27,25.543146825396814,27.914333
100,192,26,22.035364117364118,25.993155
100,193,25,24.940101851851843,24.132998
100,194,24,21.9812328042328,20.115807
100,195,23,21.211333333333336,20.681744
100,196,22,24.787503968253947,28.55489
100,197,21,19.31623015873016,20.097643
100,198,20,15.587345238095244,15.19356
